Extraction [ img/s3/dil3.jpg ] effectuee 2026-05-21 17:15:47.369035
Calibration: -0.4054974679725289*x + 757.6124327252791 [largueur 2543 + 998]

pixel, longueur d'onde, intensite, r, g, b
0, 757.6124327252791, 27.70955168539326, 49.20224719101124, 17.741573033707866, 22.707865168539325
1, 757.2069352573066, 28.28327752808989, 51.04494382022472, 17.584269662921347, 23.719101123595507
2, 756.801437789334, 29.13418314606742, 52.10112359550562, 18.325842696629213, 24.59550561797753
3, 756.3959403213614, 29.498047191011242, 53.235955056179776, 18.269662921348313, 25.10112359550562
4, 755.9904428533889, 29.548475280898877, 53.449438202247194, 18.235955056179776, 25.15730337078652
5, 755.5849453854164, 30.101135955056183, 55.04494382022472, 18.247191011235955, 25.764044943820224
6, 755.1794479174439, 29.979008988764026, 55.19101123595506, 17.98876404494382, 25.640449438202246
7, 754.7739504494714, 30.23721235955056, 56.97752808988764, 17.43820224719101, 26.0561797752809
8, 754.3684529814989, 29.90913707865168, 56.943820224719104, 16.96629213483146, 25.696629213483146
9, 753.9629555135263, 31.162183146067413, 59.853932584269664, 17.280898876404493, 27.43820224719101
10, 753.5574580455537, 30.920005617977516, 60.056179775280896, 16.808988764044944, 27.213483146067414
11, 753.1519605775812, 31.056734831460687, 61.640449438202246, 16.134831460674157, 27.730337078651687
12, 752.7464631096087, 31.018861797752802, 62.056179775280896, 15.865168539325843, 27.696629213483146
13, 752.3409656416362, 31.814052808988762, 64.19101123595506, 15.98876404494382, 28.43820224719101
14, 751.9354681736637, 32.382132584269684, 65.07865168539325, 16.39325842696629, 29.01123595505618
15, 751.5299707056911, 33.3477988764045, 67.06741573033707, 16.831460674157302, 30.01123595505618
16, 751.1244732377186, 31.26847640449437, 65.57303370786516, 14.44943820224719, 27.95505617977528
17, 750.7189757697461, 32.45489550561796, 68.34831460674157, 14.797752808988765, 29.292134831460675
18, 750.3134783017736, 32.23915393258426, 68.79775280898876, 14.247191011235955, 29.0561797752809
19, 749.907980833801, 33.138762921348324, 70.79775280898876, 14.595505617977528, 29.910112359550563
20, 749.5024833658285, 33.440066292134844, 71.80898876404494, 14.539325842696629, 30.191011235955056
21, 749.0969858978559, 33.18553932584268, 72.69662921348315, 13.797752808988765, 29.44943820224719
22, 748.6914884298834, 33.39952584269663, 73.61797752808988, 13.651685393258427, 29.662921348314608
23, 748.2859909619109, 34.117908988764036, 75.74157303370787, 13.674157303370787, 30.280898876404493
24, 747.8804934939384, 33.05266516853933, 75.25842696629213, 12.325842696629213, 29.146067415730336
25, 747.4749960259659, 34.765738202247185, 78.12359550561797, 13.51685393258427, 30.528089887640448
26, 747.0694985579933, 34.47478202247189, 78.58426966292134, 12.865168539325843, 30.123595505617978
27, 746.6640010900207, 35.494464044943804, 80.86516853932584, 13.303370786516854, 30.831460674157302
28, 746.2585036220482, 34.889452808988764, 81.31460674157303, 12.157303370786517, 30.247191011235955
29, 745.8530061540757, 35.64540000000001, 83.30337078651685, 12.314606741573034, 30.853932584269664
30, 745.4475086861032, 35.27450224719102, 83.85393258426966, 11.48314606741573, 30.43820224719101
31, 745.0420112181307, 36.318261797752804, 86.25842696629213, 11.842696629213483, 31.43820224719101
32, 744.6365137501581, 35.303617977528084, 85.95505617977528, 10.460674157303371, 30.44943820224719
33, 744.2310162821856, 36.55538651685393, 88.71910112359551, 10.932584269662922, 31.752808988764045
34, 743.8255188142131, 36.67649999999999, 89.6067415730337, 10.662921348314606, 31.876404494382022
35, 743.4200213462406, 36.957279775280895, 91.35955056179775, 10.224719101123595, 32.0
36, 743.014523878268, 36.19181460674158, 91.74157303370787, 8.887640449438202, 31.168539325842698
37, 742.6090264102955, 37.510580898876405, 94.86516853932584, 9.314606741573034, 32.348314606741575
38, 742.2035289423229, 38.44773707865169, 96.89887640449439, 9.696629213483146, 33.26966292134831
39, 741.7980314743504, 38.287917977528075, 98.23595505617978, 8.808988764044944, 32.93258426966292
40, 741.3925340063779, 38.32697752808986, 98.98876404494382, 8.49438202247191, 32.92134831460674
41, 740.9870365384054, 38.61125280898874, 100.50561797752809, 8.191011235955056, 33.0
42, 740.5815390704329, 38.510853932584276, 101.01123595505618, 7.786516853932584, 32.87640449438202
43, 740.1760416024604, 38.65389325842695, 102.86516853932584, 7.112359550561798, 32.741573033707866
44, 739.7705441344877, 38.9354797752809, 103.85393258426966, 7.044943820224719, 32.96629213483146
45, 739.3650466665152, 39.3859426966292, 105.85393258426966, 6.741573033707865, 33.235955056179776
46, 738.9595491985427, 39.63276853932584, 106.92134831460675, 6.561797752808989, 33.52808988764045
47, 738.5540517305702, 40.09261011235952, 108.73033707865169, 6.325842696629214, 34.03370786516854
48, 738.1485542625977, 40.17688651685394, 109.78651685393258, 5.898876404494382, 34.20224719101124
49, 737.7430567946251, 40.07957303370785, 111.34831460674157, 4.887640449438202, 34.46067415730337
50, 737.3375593266526, 40.183084269662935, 112.64044943820225, 4.382022471910112, 34.58426966292135
51, 736.9320618586801, 41.53731573033709, 115.38202247191012, 5.022471910112359, 35.97752808988764
52, 736.5265643907076, 41.242275280898866, 115.89887640449439, 4.348314606741573, 35.50561797752809
53, 736.121066922735, 41.88736516853932, 118.25842696629213, 4.123595505617978, 36.13483146067416
54, 735.7155694547625, 42.129553932584265, 119.51685393258427, 3.853932584269663, 36.348314606741575
55, 735.3100719867899, 43.43008876404495, 122.14606741573034, 4.51685393258427, 37.449438202247194
56, 734.9045745188174, 43.02029213483146, 122.58426966292134, 3.6741573033707864, 37.04494382022472
57, 734.4990770508449, 43.361277528089865, 124.19101123595506, 3.393258426966292, 37.26966292134831
58, 734.0935795828724, 43.26539775280899, 124.78651685393258, 2.955056179775281, 37.12359550561798
59, 733.6880821148999, 44.037202247191004, 126.96629213483146, 3.0224719101123596, 37.831460674157306
60, 733.2825846469274, 44.27437191011236, 128.41573033707866, 2.640449438202247, 38.07865168539326
61, 732.8770871789548, 44.86366741573035, 130.51685393258427, 2.4719101123595504, 38.60674157303371
62, 732.4715897109822, 45.81867191011235, 132.9438202247191, 2.640449438202247, 39.752808988764045
63, 732.0660922430097, 46.686274157303366, 135.12359550561797, 2.842696629213483, 40.60674157303371
64, 731.6605947750372, 46.77443146067419, 136.24719101123594, 2.438202247191011, 40.51685393258427
65, 731.2550973070647, 47.28556966292133, 138.46067415730337, 2.101123595505618, 40.93258426966292
66, 730.8495998390922, 47.45285617977531, 139.75280898876406, 1.7303370786516854, 40.92134831460674
67, 730.4441023711196, 48.47551460674155, 142.4943820224719, 1.853932584269663, 42.06741573033708
68, 730.0386049031471, 48.91345505617977, 143.87640449438203, 1.8089887640449438, 42.51685393258427
69, 729.6331074351746, 49.7996853932584, 146.62921348314606, 1.696629213483146, 43.651685393258425
70, 729.227609967202, 50.31883370786517, 148.2921348314607, 1.6404494382022472, 44.13483146067416
71, 728.8221124992295, 51.14219438202249, 150.75280898876406, 1.6853932584269662, 44.674157303370784
72, 728.416615031257, 51.60314157303371, 152.2921348314607, 1.5842696629213484, 45.20224719101124
73, 728.0111175632844, 52.133823595505625, 154.01123595505618, 1.595505617977528, 45.29213483146067
74, 727.6056200953119, 52.79883258426966, 155.7191011235955, 1.7191011235955056, 46.01123595505618
75, 727.2001226273394, 53.56943146067414, 158.38202247191012, 1.5842696629213484, 46.48314606741573
76, 726.7946251593669, 53.91600674157303, 159.59550561797752, 1.5393258426966292, 46.57303370786517
77, 726.3891276913944, 54.94406966292133, 162.4494382022472, 1.6629213483146068, 47.47191011235955
78, 725.9836302234218, 55.31545056179778, 163.92134831460675, 1.4719101123595506, 47.853932584269664
79, 725.5781327554492, 56.11064269662923, 165.7078651685393, 1.8426966292134832, 48.235955056179776
80, 725.1726352874767, 56.54613258426966, 167.43820224719101, 1.7078651685393258, 48.21348314606742
81, 724.7671378195042, 57.35339887640452, 170.1685393258427, 1.6404494382022472, 48.48314606741573
82, 724.3616403515317, 57.67301348314605, 171.6629213483146, 1.550561797752809, 47.831460674157306
83, 723.9561428835592, 58.112416853932544, 173.47191011235955, 1.3932584269662922, 47.752808988764045
84, 723.5506454155866, 58.86305280898877, 175.76404494382024, 1.404494382022472, 48.26966292134831
85, 723.1451479476141, 59.61143146067417, 178.1573033707865, 1.5393258426966292, 47.86516853932584
86, 722.7396504796416, 60.63565168539326, 181.01123595505618, 1.6629213483146068, 48.73033707865169
87, 722.3341530116691, 61.62439325842696, 183.82022471910113, 1.9213483146067416, 48.70786516853933
88, 721.9286555436966, 62.148323595505616, 185.75280898876406, 1.7752808988764044, 48.98876404494382
89, 721.523158075724, 62.62019438202248, 188.1685393258427, 1.449438202247191, 48.47191011235955
90, 721.1176606077514, 63.49207078651685, 190.19101123595505, 1.7303370786516854, 49.37078651685393
91, 720.7121631397789, 64.37288651685395, 192.7078651685393, 1.8314606741573034, 49.97752808988764
92, 720.3066656718064, 64.66283595505618, 193.8876404494382, 1.6853932584269662, 50.17977528089887
93, 719.9011682038339, 65.37121123595503, 196.20224719101122, 1.5280898876404494, 51.13483146067416
94, 719.4956707358614, 65.28023033707866, 196.68539325842696, 1.1685393258426966, 50.92134831460674
95, 719.0901732678889, 66.59313595505616, 199.31460674157304, 1.7303370786516854, 52.651685393258425
96, 718.6846757999162, 66.41270786516854, 199.5505617977528, 1.3595505617977528, 52.359550561797754
97, 718.2791783319437, 67.34296067415731, 201.62921348314606, 1.449438202247191, 54.60674157303371
98, 717.8736808639712, 67.53897640449433, 202.48314606741573, 1.2808988764044944, 54.95505617977528
99, 717.4681833959987, 68.79792359550561, 204.92134831460675, 1.8764044943820224, 56.53932584269663
100, 717.0626859280262, 69.23847640449439, 205.79775280898878, 2.134831460674157, 56.7752808988764
101, 716.6571884600537, 69.10938202247189, 206.85393258426967, 1.4382022471910112, 56.46067415730337
102, 716.2516909920811, 69.32593146067417, 207.87640449438203, 1.247191011235955, 56.662921348314605
103, 715.8461935241086, 70.7519, 210.77528089887642, 1.9101123595505618, 58.157303370786515
104, 715.4406960561361, 69.91383033707864, 210.01123595505618, 1.1573033707865168, 56.68539325842696
105, 715.0351985881636, 70.5490573033708, 211.67415730337078, 1.449438202247191, 56.39325842696629
106, 714.629701120191, 70.85000224719103, 212.67415730337078, 1.4943820224719102, 56.17977528089887
107, 714.2242036522184, 71.10905955056181, 214.12359550561797, 1.2696629213483146, 55.80898876404494
108, 713.8187061842459, 71.80956404494378, 215.59550561797752, 1.752808988764045, 55.60674157303371
109, 713.4132087162734, 72.14496404494378, 217.1011235955056, 1.6404494382022472, 55.17977528089887
110, 713.0077112483009, 72.5490842696629, 218.48314606741573, 1.6404494382022472, 55.10112359550562
111, 712.6022137803284, 72.91112359550559, 220.1123595505618, 1.449438202247191, 54.98876404494382
112, 712.1967163123559, 73.21248988764046, 221.2808988764045, 1.4943820224719102, 54.337078651685395
113, 711.7912188443833, 74.8225842696629, 224.7191011235955, 2.2247191011235956, 55.68539325842696
114, 711.3857213764107, 74.64584044943817, 225.75280898876406, 1.6067415730337078, 54.60674157303371
115, 710.9802239084382, 75.1219213483146, 227.30337078651687, 1.595505617977528, 54.7752808988764
116, 710.5747264404657, 75.69299662921348, 229.47191011235955, 1.5056179775280898, 54.561797752808985
117, 710.1692289724932, 77.03866516853935, 232.8988764044944, 1.797752808988764, 55.87640449438202
118, 709.7637315045207, 77.26625617977528, 234.96629213483146, 1.2134831460674158, 55.46067415730337
119, 709.3582340365481, 78.4288786516854, 237.3932584269663, 1.5393258426966292, 57.61797752808989
120, 708.9527365685756, 78.75563820224724, 238.56179775280899, 1.2696629213483146, 58.80898876404494
121, 708.5472391006031, 79.82201460674159, 240.07865168539325, 1.7640449438202248, 61.640449438202246
122, 708.1417416326306, 80.37782696629215, 241.1685393258427, 1.8089887640449438, 63.42696629213483
123, 707.736244164658, 80.77321235955058, 242.14606741573033, 1.550561797752809, 65.66292134831461
124, 707.3307466966855, 80.80061685393258, 242.82022471910113, 1.1797752808988764, 66.04494382022472
125, 706.9252492287129, 81.96828876404493, 243.96629213483146, 2.247191011235955, 67.78651685393258
126, 706.5197517607404, 85.60099438202246, 244.8876404494382, 7.224719101123595, 71.6067415730337
127, 706.1142542927679, 90.75306179775282, 246.46067415730337, 14.168539325842696, 76.92134831460675
128, 705.7087568247954, 93.92671573033705, 247.0, 18.97752808988764, 78.58426966292134
129, 705.3032593568229, 97.71009550561799, 247.58426966292134, 24.730337078651687, 80.61797752808988
130, 704.8977618888503, 103.62288089887639, 248.6067415730337, 33.359550561797754, 85.37078651685393
131, 704.4922644208777, 109.83240561797753, 249.42696629213484, 42.50561797752809, 90.59550561797752
132, 704.0867669529052, 114.85121460674156, 249.76404494382024, 50.38202247191011, 93.17977528089888
133, 703.6812694849327, 119.76174719101115, 250.0561797752809, 58.17977528089887, 95.33707865168539
134, 703.2757720169602, 124.82582247191009, 250.53932584269663, 66.0, 98.2247191011236
135, 702.8702745489877, 129.63040224719094, 251.25842696629215, 73.1685393258427, 101.57303370786516
136, 702.4647770810151, 133.5983516853933, 251.65168539325842, 79.34831460674157, 103.52808988764045
137, 702.0592796130426, 137.97772359550564, 252.08988764044943, 86.03370786516854, 106.37078651685393
138, 701.6537821450701, 142.52777865168534, 252.6629213483146, 92.85393258426966, 109.66292134831461
139, 701.2482846770976, 147.6731112359551, 252.93258426966293, 100.61797752808988, 114.11235955056179
140, 700.842787209125, 152.85646404494383, 253.4494382022472, 108.38202247191012, 118.24719101123596
141, 700.4372897411525, 156.98233033707865, 253.6629213483146, 114.73033707865169, 121.19101123595506
142, 700.0317922731799, 159.61378988764037, 253.8988764044944, 118.89887640449439, 122.19101123595506
143, 699.6262948052074, 162.46569775280898, 254.37078651685394, 123.14606741573034, 124.10112359550561
144, 699.2207973372349, 163.97466404494386, 254.14606741573033, 125.82022471910112, 124.15730337078652
145, 698.8152998692624, 166.73802247191006, 254.7191011235955, 129.7865168539326, 126.47191011235955
146, 698.4098024012899, 168.0784101123595, 254.77528089887642, 131.92134831460675, 127.08988764044943
147, 698.0043049333174, 169.58241348314604, 254.85393258426967, 134.1685393258427, 128.5056179775281
148, 697.5988074653447, 170.45355393258427, 254.68539325842696, 135.7078651685393, 128.6629213483146
149, 697.1933099973722, 172.03639325842695, 254.4943820224719, 138.2921348314607, 129.74157303370785
150, 696.7878125293997, 173.05098876404492, 254.6067415730337, 139.86516853932585, 130.24719101123594
151, 696.3823150614272, 173.79097865168535, 254.48314606741573, 141.1123595505618, 130.64044943820224
152, 695.9768175934547, 174.5894640449438, 254.57303370786516, 142.34831460674158, 131.04494382022472
153, 695.5713201254821, 175.04906853932587, 254.7078651685393, 142.97752808988764, 131.48314606741573
154, 695.1658226575096, 174.5523337078652, 254.30337078651687, 142.4943820224719, 130.67415730337078
155, 694.7603251895371, 174.87824494382028, 254.51685393258427, 142.8426966292135, 131.17977528089887
156, 694.3548277215646, 174.67451460674155, 254.40449438202248, 142.62921348314606, 130.7865168539326
157, 693.949330253592, 174.87542359550557, 254.64044943820224, 142.76404494382024, 131.23595505617976
158, 693.5438327856195, 174.28727078651684, 254.37078651685394, 142.06741573033707, 130.37078651685394
159, 693.138335317647, 174.50767078651688, 254.41573033707866, 142.3370786516854, 130.79775280898878
160, 692.7328378496744, 173.99649887640447, 254.22471910112358, 141.69662921348313, 130.1123595505618
161, 692.3273403817019, 173.92289438202246, 254.53932584269663, 141.40449438202248, 130.14606741573033
162, 691.9218429137294, 173.30292584269665, 254.4494382022472, 140.57303370786516, 129.22471910112358
163, 691.5163454457569, 173.3849011235955, 254.58426966292134, 140.76404494382024, 128.6067415730337
164, 691.1108479777844, 173.14850898876398, 254.34831460674158, 140.65168539325842, 127.73033707865169
165, 690.7053505098118, 173.16962134831465, 254.57303370786516, 140.73033707865167, 126.92134831460675
166, 690.2998530418392, 173.02352247191013, 254.43820224719101, 140.68539325842696, 126.2247191011236
167, 689.8943555738667, 172.41891235955052, 254.47191011235955, 139.86516853932585, 125.0561797752809
168, 689.4888581058942, 172.22006629213467, 254.1685393258427, 139.8314606741573, 124.28089887640449
169, 689.0833606379217, 172.4389146067415, 254.56179775280899, 139.98876404494382, 124.35955056179775
170, 688.6778631699492, 171.81756853932578, 254.53932584269663, 139.24719101123594, 122.78651685393258
171, 688.2723657019766, 171.82915842696627, 254.59550561797752, 139.3932584269663, 121.98876404494382
172, 687.8668682340041, 170.94155730337081, 254.20224719101122, 138.5505617977528, 119.57303370786516
173, 687.4613707660316, 171.05746741573037, 254.53932584269663, 138.76404494382024, 118.6067415730337
174, 687.055873298059, 170.73254044943826, 254.37078651685394, 138.6629213483146, 116.71910112359551
175, 686.6503758300865, 170.54052247191, 254.43820224719101, 138.53932584269663, 115.49438202247191
176, 686.2448783621139, 170.34999775280895, 254.2921348314607, 138.64044943820224, 113.68539325842697
177, 685.8393808941414, 170.06837078651682, 254.6067415730337, 138.3932584269663, 111.66292134831461
178, 685.4338834261689, 169.10061460674154, 254.30337078651687, 137.58426966292134, 108.13483146067416
179, 685.0283859581964, 169.4954292134832, 254.47191011235955, 138.17977528089887, 108.08988764044943
180, 684.6228884902239, 168.67534943820226, 254.14606741573033, 137.56179775280899, 104.93258426966293
181, 684.2173910222514, 168.78786516853927, 254.6067415730337, 137.6629213483146, 104.19101123595506
182, 683.8118935542789, 168.50983707865166, 254.32584269662922, 137.77528089887642, 101.91011235955057
183, 683.4063960863062, 168.97059438202245, 254.61797752808988, 138.4943820224719, 101.48314606741573
184, 683.0008986183337, 168.83314044943816, 254.43820224719101, 138.61797752808988, 100.11235955056179
185, 682.5954011503612, 168.40216404494376, 254.31460674157304, 138.26966292134833, 98.4494382022472
186, 682.1899036823887, 168.57934943820223, 254.37078651685394, 138.6629213483146, 97.8314606741573
187, 681.7844062144162, 168.78736966292138, 254.3932584269663, 139.20224719101122, 96.82022471910112
188, 681.3789087464436, 168.8269179775281, 254.19101123595505, 139.58426966292134, 95.73033707865169
189, 680.9734112784711, 169.38394382022472, 254.4943820224719, 140.4943820224719, 95.13483146067416
190, 680.5679138104986, 169.95240786516857, 254.23595505617976, 141.7078651685393, 94.5505617977528
191, 680.1624163425261, 170.6332550561798, 254.30337078651687, 142.8988764044944, 94.21348314606742
192, 679.7569188745535, 171.34047415730342, 254.24719101123594, 144.34831460674158, 93.10112359550561
193, 679.351421406581, 173.08022022471908, 254.65168539325842, 147.12359550561797, 93.01123595505618
194, 678.9459239386084, 174.22320786516855, 254.5505617977528, 149.30337078651687, 92.07865168539325
195, 678.5404264706359, 174.9574235955056, 254.52808988764045, 150.61797752808988, 91.80898876404494
196, 678.1349290026634, 176.10863258426966, 254.46067415730337, 152.76404494382024, 91.03370786516854
197, 677.7294315346909, 177.5302539325842, 254.53932584269663, 155.2134831460674, 90.68539325842697
198, 677.3239340667184, 178.63733932584267, 254.47191011235955, 157.32584269662922, 89.69662921348315
199, 676.9184365987458, 180.54577528089882, 254.6067415730337, 160.4494382022472, 90.0
200, 676.5129391307732, 181.3295629213483, 254.37078651685394, 162.17977528089887, 88.58426966292134
201, 676.1074416628007, 182.7648426966292, 254.6067415730337, 164.5505617977528, 88.34831460674157
202, 675.7019441948282, 183.74514719101123, 254.59550561797752, 166.5056179775281, 86.91011235955057
203, 675.2964467268557, 184.59187191011242, 254.42696629213484, 168.19101123595505, 86.10112359550561
204, 674.8909492588832, 185.4930505617978, 254.5505617977528, 169.97752808988764, 84.48314606741573
205, 674.4854517909107, 186.72184269662924, 254.7191011235955, 172.01123595505618, 84.34831460674157
206, 674.0799543229381, 186.7732078651686, 254.43820224719101, 172.6629213483146, 82.17977528089888
207, 673.6744568549656, 187.22472134831446, 254.47191011235955, 173.53932584269663, 81.53932584269663
208, 673.2689593869931, 188.434195505618, 254.4494382022472, 175.68539325842696, 81.15730337078652
209, 672.8634619190206, 189.1965292134832, 254.7078651685393, 176.95505617977528, 80.62921348314607
210, 672.457964451048, 189.56602584269666, 254.57303370786516, 177.85393258426967, 79.59550561797752
211, 672.0524669830754, 189.70400000000015, 254.4943820224719, 178.23595505617976, 79.04494382022472
212, 671.6469695151029, 189.79385842696632, 254.3370786516854, 178.75280898876406, 77.58426966292134
213, 671.2414720471304, 190.59719662921353, 254.77528089887642, 179.87640449438203, 77.69662921348315
214, 670.8359745791579, 191.19720337078655, 254.48314606741573, 181.20224719101122, 76.89887640449439
215, 670.4304771111854, 191.58219101123598, 254.7191011235955, 181.8426966292135, 76.35955056179775
216, 670.0249796432129, 191.71035505617974, 254.53932584269663, 182.37078651685394, 75.23595505617978
217, 669.6194821752403, 192.82251797752804, 254.59550561797752, 184.19101123595505, 75.47191011235955
218, 669.2139847072677, 193.36072808988752, 254.62921348314606, 185.26966292134833, 74.5505617977528
219, 668.8084872392952, 193.3371786516854, 254.61797752808988, 185.43820224719101, 73.50561797752809
220, 668.4029897713227, 193.6024516853932, 254.47191011235955, 186.2808988764045, 71.87640449438203
221, 667.9974923033502, 194.41300561797752, 254.5505617977528, 187.59550561797752, 72.01123595505618
222, 667.5919948353776, 194.33052134831468, 254.56179775280899, 187.82022471910113, 70.10112359550561
223, 667.1864973674051, 195.01414943820214, 254.68539325842696, 188.86516853932585, 70.3932584269663
224, 666.7809998994326, 195.05387752808997, 254.7078651685393, 189.22471910112358, 68.8314606741573
225, 666.3755024314601, 195.4774213483146, 254.77528089887642, 190.12359550561797, 67.74157303370787
226, 665.9700049634876, 195.57851573033705, 254.73033707865167, 190.6067415730337, 66.25842696629213
227, 665.564507495515, 195.89380561797753, 254.75280898876406, 191.20224719101122, 65.89887640449439
228, 665.1590100275425, 195.2613528089887, 254.4494382022472, 190.75280898876406, 63.46067415730337
229, 664.7535125595699, 195.61970224719101, 254.6629213483146, 191.42696629213484, 62.57303370786517
230, 664.3480150915974, 196.21218539325855, 254.6629213483146, 192.67415730337078, 61.348314606741575
231, 663.9425176236249, 195.98864157303365, 254.59550561797752, 192.53932584269663, 60.258426966292134
232, 663.5370201556524, 196.3520617977528, 254.6629213483146, 193.2921348314607, 59.39325842696629
233, 663.1315226876799, 196.2815651685393, 254.57303370786516, 193.43820224719101, 58.258426966292134
234, 662.7260252197073, 196.35214157303375, 254.53932584269663, 193.8876404494382, 56.651685393258425
235, 662.3205277517347, 196.74065955056187, 254.75280898876406, 194.52808988764045, 56.20224719101124
236, 661.9150302837622, 196.01204719101122, 254.13483146067415, 194.17977528089887, 53.2247191011236
237, 661.5095328157897, 196.39804382022467, 254.61797752808988, 194.75280898876406, 52.39325842696629
238, 661.1040353478172, 196.39453033707866, 254.35955056179776, 195.24719101123594, 50.49438202247191
239, 660.6985378798447, 196.6020314606742, 254.62921348314606, 195.62921348314606, 49.640449438202246
240, 660.2930404118721, 196.58231348314607, 254.3932584269663, 196.0561797752809, 47.8876404494382
241, 659.8875429438996, 196.59427752808978, 254.52808988764045, 196.34831460674158, 46.13483146067416
242, 659.4820454759271, 197.20135056179768, 254.69662921348313, 197.4494382022472, 45.348314606741575
243, 659.0765480079546, 197.12907078651682, 254.68539325842696, 197.53932584269663, 44.28089887640449
244, 658.671050539982, 197.48316966292126, 254.59550561797752, 198.5505617977528, 42.41573033707865
245, 658.2655530720094, 197.69794606741573, 254.80898876404495, 199.06741573033707, 41.07865168539326
246, 657.8600556040369, 197.51652921348312, 254.37078651685394, 199.41573033707866, 38.842696629213485
247, 657.4545581360644, 197.85535393258434, 254.6629213483146, 200.04494382022472, 37.80898876404494
248, 657.0490606680919, 197.97270898876405, 254.59550561797752, 200.67415730337078, 35.7752808988764
249, 656.6435632001194, 198.5161078651685, 254.65168539325842, 201.6629213483146, 35.30337078651685
250, 656.2380657321469, 198.93198988764033, 254.7078651685393, 202.68539325842696, 33.53932584269663
251, 655.8325682641744, 199.08074269662907, 254.59550561797752, 203.31460674157304, 31.89887640449438
252, 655.4270707962017, 199.51158539325843, 254.59550561797752, 204.47191011235955, 29.719101123595507
253, 655.0215733282292, 199.80451011235954, 254.67415730337078, 205.32584269662922, 27.685393258426966
254, 654.6160758602567, 199.76456292134827, 254.37078651685394, 205.8988764044944, 25.179775280898877
255, 654.2105783922842, 200.84720112359554, 254.5056179775281, 207.76404494382024, 24.719101123595507
256, 653.8050809243117, 201.44551011235953, 254.7865168539326, 209.01123595505618, 22.808988764044944
257, 653.3995834563391, 201.54377078651686, 254.53932584269663, 209.7191011235955, 20.674157303370787
258, 652.9940859883666, 201.5121674157304, 254.3932584269663, 210.20224719101122, 18.292134831460675
259, 652.5885885203941, 201.72418539325838, 254.5505617977528, 210.64044943820224, 17.48314606741573
260, 652.1830910524216, 201.82514494382028, 254.5056179775281, 211.19101123595505, 15.651685393258427
261, 651.777593584449, 202.25121910112358, 254.6629213483146, 212.08988764044943, 14.348314606741573
262, 651.3720961164765, 202.06536853932596, 254.2921348314607, 212.34831460674158, 12.359550561797754
263, 650.9665986485039, 202.47227528089888, 254.43820224719101, 213.14606741573033, 11.438202247191011
264, 650.5611011805314, 202.69128764044933, 254.42696629213484, 213.7191011235955, 10.438202247191011
265, 650.1556037125589, 202.54440337078648, 254.3932584269663, 213.80898876404495, 8.775280898876405
266, 649.7501062445864, 202.67377865168538, 254.23595505617976, 214.31460674157304, 7.719101123595506
267, 649.3446087766139, 203.024493258427, 254.3932584269663, 215.0, 6.853932584269663
268, 648.9391113086413, 203.34020561797743, 254.23595505617976, 215.8426966292135, 5.696629213483146
269, 648.5336138406687, 203.45469887640454, 254.47191011235955, 216.1685393258427, 4.404494382022472
270, 648.1281163726962, 203.5450887640448, 254.3932584269663, 216.53932584269663, 3.49438202247191
271, 647.7226189047237, 204.06958202247188, 254.51685393258427, 217.41573033707866, 3.258426966292135
272, 647.3171214367512, 204.59821573033705, 254.58426966292134, 218.3932584269663, 2.6853932584269664
273, 646.9116239687787, 205.23105168539328, 254.42696629213484, 219.5056179775281, 2.9213483146067416
274, 646.5061265008062, 205.6063932584269, 254.26966292134833, 220.31460674157304, 2.460674157303371
275, 646.1006290328336, 205.84931910112368, 254.3370786516854, 220.68539325842696, 2.50561797752809
276, 645.6951315648611, 206.66915842696622, 254.59550561797752, 222.02247191011236, 2.134831460674157
277, 645.2896340968886, 206.9013640449438, 254.4494382022472, 222.42696629213484, 2.4719101123595504
278, 644.884136628916, 207.3996617977528, 254.1685393258427, 223.4494382022472, 2.3146067415730336
279, 644.4786391609435, 207.96993033707864, 254.17977528089887, 224.24719101123594, 3.1797752808988764
280, 644.0731416929709, 208.102404494382, 254.1573033707865, 224.67415730337078, 2.202247191011236
281, 643.6676442249984, 208.74566067415725, 254.51685393258427, 225.4494382022472, 2.9101123595505616
282, 643.2621467570259, 208.79381910112352, 254.1685393258427, 225.74157303370785, 2.741573033707865
283, 642.8566492890534, 209.14946853932585, 254.19101123595505, 226.22471910112358, 3.3146067415730336
284, 642.4511518210809, 209.6842898876405, 254.06741573033707, 227.1573033707865, 3.5280898876404496
285, 642.0456543531084, 209.75792471910114, 254.01123595505618, 227.20224719101122, 4.089887640449438
286, 641.6401568851358, 210.41653707865171, 254.2921348314607, 228.07865168539325, 4.617977528089888
287, 641.2346594171632, 211.37893370786512, 254.59550561797752, 229.32584269662922, 5.842696629213483
288, 640.8291619491907, 211.32206629213482, 254.1685393258427, 229.4943820224719, 5.595505617977528
289, 640.4236644812182, 212.10264719101113, 254.31460674157304, 230.57303370786516, 6.50561797752809
290, 640.0181670132457, 212.15251910112357, 253.91011235955057, 230.8988764044944, 6.325842696629214
291, 639.6126695452731, 212.6750797752809, 254.14606741573033, 231.4943820224719, 7.224719101123595
292, 639.2071720773006, 213.4533977528089, 254.3370786516854, 232.62921348314606, 7.707865168539326
293, 638.8016746093281, 213.85058876404491, 254.22471910112358, 233.17977528089887, 8.651685393258427
294, 638.3961771413556, 214.2543426966292, 254.1011235955056, 233.7865168539326, 9.393258426966293
295, 637.990679673383, 214.53190449438205, 254.2134831460674, 234.12359550561797, 9.797752808988765
296, 637.5851822054105, 214.67855168539322, 254.14606741573033, 234.51685393258427, 9.235955056179776
297, 637.179684737438, 215.18021123595497, 254.2921348314607, 235.01123595505618, 10.707865168539326
298, 636.7741872694654, 215.27038426966297, 254.02247191011236, 235.3370786516854, 10.52808988764045
299, 636.3686898014929, 215.6370089887641, 254.17977528089887, 235.75280898876406, 11.191011235955056
300, 635.9631923335204, 215.89443707865175, 254.0561797752809, 236.19101123595505, 11.51685393258427
301, 635.5576948655479, 216.22465168539316, 253.82022471910113, 236.7078651685393, 12.370786516853933
302, 635.1521973975754, 216.49436966292137, 253.9438202247191, 236.98876404494382, 12.96629213483146
303, 634.7466999296028, 216.68442134831463, 253.76404494382024, 237.31460674157304, 13.426966292134832
304, 634.3412024616302, 216.8807438202248, 253.68539325842696, 237.6629213483146, 13.561797752808989
305, 633.9357049936577, 217.10664494382013, 253.77528089887642, 237.8426966292135, 14.382022471910112
306, 633.5302075256852, 217.58692134831466, 253.93258426966293, 238.53932584269663, 14.595505617977528
307, 633.1247100577127, 218.0723674157304, 254.07865168539325, 239.13483146067415, 15.404494382022472
308, 632.7192125897402, 217.98904719101122, 253.57303370786516, 239.2808988764045, 15.247191011235955
309, 632.3137151217677, 218.49760561797748, 253.7191011235955, 239.95505617977528, 15.853932584269662
310, 631.9082176537951, 218.39586516853942, 253.37078651685394, 239.9438202247191, 15.932584269662922
311, 631.5027201858226, 218.87809213483143, 253.46067415730337, 240.58426966292134, 16.629213483146067
312, 631.0972227178501, 219.02521910112364, 253.42696629213484, 240.86516853932585, 16.56179775280899
313, 630.6917252498775, 219.3181831460674, 253.4494382022472, 241.20224719101122, 17.337078651685392
314, 630.286227781905, 219.571804494382, 253.19101123595505, 241.75280898876406, 17.40449438202247
315, 629.8807303139324, 219.77322696629207, 253.12359550561797, 241.97752808988764, 18.191011235955056
316, 629.4752328459599, 220.06938089887637, 253.04494382022472, 242.47191011235955, 18.44943820224719
317, 629.0697353779874, 220.39883820224705, 252.96629213483146, 242.96629213483146, 19.0
318, 628.6642379100149, 220.34806966292123, 252.67415730337078, 243.1573033707865, 18.337078651685392
319, 628.2587404420424, 220.5619887640449, 252.58426966292134, 243.38202247191012, 19.292134831460675
320, 627.8532429740699, 220.70063258426958, 252.43820224719101, 243.7078651685393, 19.213483146067414
321, 627.4477455060972, 221.14807865168538, 252.47191011235955, 244.26966292134833, 20.15730337078652
322, 627.0422480381247, 220.88193707865156, 251.86516853932585, 244.17977528089887, 19.876404494382022
323, 626.6367505701522, 221.4167348314606, 251.75280898876406, 244.98876404494382, 20.696629213483146
324, 626.2312531021797, 221.33322359550567, 251.24719101123594, 245.12359550561797, 20.59550561797753
325, 625.8257556342072, 221.2511617977529, 250.40449438202248, 245.3932584269663, 20.696629213483146
326, 625.4202581662346, 221.22593820224716, 249.8314606741573, 245.69662921348313, 20.415730337078653
327, 625.0147606982621, 221.24296067415733, 249.26966292134833, 245.87640449438203, 21.1123595505618
328, 624.6092632302896, 221.53218539325843, 248.93258426966293, 246.43820224719101, 21.640449438202246
329, 624.2037657623171, 221.58807640449436, 248.67415730337078, 246.58426966292134, 22.0561797752809
330, 623.7982682943446, 221.47277415730332, 247.65168539325842, 246.85393258426967, 22.337078651685392
331, 623.392770826372, 221.6318191011236, 247.08988764044943, 247.32584269662922, 22.775280898876403
332, 622.9872733583995, 221.47172471910108, 246.23595505617976, 247.57303370786516, 22.337078651685392
333, 622.5817758904269, 221.7641235955056, 245.2808988764045, 248.3370786516854, 23.471910112359552
334, 622.1762784224544, 221.31948651685397, 244.01123595505618, 248.34831460674158, 22.84269662921348
335, 621.7707809544819, 221.37594831460683, 243.1011235955056, 248.91011235955057, 22.831460674157302
336, 621.3652834865094, 220.8834134831461, 241.7078651685393, 248.95505617977528, 21.93258426966292
337, 620.9597860185368, 221.00648089887645, 241.03370786516854, 249.6629213483146, 21.134831460674157
338, 620.5542885505643, 220.2908, 238.96629213483146, 249.64044943820224, 20.39325842696629
339, 620.1487910825917, 220.2434191011236, 237.9438202247191, 250.2134831460674, 19.707865168539325
340, 619.7432936146192, 219.18621011235965, 235.31460674157304, 250.0, 18.426966292134832
341, 619.3377961466467, 218.7140853932585, 233.41573033707866, 250.41573033707866, 17.123595505617978
342, 618.9322986786742, 218.00736404494378, 231.07865168539325, 250.76404494382024, 15.258426966292134
343, 618.5268012107017, 217.57689662921342, 229.34831460674158, 251.26966292134833, 13.415730337078651
344, 618.1213037427291, 216.40843595505618, 226.31460674157304, 251.24719101123594, 11.235955056179776
345, 617.7158062747566, 215.92370674157306, 223.9438202247191, 251.91011235955057, 9.786516853932584
346, 617.3103088067841, 214.1716078651685, 219.53932584269663, 251.52808988764045, 7.932584269662922
347, 616.9048113388116, 212.74636629213487, 215.43820224719101, 251.32584269662922, 7.224719101123595
348, 616.499313870839, 211.51325505617973, 210.82022471910113, 251.69662921348313, 6.606741573033708
349, 616.0938164028664, 210.33691685393262, 206.1123595505618, 252.08988764044943, 6.606741573033708
350, 615.6883189348939, 208.80465280898875, 201.22471910112358, 252.1123595505618, 5.865168539325842
351, 615.2828214669214, 207.60452471910105, 197.56179775280899, 252.02247191011236, 5.404494382022472
352, 614.8773239989489, 205.98150674157304, 192.23595505617976, 252.0, 5.247191011235955
353, 614.4718265309764, 204.94772696629215, 187.67415730337078, 252.25842696629215, 6.808988764044944
354, 614.0663290630039, 202.98973146067416, 181.56179775280899, 252.01123595505618, 6.932584269662922
355, 613.6608315950314, 201.94823707865163, 177.2921348314607, 252.17977528089887, 8.123595505617978
356, 613.2553341270587, 200.7169584269663, 172.1011235955056, 252.56179775280899, 8.96629213483146
357, 612.8498366590862, 199.0187393258427, 165.97752808988764, 252.57303370786516, 10.067415730337078
358, 612.4443391911137, 197.3664865168539, 160.07865168539325, 252.61797752808988, 10.808988764044944
359, 612.0388417231412, 196.09604494382026, 154.9438202247191, 252.79775280898878, 12.202247191011235
360, 611.6333442551686, 193.9194741573035, 148.2921348314607, 252.41573033707866, 12.51685393258427
361, 611.2278467871961, 192.33401797752816, 142.2921348314607, 252.51685393258427, 13.820224719101123
362, 610.8223493192236, 190.6736044943821, 135.52808988764045, 252.97752808988764, 14.617977528089888
363, 610.4168518512511, 188.51294382022473, 127.97752808988764, 252.91011235955057, 15.808988764044944
364, 610.0113543832786, 186.01265505617985, 119.40449438202248, 252.87640449438203, 16.528089887640448
365, 609.605856915306, 183.8595303370787, 110.98876404494382, 253.1685393258427, 18.202247191011235
366, 609.2003594473335, 180.94968314606749, 102.04494382022472, 252.74157303370785, 18.325842696629213
367, 608.794861979361, 179.3822471910113, 95.95505617977528, 252.92134831460675, 19.617977528089888
368, 608.3893645113884, 176.58012247191016, 87.08988764044943, 252.5505617977528, 20.191011235955056
369, 607.9838670434159, 174.32998202247194, 78.49438202247191, 252.7078651685393, 22.179775280898877
370, 607.5783695754434, 172.21623258426965, 70.70786516853933, 252.8426966292135, 23.359550561797754
371, 607.1728721074709, 170.2560988764045, 64.17977528089888, 252.69662921348313, 24.03370786516854
372, 606.7673746394983, 168.41419775280895, 57.46067415730337, 252.8426966292135, 24.741573033707866
373, 606.3618771715257, 167.1901606741573, 52.21348314606742, 253.0561797752809, 26.662921348314608
374, 605.9563797035532, 165.7158651685394, 46.741573033707866, 253.12359550561797, 27.730337078651687
375, 605.5508822355807, 164.52836516853935, 42.41573033707865, 253.0, 29.292134831460675
376, 605.1453847676082, 163.17688426966288, 37.449438202247194, 253.13483146067415, 29.764044943820224
377, 604.7398872996357, 161.9656067415731, 33.146067415730336, 253.1011235955056, 30.59550561797753
378, 604.3343898316632, 160.71100337078653, 28.50561797752809, 253.2808988764045, 30.831460674157302
379, 603.9288923636906, 160.05649438202246, 25.280898876404493, 253.69662921348313, 31.40449438202247
380, 603.5233948957181, 158.861202247191, 21.348314606741575, 253.58426966292134, 31.808988764044944
381, 603.1178974277456, 157.843791011236, 17.258426966292134, 253.74157303370785, 32.79775280898876
382, 602.712399959773, 156.8141056179775, 13.101123595505618, 253.91011235955057, 33.79775280898876
383, 602.3069024918004, 154.93043370786515, 8.134831460674157, 253.17977528089887, 34.056179775280896
384, 601.9014050238279, 153.6993595505618, 4.157303370786517, 253.03370786516854, 34.438202247191015
385, 601.4959075558554, 153.8822314606742, 2.6292134831460676, 253.6629213483146, 36.80898876404494
386, 601.0904100878829, 153.62470000000005, 1.4269662921348314, 253.77528089887642, 37.12359550561798
387, 600.6849126199104, 153.88375280898882, 1.6853932584269662, 253.92134831460675, 37.96629213483146
388, 600.2794151519379, 153.97767752808988, 1.651685393258427, 254.01123595505618, 38.41573033707865
389, 599.8739176839654, 154.29314719101123, 2.0112359550561796, 254.19101123595505, 39.31460674157304
390, 599.4684202159929, 154.02617528089885, 1.7303370786516854, 253.8988764044944, 39.21348314606742
391, 599.0629227480202, 154.45929887640452, 1.8426966292134832, 254.26966292134833, 40.80898876404494
392, 598.6574252800477, 154.40246179775278, 1.6741573033707866, 254.19101123595505, 41.157303370786515
393, 598.2519278120752, 154.49196404494384, 1.9325842696629214, 253.93258426966293, 42.59550561797753
394, 597.8464303441027, 154.4211685393259, 1.4606741573033708, 253.92134831460675, 43.26966292134831
395, 597.4409328761301, 154.71819213483147, 1.7865168539325842, 253.91011235955057, 45.07865168539326
396, 597.0354354081576, 154.72124494382024, 1.595505617977528, 253.8314606741573, 46.01123595505618
397, 596.6299379401851, 155.34205393258435, 2.3820224719101124, 254.06741573033707, 48.17977528089887
398, 596.2244404722126, 154.8957348314607, 1.5280898876404494, 253.75280898876406, 48.12359550561798
399, 595.81894300424, 155.4540325842696, 2.033707865168539, 254.04494382022472, 50.19101123595506
400, 595.4134455362675, 155.71860224719103, 2.067415730337079, 254.24719101123594, 51.38202247191011
401, 595.007948068295, 155.88840337078648, 2.146067415730337, 254.1123595505618, 53.359550561797754
402, 594.6024506003224, 155.58524494382036, 1.4831460674157304, 253.8876404494382, 53.59550561797753
403, 594.1969531323499, 156.0157056179776, 1.7078651685393258, 254.23595505617976, 54.98876404494382
404, 593.7914556643774, 155.99184269662925, 1.6853932584269662, 254.0561797752809, 55.764044943820224
405, 593.3859581964049, 156.09832471910113, 1.696629213483146, 253.9438202247191, 57.247191011235955
406, 592.9804607284323, 156.3648337078652, 1.8876404494382022, 254.0561797752809, 58.50561797752809
407, 592.5749632604598, 156.50759887640456, 1.7640449438202248, 254.07865168539325, 59.96629213483146
408, 592.1694657924872, 156.42972584269663, 1.5056179775280898, 253.96629213483146, 60.53932584269663
409, 591.7639683245147, 156.68754157303377, 1.550561797752809, 254.1011235955056, 61.98876404494382
410, 591.3584708565422, 156.69068089887634, 1.6179775280898876, 253.85393258426967, 63.1123595505618
411, 590.9529733885697, 157.02160224719108, 1.7303370786516854, 254.08988764044943, 64.50561797752809
412, 590.5474759205972, 156.806504494382, 1.4719101123595506, 253.74157303370785, 65.08988764044943
413, 590.1419784526247, 157.30999550561805, 1.7303370786516854, 254.1011235955056, 66.97752808988764
414, 589.7364809846521, 157.05081011235964, 1.3370786516853932, 253.8314606741573, 67.12359550561797
415, 589.3309835166796, 157.68185056179775, 1.9438202247191012, 254.2134831460674, 69.10112359550561
416, 588.9254860487071, 157.6626617977528, 1.696629213483146, 254.19101123595505, 69.69662921348315
417, 588.5199885807345, 157.79768988764047, 1.5280898876404494, 254.24719101123594, 71.03370786516854
418, 588.1144911127619, 158.01379101123598, 1.6404494382022472, 254.35955056179776, 72.0561797752809
419, 587.7089936447894, 158.33301235955057, 2.235955056179775, 254.30337078651687, 73.58426966292134
420, 587.3034961768169, 157.92830786516853, 1.5280898876404494, 253.9438202247191, 73.74157303370787
421, 586.8979987088444, 158.28474382022475, 2.0, 253.95505617977528, 75.57303370786516
422, 586.4925012408719, 158.37909325842702, 1.651685393258427, 254.1011235955056, 76.56179775280899
423, 586.0870037728994, 158.41724943820225, 1.6629213483146068, 253.8876404494382, 77.96629213483146
424, 585.6815063049269, 158.5741617977528, 1.6404494382022472, 253.9438202247191, 79.11235955056179
425, 585.2760088369542, 158.7714404494382, 1.7752808988764044, 253.91011235955057, 80.66292134831461
426, 584.8705113689817, 158.70249887640446, 1.303370786516854, 253.93258426966293, 81.17977528089888
427, 584.4650139010092, 158.97130898876404, 1.5168539325842696, 254.01123595505618, 82.57303370786516
428, 584.0595164330367, 159.2344224719101, 1.7303370786516854, 254.0561797752809, 84.08988764044943
429, 583.6540189650642, 159.8081943820225, 2.3258426966292136, 254.2808988764045, 86.40449438202248
430, 583.2485214970916, 159.3832876404494, 1.5056179775280898, 253.95505617977528, 86.50561797752809
431, 582.8430240291191, 159.52574382022473, 1.6629213483146068, 253.8426966292135, 87.92134831460675
432, 582.4375265611466, 159.6188314606742, 1.797752808988764, 253.7078651685393, 89.07865168539325
433, 582.0320290931741, 159.91747752808982, 1.853932584269663, 253.7865168539326, 91.14606741573034
434, 581.6265316252016, 160.11737191011235, 1.7865168539325842, 253.92134831460675, 92.38202247191012
435, 581.221034157229, 160.42756067415726, 2.258426966292135, 254.0, 93.46067415730337
436, 580.8155366892565, 160.0608191011235, 1.696629213483146, 253.6067415730337, 93.74157303370787
437, 580.4100392212839, 160.59822471910113, 2.0224719101123596, 254.02247191011236, 95.46067415730337
438, 580.0045417533114, 160.62637865168549, 1.8314606741573034, 253.98876404494382, 96.38202247191012
439, 579.5990442853389, 160.76938876404495, 1.9550561797752808, 253.8988764044944, 97.7752808988764
440, 579.1935468173664, 160.98334157303364, 1.9775280898876404, 254.03370786516854, 98.89887640449439
441, 578.7880493493938, 160.76604269662923, 1.4831460674157304, 253.7865168539326, 99.56179775280899
442, 578.3825518814213, 160.90320337078646, 1.2247191011235956, 253.96629213483146, 100.51685393258427
443, 577.9770544134487, 161.47123146067415, 2.1797752808988764, 254.01123595505618, 102.76404494382022
444, 577.5715569454762, 161.4525258426966, 1.8202247191011236, 254.03370786516854, 103.42696629213484
445, 577.1660594775037, 161.52645056179773, 1.898876404494382, 253.91011235955057, 104.50561797752809
446, 576.7605620095312, 161.43270674157307, 1.4719101123595506, 253.9438202247191, 104.62921348314607
447, 576.3550645415587, 161.92889662921345, 1.9325842696629214, 254.23595505617976, 106.26966292134831
448, 575.9495670735861, 161.7767404494382, 1.696629213483146, 253.95505617977528, 107.0
449, 575.5440696056136, 161.68270786516854, 1.797752808988764, 253.42696629213484, 108.62921348314607
450, 575.1385721376411, 161.83948764044945, 1.5280898876404494, 253.75280898876406, 109.03370786516854
451, 574.7330746696686, 162.0237741573033, 1.9213483146067416, 253.68539325842696, 109.96629213483146
452, 574.327577201696, 162.23180898876404, 1.6853932584269662, 254.02247191011236, 110.67415730337079
453, 573.9220797337234, 162.62108314606743, 2.202247191011236, 254.04494382022472, 112.61797752808988
454, 573.5165822657509, 162.54722359550556, 1.8089887640449438, 253.97752808988764, 113.34831460674157
455, 573.1110847977784, 162.66550898876403, 1.8764044943820224, 253.79775280898878, 115.13483146067416
456, 572.7055873298059, 162.89373707865172, 1.8426966292134832, 253.87640449438203, 116.82022471910112
457, 572.3000898618334, 163.26074157303367, 1.9101123595505618, 254.01123595505618, 119.1685393258427
458, 571.8945923938609, 163.23908426966287, 1.7415730337078652, 253.74157303370785, 120.80898876404494
459, 571.4890949258884, 163.36288539325844, 1.4831460674157304, 253.6629213483146, 122.97752808988764
460, 571.0835974579157, 163.99871460674152, 1.7303370786516854, 254.1685393258427, 125.30337078651685
461, 570.6780999899432, 164.30265955056183, 2.056179775280899, 254.1123595505618, 127.40449438202248
462, 570.2726025219707, 163.92442247191008, 1.5056179775280898, 253.67415730337078, 127.78651685393258
463, 569.8671050539982, 164.27713932584268, 1.752808988764045, 253.87640449438203, 129.19101123595505
464, 569.4616075860256, 164.60527528089884, 1.853932584269663, 254.14606741573033, 130.41573033707866
465, 569.0561101180531, 164.721188764045, 1.8202247191011236, 254.02247191011236, 132.1573033707865
466, 568.6506126500806, 164.70928539325843, 1.6404494382022472, 253.92134831460675, 133.04494382022472
467, 568.2451151821081, 165.0859269662921, 2.0786516853932584, 254.0561797752809, 134.5056179775281
468, 567.8396177141356, 165.08778876404486, 2.0, 253.96629213483146, 135.19101123595505
469, 567.434120246163, 165.06300561797758, 1.7415730337078652, 253.8876404494382, 136.0561797752809
470, 567.0286227781905, 165.1341449438203, 1.8089887640449438, 253.79775280898878, 136.96629213483146
471, 566.6231253102179, 165.42466404494374, 2.348314606741573, 253.7191011235955, 138.5056179775281
472, 566.2176278422454, 165.28724269662925, 1.8426966292134832, 253.69662921348313, 138.74157303370785
473, 565.8121303742729, 165.45677303370792, 1.8202247191011236, 253.74157303370785, 140.0561797752809
474, 565.4066329063004, 165.48610898876407, 1.4943820224719102, 253.8876404494382, 140.41573033707866
475, 565.0011354383279, 165.8607573033708, 1.9775280898876404, 253.9438202247191, 142.14606741573033
476, 564.5956379703553, 166.00685280898884, 1.8089887640449438, 254.12359550561797, 142.9438202247191
477, 564.1901405023827, 166.05406629213485, 2.033707865168539, 253.85393258426967, 144.1573033707865
478, 563.7846430344102, 165.81901235955058, 1.5617977528089888, 253.67415730337078, 144.25842696629215
479, 563.3791455664377, 166.4140101123595, 2.146067415730337, 253.98876404494382, 146.32584269662922
480, 562.9736480984652, 165.8206224719101, 1.5280898876404494, 253.38202247191012, 145.86516853932585
481, 562.5681506304927, 165.95636067415734, 1.5617977528089888, 253.31460674157304, 147.31460674157304
482, 562.1626531625202, 166.18658764044946, 1.5393258426966292, 253.53932584269663, 148.23595505617976
483, 561.7571556945476, 166.7284438202247, 2.5280898876404496, 253.56179775280899, 150.2808988764045
484, 561.3516582265751, 166.39262022471917, 1.4382022471910112, 253.57303370786516, 150.13483146067415
485, 560.9461607586026, 166.8683966292135, 2.101123595505618, 253.62921348314606, 152.2808988764045
486, 560.54066329063, 166.73048764044938, 1.752808988764045, 253.4494382022472, 152.91011235955057
487, 560.1351658226574, 167.18505280898876, 2.056179775280899, 253.6067415730337, 155.2921348314607
488, 559.7296683546849, 167.08875730337076, 1.752808988764045, 253.42696629213484, 156.1685393258427
489, 559.3241708867124, 167.33370786516846, 1.797752808988764, 253.48314606741573, 157.91011235955057
490, 558.9186734187399, 167.59688988764043, 1.8876404494382022, 253.59550561797752, 159.40449438202248
491, 558.5131759507674, 167.56195617977525, 1.5617977528089888, 253.42696629213484, 160.82022471910113
492, 558.1076784827949, 167.3609123595505, 1.4382022471910112, 252.96629213483146, 161.75280898876406
493, 557.7021810148224, 167.81056067415727, 1.4719101123595506, 253.2808988764045, 163.98876404494382
494, 557.2966835468497, 168.31059438202254, 2.033707865168539, 253.52808988764045, 165.62921348314606
495, 556.8911860788772, 168.18665168539326, 1.4606741573033708, 253.4494382022472, 166.4494382022472
496, 556.4856886109047, 168.38649662921347, 1.550561797752809, 253.52808988764045, 167.56179775280899
497, 556.0801911429322, 168.9386123595506, 1.9662921348314606, 253.8314606741573, 169.75280898876406
498, 555.6746936749597, 168.61187977528095, 1.651685393258427, 253.40449438202248, 169.91011235955057
499, 555.2691962069871, 168.78641573033707, 1.9101123595505618, 253.32584269662922, 171.1685393258427
500, 554.8636987390146, 168.46236966292136, 1.4719101123595506, 253.04494382022472, 170.92134831460675
501, 554.4582012710421, 168.99523595505624, 2.0224719101123596, 253.23595505617976, 173.1685393258427
502, 554.0527038030696, 169.0208314606742, 1.6853932584269662, 253.35955056179776, 173.64044943820224
503, 553.647206335097, 169.51310561797752, 2.3146067415730336, 253.47191011235955, 175.73033707865167
504, 553.2417088671245, 169.36301123595496, 1.9101123595505618, 253.3370786516854, 176.1685393258427
505, 552.836211399152, 169.35096516853926, 1.4719101123595506, 253.32584269662922, 177.26966292134833
506, 552.4307139311794, 169.31569775280894, 1.6741573033707866, 253.04494382022472, 177.87640449438203
507, 552.0252164632069, 169.58987191011238, 1.7303370786516854, 253.19101123595505, 179.38202247191012
508, 551.6197189952344, 169.3189674157304, 1.3370786516853932, 252.91011235955057, 179.48314606741573
509, 551.2142215272619, 169.6818426966292, 1.5730337078651686, 253.07865168539325, 181.17977528089887
510, 550.8087240592893, 169.58979662921348, 1.3595505617977528, 253.0, 181.3370786516854
511, 550.4032265913168, 169.8875348314606, 1.8426966292134832, 252.97752808988764, 182.79775280898878
512, 549.9977291233442, 169.79571011235947, 1.4382022471910112, 252.95505617977528, 183.1685393258427
513, 549.5922316553717, 170.22081123595498, 1.8876404494382022, 252.95505617977528, 185.7191011235955
514, 549.1867341873992, 170.05896404494388, 1.3707865168539326, 252.8988764044944, 185.9438202247191
515, 548.7812367194267, 170.44995617977528, 1.7865168539325842, 253.06741573033707, 187.41573033707866
516, 548.3757392514542, 170.28035730337083, 1.595505617977528, 252.85393258426967, 187.52808988764045
517, 547.9702417834817, 170.46484606741578, 1.7640449438202248, 252.8314606741573, 188.82022471910113
518, 547.5647443155091, 170.46257303370788, 1.797752808988764, 252.7078651685393, 189.34831460674158
519, 547.1592468475366, 170.61645393258422, 1.8651685393258426, 252.6629213483146, 190.75280898876406
520, 546.753749379564, 170.32069213483146, 1.6179775280898876, 252.26966292134833, 190.8314606741573
521, 546.3482519115915, 170.82939325842702, 1.6853932584269662, 252.75280898876406, 192.62921348314606
522, 545.9427544436189, 170.98271123595498, 1.7640449438202248, 252.85393258426967, 193.24719101123594
523, 545.5372569756464, 171.00353820224717, 1.5842696629213484, 252.7191011235955, 194.59550561797752
524, 545.1317595076739, 171.01546179775283, 1.5617977528089888, 252.68539325842696, 194.93258426966293
525, 544.7262620397014, 171.14921011235955, 1.4943820224719102, 252.69662921348313, 196.22471910112358
526, 544.3207645717289, 171.34094157303372, 1.595505617977528, 252.85393258426967, 196.8314606741573
527, 543.9152671037564, 171.27510112359548, 1.4606741573033708, 252.7078651685393, 197.35955056179776
528, 543.5097696357839, 171.55456067415724, 1.8089887640449438, 252.77528089887642, 198.5505617977528
529, 543.1042721678112, 171.56741685393263, 1.5617977528089888, 252.52808988764045, 200.58426966292134
530, 542.6987746998387, 171.54424494382022, 1.2584269662921348, 252.5056179775281, 201.2921348314607
531, 542.2932772318662, 171.79389101123593, 1.7640449438202248, 252.34831460674158, 202.96629213483146
532, 541.8877797638937, 171.42453595505614, 1.1573033707865168, 251.98876404494382, 203.1685393258427
533, 541.4822822959211, 172.64299550561796, 2.292134831460674, 252.77528089887642, 206.8314606741573
534, 541.0767848279486, 172.77851011235956, 2.3146067415730336, 252.74157303370785, 208.13483146067415
535, 540.6712873599761, 172.58260224719103, 2.067415730337079, 252.26966292134833, 209.4943820224719
536, 540.2657898920036, 172.33421235955055, 1.5842696629213484, 251.95505617977528, 210.20224719101122
537, 539.8602924240311, 172.43904494382022, 1.5730337078651686, 251.76404494382024, 212.13483146067415
538, 539.4547949560585, 172.7702764044944, 1.5056179775280898, 252.08988764044943, 213.53932584269663
539, 539.049297488086, 173.32768988764045, 2.0898876404494384, 252.30337078651687, 215.79775280898878
540, 538.6438000201135, 173.12041573033719, 1.6853932584269662, 252.04494382022472, 216.37078651685394
541, 538.2383025521409, 172.97404157303367, 1.6067415730337078, 251.67415730337078, 217.20224719101122
542, 537.8328050841684, 172.84744044943824, 1.550561797752809, 251.3932584269663, 217.68539325842696
543, 537.4273076161959, 173.27534044943826, 1.8764044943820224, 251.69662921348313, 219.02247191011236
544, 537.0218101482234, 173.35212134831457, 2.044943820224719, 251.51685393258427, 220.17977528089887
545, 536.6163126802508, 173.52874831460673, 2.292134831460674, 251.38202247191012, 221.77528089887642
546, 536.2108152122782, 173.384682022472, 1.9438202247191012, 251.2921348314607, 221.8876404494382
547, 535.8053177443057, 173.52821685393263, 1.8764044943820224, 251.42696629213484, 222.62921348314606
548, 535.3998202763332, 173.14903707865165, 1.5393258426966292, 251.02247191011236, 222.26966292134833
549, 534.9943228083607, 173.67289101123592, 2.101123595505618, 251.31460674157304, 223.8876404494382
550, 534.5888253403882, 173.10268539325847, 1.4606741573033708, 250.80898876404495, 223.1685393258427
551, 534.1833278724157, 173.3231651685393, 1.6067415730337078, 250.8876404494382, 224.31460674157304
552, 533.7778304044431, 173.7134573033708, 2.2808988764044944, 251.06741573033707, 225.04494382022472
553, 533.3723329364706, 173.76896292134833, 2.168539325842697, 251.03370786516854, 226.0
554, 532.9668354684981, 173.37031910112364, 1.5280898876404494, 250.67415730337078, 226.03370786516854
555, 532.5613380005256, 173.4112887640449, 1.9438202247191012, 250.37078651685394, 226.86516853932585
556, 532.1558405325529, 173.36021797752812, 1.752808988764045, 250.34831460674158, 227.03370786516854
557, 531.7503430645804, 173.48524382022467, 1.8314606741573034, 250.2921348314607, 228.2134831460674
558, 531.3448455966079, 173.4768449438202, 1.7752808988764044, 250.25842696629215, 228.46067415730337
559, 530.9393481286354, 173.93511348314613, 2.460674157303371, 250.47191011235955, 229.58426966292134
560, 530.5338506606629, 173.7737539325843, 2.235955056179775, 250.2808988764045, 229.74157303370785
561, 530.1283531926904, 173.83448764044948, 2.3146067415730336, 250.13483146067415, 230.82022471910113
562, 529.7228557247179, 173.79665393258432, 2.1123595505617976, 250.03370786516854, 231.53932584269663
563, 529.3173582567454, 173.64265056179778, 2.033707865168539, 249.74157303370785, 231.8988764044944
564, 528.9118607887727, 173.41415842696634, 1.898876404494382, 249.37078651685394, 232.1573033707865
565, 528.5063633208002, 173.74430337078655, 2.134831460674157, 249.57303370786516, 233.3932584269663
566, 528.1008658528277, 173.51240224719103, 2.044943820224719, 249.19101123595505, 233.56179775280899
567, 527.6953683848552, 173.73459662921346, 2.235955056179775, 249.25842696629215, 234.6629213483146
568, 527.2898709168826, 173.6935842696629, 2.247191011235955, 249.13483146067415, 234.91011235955057
569, 526.8843734489101, 173.39226067415737, 2.0, 248.64044943820224, 235.46067415730337
570, 526.4788759809376, 173.03913258426965, 1.7078651685393258, 248.22471910112358, 235.26966292134833
571, 526.0733785129651, 173.27233932584278, 2.0, 248.2921348314607, 236.20224719101122
572, 525.6678810449926, 172.7511348314607, 1.4606741573033708, 247.68539325842696, 236.1685393258427
573, 525.26238357702, 172.95960337078654, 1.7191011235955056, 247.7191011235955, 237.14606741573033
574, 524.8568861090475, 173.46540561797764, 2.0112359550561796, 248.22471910112358, 238.2134831460674
575, 524.4513886410749, 173.48612359550566, 2.0224719101123596, 248.19101123595505, 238.53932584269663
576, 524.0458911731024, 173.46358089887642, 2.168539325842697, 247.98876404494382, 239.0
577, 523.6403937051299, 173.32856404494382, 2.2247191011235956, 247.57303370786516, 239.80898876404495
578, 523.2348962371574, 172.81829213483152, 2.134831460674157, 246.86516853932585, 239.2134831460674
579, 522.8293987691849, 172.38325842696625, 1.6853932584269662, 246.2808988764045, 239.58426966292134
580, 522.4239013012123, 172.09612134831468, 1.7078651685393258, 245.79775280898878, 239.4943820224719
581, 522.0184038332397, 172.35046853932587, 2.2808988764044944, 245.7865168539326, 240.2808988764045
582, 521.6129063652672, 172.10867528089892, 1.898876404494382, 245.43820224719101, 240.95505617977528
583, 521.2074088972947, 172.04086516853934, 2.247191011235955, 245.04494382022472, 241.47191011235955
584, 520.8019114293222, 171.4453640449438, 1.752808988764045, 244.32584269662922, 241.24719101123594
585, 520.3964139613497, 171.60281685393264, 2.168539325842697, 244.1685393258427, 242.34831460674158
586, 519.9909164933772, 170.58991460674162, 1.4157303370786516, 242.95505617977528, 241.68539325842696
587, 519.5854190254046, 170.74413483146074, 1.797752808988764, 242.8988764044944, 242.32584269662922
588, 519.1799215574321, 170.77889438202251, 2.067415730337079, 242.76404494382024, 242.61797752808988
589, 518.7744240894596, 170.52696741573035, 2.235955056179775, 242.23595505617976, 242.68539325842696
590, 518.368926621487, 170.46478314606745, 2.056179775280899, 242.19101123595505, 242.8426966292135
591, 517.9634291535144, 170.60389101123593, 2.2134831460674156, 242.25842696629215, 243.30337078651687
592, 517.5579316855419, 170.17374606741575, 1.9775280898876404, 241.67415730337078, 243.1573033707865
593, 517.1524342175694, 170.2520258426967, 2.438202247191011, 241.4943820224719, 243.56179775280899
594, 516.7469367495969, 169.477595505618, 1.6853932584269662, 240.59550561797752, 243.37078651685394
595, 516.3414392816244, 169.14653595505612, 1.8314606741573034, 239.87640449438203, 243.7865168539326
596, 515.9359418136519, 168.51354269662914, 1.651685393258427, 238.95505617977528, 243.4494382022472
597, 515.5304443456794, 168.27073595505613, 1.853932584269663, 238.37078651685394, 243.79775280898878
598, 515.1249468777067, 167.60810224719106, 1.449438202247191, 237.47191011235955, 243.67415730337078
599, 514.7194494097342, 168.30495617977533, 2.6853932584269664, 237.82022471910113, 244.75280898876406
600, 514.3139519417617, 168.0030280898877, 2.0786516853932584, 237.58426966292134, 244.91011235955057
601, 513.9084544737892, 167.53029775280896, 1.9662921348314606, 236.8426966292135, 244.87640449438203
602, 513.5029570058167, 167.28063820224716, 2.044943820224719, 236.37078651685394, 244.91011235955057
603, 513.0974595378441, 166.99562696629218, 2.269662921348315, 235.69662921348313, 245.2921348314607
604, 512.6919620698716, 165.93144719101122, 1.595505617977528, 234.30337078651687, 244.8988764044944
605, 512.2864646018991, 165.48806179775278, 1.9662921348314606, 233.34831460674158, 244.95505617977528
606, 511.88096713392656, 165.1949629213483, 1.6067415730337078, 232.97752808988764, 245.23595505617976
607, 511.47546966595405, 164.79914382022469, 1.595505617977528, 232.26966292134833, 245.43820224719101
608, 511.0699721979815, 164.11843820224723, 1.2359550561797752, 231.32584269662922, 245.26966292134833
609, 510.664474730009, 164.19995617977528, 1.7865168539325842, 231.1123595505618, 245.64044943820224
610, 510.2589772620364, 163.96935505617975, 1.7303370786516854, 230.74157303370785, 245.67415730337078
611, 509.8534797940639, 164.01390786516853, 1.8202247191011236, 230.65168539325842, 246.2921348314607
612, 509.4479823260914, 163.9744202247191, 1.9775280898876404, 230.46067415730337, 246.51685393258427
613, 509.0424848581189, 163.50842584269668, 2.3707865168539324, 229.43820224719101, 246.6629213483146
614, 508.6369873901463, 162.79707865168533, 1.797752808988764, 228.56179775280899, 246.43820224719101
615, 508.2314899221738, 162.79171235955062, 2.202247191011236, 228.2921348314607, 246.7191011235955
616, 507.82599245420124, 161.6223044943821, 1.6741573033707866, 226.73033707865167, 245.8876404494382
617, 507.42049498622873, 160.6540438202247, 1.4719101123595506, 225.1685393258427, 245.96629213483146
618, 507.0149975182562, 159.97633595505616, 1.3595505617977528, 224.12359550561797, 245.69662921348313
619, 506.6095000502837, 159.80391573033705, 1.7415730337078652, 223.53932584269663, 246.19101123595505
620, 506.20400258231115, 159.13775056179776, 1.7078651685393258, 222.3932584269663, 246.3370786516854
621, 505.7985051143386, 158.37601011235944, 1.5842696629213484, 221.12359550561797, 246.51685393258427
622, 505.3930076463661, 158.1314584269663, 1.9325842696629214, 220.5056179775281, 246.64044943820224
623, 504.98751017839356, 157.42911460674162, 1.7752808988764044, 219.40449438202248, 246.56179775280899
624, 504.58201271042105, 156.63540224719097, 1.595505617977528, 218.14606741573033, 246.5505617977528
625, 504.17651524244854, 156.11473707865173, 1.8426966292134832, 217.07865168539325, 246.8314606741573
626, 503.771017774476, 154.92354382022475, 1.303370786516854, 215.3370786516854, 246.76404494382024
627, 503.3655203065034, 154.51849887640446, 1.8651685393258426, 214.25842696629215, 247.2921348314607
628, 502.9600228385309, 153.14114831460674, 1.550561797752809, 212.1573033707865, 246.85393258426967
629, 502.5545253705584, 151.89001123595506, 1.6853932584269662, 209.95505617977528, 246.86516853932585
630, 502.1490279025859, 150.65995842696623, 1.651685393258427, 207.8876404494382, 246.80898876404495
631, 501.7435304346133, 149.37076292134833, 1.4719101123595506, 205.6629213483146, 247.42696629213484
632, 501.3380329666408, 147.70089775280894, 1.3595505617977528, 203.06741573033707, 246.43820224719101
633, 500.9325354986683, 147.13733595505622, 1.8089887640449438, 201.79775280898878, 246.85393258426967
634, 500.52703803069573, 146.54932921348313, 1.7640449438202248, 200.77528089887642, 247.07865168539325
635, 500.1215405627232, 145.918291011236, 1.9213483146067416, 199.61797752808988, 247.08988764044943
636, 499.7160430947507, 144.8397202247191, 1.449438202247191, 197.96629213483146, 247.37078651685394
637, 499.31054562677815, 144.54900337078655, 2.101123595505618, 197.13483146067415, 247.3932584269663
638, 498.90504815880564, 143.1493370786517, 1.348314606741573, 195.24719101123594, 246.80898876404495
639, 498.4995506908331, 142.70224269662918, 1.6179775280898876, 194.26966292134833, 247.2134831460674
640, 498.09405322286057, 141.94580224719098, 1.4157303370786516, 193.1123595505618, 247.06741573033707
641, 497.68855575488806, 140.62961460674157, 1.6067415730337078, 190.8426966292135, 246.7078651685393
642, 497.2830582869155, 139.77246966292142, 1.2584269662921348, 189.4943820224719, 247.04494382022472
643, 496.877560818943, 139.48318651685392, 1.8426966292134832, 188.65168539325842, 247.31460674157304
644, 496.4720633509705, 139.0418258426967, 2.0786516853932584, 187.77528089887642, 247.3370786516854
645, 496.0665658829979, 137.61010224719095, 2.0112359550561796, 185.43820224719101, 246.98876404494382
646, 495.6610684150254, 136.51934494382024, 1.3820224719101124, 183.87640449438203, 247.1123595505618
647, 495.2555709470529, 135.72657303370784, 1.5730337078651686, 182.48314606741573, 246.8314606741573
648, 494.8500734790803, 134.5317988764045, 1.1123595505617978, 180.73033707865167, 246.58426966292134
649, 494.4445760111078, 134.49468202247195, 1.7191011235955056, 180.23595505617976, 247.2134831460674
650, 494.0390785431353, 133.3632325842696, 1.3820224719101124, 178.52808988764045, 246.96629213483146
651, 493.63358107516274, 132.85060224719095, 2.067415730337079, 177.23595505617976, 247.32584269662922
652, 493.22808360719023, 131.6570292134831, 1.9550561797752808, 175.38202247191012, 246.69662921348313
653, 492.8225861392177, 130.40092247191004, 2.1235955056179776, 173.12359550561797, 246.86516853932585
654, 492.41708867124515, 128.91881797752808, 1.4831460674157304, 170.96629213483146, 246.65168539325842
655, 492.01159120327264, 127.73282022471908, 1.5730337078651686, 168.86516853932585, 246.8314606741573
656, 491.60609373530013, 126.03202921348317, 1.2808988764044944, 166.17977528089887, 246.5056179775281
657, 491.20059626732757, 124.31205393258426, 1.146067415730337, 163.2921348314607, 246.64044943820224
658, 490.79509879935506, 123.66196853932584, 1.6629213483146068, 161.77528089887642, 247.3932584269663
659, 490.38960133138255, 121.95432471910112, 1.247191011235955, 159.20224719101122, 246.75280898876406
660, 489.98410386341, 121.1233730337079, 1.101123595505618, 157.79775280898878, 247.07865168539325
661, 489.5786063954375, 120.49006629213488, 1.696629213483146, 156.3370786516854, 247.48314606741573
662, 489.1731089274649, 119.23457191011238, 1.5842696629213484, 154.38202247191012, 246.8314606741573
663, 488.7676114594924, 118.46878314606738, 1.8314606741573034, 152.91011235955057, 247.04494382022472
664, 488.3621139915199, 117.7669438202247, 1.797752808988764, 151.77528089887642, 246.82022471910113
665, 487.9566165235473, 116.88857752808984, 1.8651685393258426, 150.1573033707865, 247.26966292134833
666, 487.5511190555748, 115.94606067415725, 1.6404494382022472, 148.69662921348313, 247.1123595505618
667, 487.1456215876023, 115.18724606741569, 2.033707865168539, 147.1011235955056, 247.64044943820224
668, 486.74012411962974, 113.88620000000003, 1.7078651685393258, 145.08988764044943, 247.43820224719101
669, 486.33462665165723, 112.75921460674154, 2.0112359550561796, 142.93258426966293, 247.86516853932585
670, 485.9291291836847, 111.19324382022471, 1.6067415730337078, 140.58426966292134, 247.2808988764045
671, 485.52363171571216, 110.22129438202249, 1.8876404494382022, 138.67415730337078, 247.85393258426967
672, 485.11813424773965, 107.8068056179775, 1.1573033707865168, 135.08988764044943, 247.04494382022472
673, 484.71263677976714, 106.56748426966287, 1.6741573033707866, 132.51685393258427, 248.06741573033707
674, 484.3071393117946, 104.9626831460674, 1.4831460674157304, 129.93258426966293, 247.79775280898878
675, 483.90164184382206, 103.34853483146065, 1.3932584269662922, 127.28089887640449, 247.52808988764045
676, 483.49614437584955, 101.54862808988759, 1.3595505617977528, 124.3932584269663, 246.69662921348313
677, 483.090646907877, 100.49814044943813, 1.853932584269663, 122.24719101123596, 247.23595505617976
678, 482.6851494399045, 98.25680786516857, 1.247191011235955, 118.76404494382022, 247.1011235955056
679, 482.27965197193197, 96.9092595505618, 1.5617977528089888, 116.1685393258427, 247.82022471910113
680, 481.8741545039594, 94.88103820224718, 1.4157303370786516, 112.97752808988764, 246.8426966292135
681, 481.4686570359869, 93.69598764044946, 1.696629213483146, 110.66292134831461, 247.62921348314606
682, 481.0631595680144, 92.60912921348319, 1.9662921348314606, 108.59550561797752, 248.03370786516854
683, 480.6576621000418, 90.82473820224718, 2.056179775280899, 105.42696629213484, 248.46067415730337
684, 480.2521646320693, 89.46033820224717, 2.348314606741573, 102.98876404494382, 248.2808988764045
685, 479.8466671640968, 88.00874269662918, 3.0224719101123596, 100.15730337078652, 248.35955056179776
686, 479.44116969612423, 85.74913033707865, 2.1797752808988764, 96.80898876404494, 247.98876404494382
687, 479.0356722281517, 82.85336179775283, 1.550561797752809, 92.37078651685393, 247.08988764044943
688, 478.63017476017916, 80.6200595505618, 1.4269662921348314, 88.5505617977528, 247.4943820224719
689, 478.22467729220665, 77.30696741573034, 1.7865168539325842, 82.64044943820225, 247.92134831460675
690, 477.81917982423414, 74.25545280898876, 1.8764044943820224, 77.49438202247191, 247.41573033707866
691, 477.4136823562616, 72.53072921348311, 2.033707865168539, 74.31460674157303, 248.24719101123594
692, 477.00818488828907, 68.70154382022471, 1.0786516853932584, 68.3932584269663, 247.65168539325842
693, 476.60268742031656, 65.98801685393255, 1.2921348314606742, 63.550561797752806, 248.22471910112358
694, 476.197189952344, 63.57923370786514, 1.4831460674157304, 59.247191011235955, 248.75280898876406
695, 475.7916924843715, 61.399307865168545, 1.9775280898876404, 55.235955056179776, 248.98876404494382
696, 475.386195016399, 57.925938202247174, 1.2921348314606742, 49.831460674157306, 248.14606741573033
697, 474.9806975484264, 56.36912134831463, 1.9325842696629214, 46.752808988764045, 248.6629213483146
698, 474.5752000804539, 54.11340337078652, 1.5842696629213484, 43.07865168539326, 248.7078651685393
699, 474.1697026124814, 51.98658202247192, 1.7078651685393258, 39.29213483146067, 249.22471910112358
700, 473.7642051445088, 49.211040449438194, 1.3932584269662922, 34.8876404494382, 248.38202247191012
701, 473.3587076765363, 48.33624157303368, 2.303370786516854, 32.752808988764045, 249.31460674157304
702, 472.9532102085638, 46.10266853932581, 2.0786516853932584, 29.1123595505618, 249.0561797752809
703, 472.54771274059124, 44.079033707865165, 1.4606741573033708, 25.89887640449438, 249.47191011235955
704, 472.1422152726187, 42.37481910112359, 1.5842696629213484, 23.01123595505618, 249.06741573033707
705, 471.7367178046462, 41.27523932584271, 2.2134831460674156, 20.730337078651687, 249.51685393258427
706, 471.33122033667365, 39.20190449438202, 1.5168539325842696, 17.48314606741573, 249.87640449438203
707, 470.92572286870114, 38.04694831460675, 1.752808988764045, 15.393258426966293, 249.8876404494382
708, 470.52022540072863, 36.15686404494382, 1.5842696629213484, 12.359550561797754, 249.37078651685394
709, 470.11472793275607, 34.046389887640444, 1.4943820224719102, 8.842696629213483, 249.20224719101122
710, 469.70923046478356, 32.67014831460674, 1.6629213483146068, 6.449438202247191, 249.01123595505618
711, 469.30373299681105, 31.860921348314605, 2.0224719101123596, 4.741573033707865, 249.76404494382024
712, 468.8982355288385, 30.47870561797753, 1.4831460674157304, 2.764044943820225, 249.23595505617976
713, 468.492738060866, 30.808302247191023, 2.258426966292135, 2.7191011235955056, 250.32584269662922
714, 468.0872405928934, 30.02084269662922, 1.797752808988764, 1.7191011235955056, 249.77528089887642
715, 467.6817431249209, 30.33107303370785, 2.191011235955056, 1.9775280898876404, 250.13483146067415
716, 467.2762456569484, 29.797944943820216, 1.6741573033707866, 1.404494382022472, 249.76404494382024
717, 466.8707481889758, 30.59978764044944, 2.5730337078651684, 2.101123595505618, 250.85393258426967
718, 466.4652507210033, 30.226303370786518, 2.134831460674157, 1.7752808988764044, 250.40449438202248
719, 466.0597532530308, 30.13703146067413, 2.157303370786517, 1.6292134831460674, 250.31460674157304
720, 465.65425578505824, 29.770448314606753, 1.5842696629213484, 1.2921348314606742, 250.3370786516854
721, 465.24875831708573, 30.353675280898862, 2.460674157303371, 1.7303370786516854, 250.8988764044944
722, 464.8432608491132, 30.227064044943813, 2.2808988764044944, 1.6629213483146068, 250.6067415730337
723, 464.43776338114066, 30.16077640449437, 2.1235955056179776, 1.5842696629213484, 250.8426966292135
724, 464.03226591316815, 29.939144943820224, 1.9213483146067416, 1.3707865168539326, 250.52808988764045
725, 463.62676844519564, 30.418974157303357, 2.50561797752809, 1.8426966292134832, 250.77528089887642
726, 463.22127097722307, 30.353031460674142, 2.3820224719101124, 1.7191011235955056, 251.1573033707865
727, 462.81577350925056, 30.588567415730328, 2.640449438202247, 1.9887640449438202, 251.1573033707865
728, 462.41027604127805, 29.97381797752807, 1.9325842696629214, 1.404494382022472, 250.62921348314606
729, 462.0047785733055, 30.037831460674155, 2.0224719101123596, 1.404494382022472, 250.95505617977528
730, 461.599281105333, 30.16892247191011, 2.1235955056179776, 1.4606741573033708, 251.5505617977528
731, 461.19378363736047, 30.607207865168533, 2.640449438202247, 1.9550561797752808, 251.4943820224719
732, 460.7882861693879, 29.917568539325835, 1.8426966292134832, 1.2584269662921348, 251.12359550561797
733, 460.3827887014154, 30.330677528089872, 2.3258426966292136, 1.6179775280898876, 251.62921348314606
734, 459.9772912334429, 30.29029325842695, 2.235955056179775, 1.651685393258427, 251.3370786516854
735, 459.5717937654703, 30.42544269662921, 2.4269662921348316, 1.797752808988764, 251.26966292134833
736, 459.1662962974978, 29.923087640449424, 1.8202247191011236, 1.2247191011235956, 251.40449438202248
737, 458.76079882952524, 30.567703370786507, 2.5168539325842696, 1.9550561797752808, 251.47191011235955
738, 458.35530136155273, 30.29766629213482, 2.2134831460674156, 1.651685393258427, 251.46067415730337
739, 457.9498038935802, 30.3573011235955, 2.269662921348315, 1.6853932584269662, 251.6629213483146
740, 457.54430642560766, 30.53541460674155, 2.4831460674157304, 1.853932584269663, 251.79775280898878
741, 457.13880895763515, 30.462029213483135, 2.404494382022472, 1.7078651685393258, 252.1123595505618
742, 456.73331148966264, 30.19427865168538, 2.044943820224719, 1.4719101123595506, 251.92134831460675
743, 456.3278140216901, 31.03805730337077, 3.0224719101123596, 2.348314606741573, 252.24719101123594
744, 455.92231655371756, 29.929747191011234, 1.7415730337078652, 1.1910112359550562, 251.8426966292135
745, 455.51681908574506, 30.266135955056164, 2.1235955056179776, 1.5280898876404494, 252.0561797752809
746, 455.1113216177725, 30.501392134831445, 2.3707865168539324, 1.752808988764045, 252.31460674157304
747, 454.7058241498, 30.421662921348307, 2.247191011235955, 1.797752808988764, 251.7078651685393
748, 454.30032668182747, 30.560662921348314, 2.359550561797753, 1.8202247191011236, 252.51685393258427
749, 453.8948292138549, 30.409001123595512, 2.1235955056179776, 1.7191011235955056, 252.32584269662922
750, 453.4893317458824, 30.58247528089887, 2.3258426966292136, 1.8876404494382022, 252.4494382022472
751, 453.0838342779099, 30.146132584269658, 1.8202247191011236, 1.4606741573033708, 252.14606741573033
752, 452.6783368099373, 30.61242022471909, 2.3146067415730336, 1.8876404494382022, 252.74157303370785
753, 452.2728393419648, 30.39795280898877, 2.157303370786517, 1.6067415730337078, 252.7191011235955
754, 451.8673418739923, 30.497599999999995, 2.3146067415730336, 1.7640449438202248, 252.37078651685394
755, 451.46184440601974, 30.363191011235962, 2.134831460674157, 1.5393258426966292, 252.82022471910113
756, 451.0563469380472, 30.299210112359546, 2.056179775280899, 1.4943820224719102, 252.69662921348313
757, 450.6508494700747, 30.460047191011224, 2.2247191011235956, 1.6629213483146068, 252.79775280898878
758, 450.24535200210215, 30.390853932584264, 2.134831460674157, 1.5842696629213484, 252.8314606741573
759, 449.83985453412964, 30.61480561797753, 2.393258426966292, 1.7752808988764044, 253.13483146067415
760, 449.43435706615713, 30.15345056179774, 1.898876404494382, 1.3370786516853932, 252.64044943820224
761, 449.02885959818457, 30.536748314606733, 2.292134831460674, 1.6741573033707866, 253.23595505617976
762, 448.62336213021206, 30.66883258426965, 2.460674157303371, 1.8089887640449438, 253.25842696629215
763, 448.2178646622395, 30.341722471910092, 2.101123595505618, 1.4719101123595506, 253.06741573033707
764, 447.812367194267, 30.52624044943819, 2.3146067415730336, 1.6404494382022472, 253.25842696629215
765, 447.4068697262945, 30.808792134831446, 2.5280898876404496, 2.0, 253.32584269662922
766, 447.0013722583219, 30.549683146067395, 2.269662921348315, 1.7752808988764044, 252.8876404494382
767, 446.5958747903494, 30.47664719101121, 2.1797752808988764, 1.696629213483146, 252.8876404494382
768, 446.1903773223769, 30.58222247191011, 2.269662921348315, 1.7303370786516854, 253.40449438202248
769, 445.7848798544043, 30.78765617977526, 2.651685393258427, 1.898876404494382, 253.3370786516854
770, 445.3793823864318, 30.25397191011235, 1.9662921348314606, 1.3932584269662922, 253.0561797752809
771, 444.9738849184593, 30.812216853932572, 2.662921348314607, 1.8651685393258426, 253.69662921348313
772, 444.56838745048674, 30.24916067415729, 1.9887640449438202, 1.3932584269662922, 252.95505617977528
773, 444.16288998251423, 30.403523595505618, 2.1797752808988764, 1.5393258426966292, 253.0561797752809
774, 443.7573925145417, 30.88075280898876, 2.696629213483146, 1.9887640449438202, 253.57303370786516
775, 443.35189504656915, 30.36938539325842, 2.101123595505618, 1.5168539325842696, 253.07865168539325
776, 442.94639757859665, 30.387886516853925, 2.146067415730337, 1.4382022471910112, 253.52808988764045
777, 442.54090011062414, 30.50264269662921, 2.2247191011235956, 1.6067415730337078, 253.46067415730337
778, 442.13540264265157, 30.295813483146063, 1.9775280898876404, 1.4719101123595506, 252.98876404494382
779, 441.72990517467906, 30.68603820224718, 2.4269662921348316, 1.8314606741573034, 253.38202247191012
780, 441.32440770670655, 30.3529191011236, 2.044943820224719, 1.4606741573033708, 253.37078651685394
781, 440.918910238734, 30.468868539325825, 2.2134831460674156, 1.550561797752809, 253.48314606741573
782, 440.5134127707615, 30.3179011235955, 2.0, 1.4719101123595506, 253.12359550561797
783, 440.10791530278897, 30.74095056179775, 2.5168539325842696, 1.898876404494382, 253.2808988764045
784, 439.7024178348164, 30.227328089887646, 1.8876404494382022, 1.3595505617977528, 253.20224719101122
785, 439.2969203668439, 30.768939325842688, 2.5168539325842696, 1.8876404494382022, 253.58426966292134
786, 438.8914228988714, 30.44131235955055, 2.157303370786517, 1.595505617977528, 253.1573033707865
787, 438.4859254308988, 30.447130337078647, 2.1797752808988764, 1.6179775280898876, 253.03370786516854
788, 438.0804279629263, 30.902966292134828, 2.696629213483146, 2.0898876404494384, 253.24719101123594
789, 437.67493049495374, 30.5107617977528, 2.269662921348315, 1.595505617977528, 253.47191011235955
790, 437.26943302698123, 30.10777865168539, 1.7640449438202248, 1.247191011235955, 253.0561797752809
791, 436.8639355590087, 30.924914606741577, 2.764044943820225, 2.044943820224719, 253.4943820224719
792, 436.45843809103616, 30.590570786516842, 2.3820224719101124, 1.752808988764045, 253.06741573033707
793, 436.05294062306365, 30.62727078651683, 2.460674157303371, 1.7752808988764044, 253.06741573033707
794, 435.64744315509114, 30.485232584269664, 2.2808988764044944, 1.6292134831460674, 253.04494382022472
795, 435.2419456871186, 30.22762696629215, 1.9325842696629214, 1.4157303370786516, 252.79775280898878
796, 434.83644821914606, 30.55347528089888, 2.3258426966292136, 1.7640449438202248, 252.8314606741573
797, 434.43095075117355, 30.511874157303367, 2.157303370786517, 1.752808988764045, 252.96629213483146
798, 434.025453283201, 30.139410112359553, 1.7415730337078652, 1.3932584269662922, 252.64044943820224
799, 433.6199558152285, 30.46752696629213, 2.146067415730337, 1.752808988764045, 252.6067415730337
800, 433.21445834725597, 30.455979775280888, 2.1123595505617976, 1.7415730337078652, 252.65168539325842
801, 432.8089608792834, 30.20095730337078, 2.0, 1.449438202247191, 252.2134831460674
802, 432.4034634113109, 30.45070449438202, 2.2808988764044944, 1.7078651685393258, 252.3370786516854
803, 431.9979659433384, 30.443535955056173, 2.2808988764044944, 1.6629213483146068, 252.5056179775281
804, 431.5924684753658, 30.033785393258427, 1.8089887640449438, 1.303370786516854, 252.0
805, 431.1869710073933, 30.06217977528091, 1.797752808988764, 1.4382022471910112, 251.58426966292134
806, 430.7814735394208, 30.346423595505616, 2.168539325842697, 1.6179775280898876, 252.17977528089887
807, 430.37597607144824, 30.80901460674157, 2.7752808988764044, 2.1123595505617976, 252.1011235955056
808, 429.9704786034757, 30.12786292134831, 2.044943820224719, 1.4831460674157304, 251.2808988764045
809, 429.5649811355032, 30.15255056179775, 2.134831460674157, 1.5056179775280898, 251.14606741573033
810, 429.15948366753065, 30.496522471910097, 2.5280898876404496, 1.8651685393258426, 251.2808988764045
811, 428.75398619955814, 30.061555056179774, 2.0898876404494384, 1.5393258426966292, 250.2921348314607
812, 428.3484887315856, 29.80471460674157, 1.8426966292134832, 1.3258426966292134, 249.7865168539326
813, 427.94299126361307, 30.18438426966291, 2.2247191011235956, 1.797752808988764, 249.68539325842696
814, 427.53749379564056, 29.872039325842685, 1.853932584269663, 1.4719101123595506, 249.59550561797752
815, 427.131996327668, 30.3098213483146, 2.348314606741573, 1.9550561797752808, 249.65168539325842
816, 426.7264988596955, 30.087794382022473, 2.168539325842697, 1.7752808988764044, 249.1011235955056
817, 426.321001391723, 29.815062921348296, 2.067415730337079, 1.449438202247191, 248.65168539325842
818, 425.9155039237504, 29.735385393258426, 1.9887640449438202, 1.4606741573033708, 248.1011235955056
819, 425.5100064557779, 29.876817977528077, 2.157303370786517, 1.6179775280898876, 248.08988764044943
820, 425.1045089878054, 29.876269662921345, 2.247191011235955, 1.6629213483146068, 247.61797752808988
821, 424.6990115198328, 29.978250561797747, 2.438202247191011, 1.7415730337078652, 247.6067415730337
822, 424.2935140518603, 29.550451685393245, 2.0, 1.4606741573033708, 246.4494382022472
823, 423.8880165838878, 29.70878426966292, 2.269662921348315, 1.6629213483146068, 246.08988764044943
824, 423.48251911591524, 29.635428089887625, 2.235955056179775, 1.7078651685393258, 245.30337078651687
825, 423.07702164794273, 29.470820224719088, 2.247191011235955, 1.4719101123595506, 245.04494382022472
826, 422.6715241799702, 28.882342696629202, 1.6292134831460674, 1.0786516853932584, 243.52808988764045
827, 422.26602671199765, 29.58755056179774, 2.5842696629213484, 1.8089887640449438, 243.4494382022472
828, 421.86052924402514, 29.13698314606742, 2.0786516853932584, 1.449438202247191, 242.67415730337078
829, 421.45503177605264, 28.804066292134824, 1.8089887640449438, 1.2247191011235956, 241.61797752808988
830, 421.04953430808007, 28.788556179775274, 1.853932584269663, 1.1797752808988764, 241.59550561797752
831, 420.64403684010756, 29.57791235955054, 2.7865168539325844, 2.056179775280899, 241.56179775280899
832, 420.23853937213505, 28.83537865168538, 1.9438202247191012, 1.449438202247191, 240.38202247191012
833, 419.8330419041625, 29.164470786516862, 2.4831460674157304, 1.8314606741573034, 239.8876404494382
834, 419.42754443619, 28.89721573033707, 2.2247191011235956, 1.7303370786516854, 238.74157303370785
835, 419.02204696821747, 28.907394382022467, 2.348314606741573, 1.6629213483146068, 238.85393258426967
836, 418.6165495002449, 28.704941573033707, 2.269662921348315, 1.6853932584269662, 237.1685393258427
837, 418.2110520322724, 28.46636516853932, 2.0786516853932584, 1.4831460674157304, 236.61797752808988
838, 417.8055545642998, 28.34791685393257, 2.067415730337079, 1.4943820224719102, 235.5505617977528
839, 417.4000570963273, 28.14971011235954, 1.8876404494382022, 1.3595505617977528, 234.97752808988764
840, 416.9945596283548, 28.2198, 2.1123595505617976, 1.6067415730337078, 233.73033707865167
841, 416.58906216038224, 28.067451685393245, 2.1123595505617976, 1.4606741573033708, 233.14606741573033
842, 416.18356469240973, 27.692232584269654, 1.8314606741573034, 1.2808988764044944, 231.51685393258427
843, 415.7780672244372, 27.89604606741573, 2.235955056179775, 1.5617977528089888, 230.79775280898878
844, 415.37256975646466, 27.647959550561787, 2.0898876404494384, 1.5168539325842696, 229.23595505617976
845, 414.96707228849215, 27.268764044943826, 1.9101123595505618, 1.3595505617977528, 227.19101123595505
846, 414.56157482051964, 27.23522921348314, 1.9775280898876404, 1.5168539325842696, 225.91011235955057
847, 414.1560773525471, 27.33856741573031, 2.303370786516854, 1.6404494382022472, 225.32584269662922
848, 413.75057988457456, 26.56952808988763, 1.5730337078651686, 1.1910112359550562, 222.80898876404495
849, 413.34508241660205, 26.79495280898876, 2.269662921348315, 1.449438202247191, 221.62921348314606
850, 412.9395849486295, 26.614312359550567, 2.157303370786517, 1.5393258426966292, 219.87640449438203
851, 412.534087480657, 25.90029662921348, 1.5280898876404494, 0.9662921348314607, 218.2134831460674
852, 412.12859001268447, 25.793488764044945, 1.5168539325842696, 1.1348314606741574, 216.43820224719101
853, 411.7230925447119, 26.06761123595506, 2.202247191011236, 1.5168539325842696, 215.07865168539325
854, 411.3175950767394, 25.47227528089888, 1.7415730337078652, 1.2696629213483146, 212.3370786516854
855, 410.9120976087669, 25.55216741573033, 2.146067415730337, 1.4943820224719102, 210.82022471910113
856, 410.5066001407943, 24.80032134831461, 1.5056179775280898, 1.0786516853932584, 208.04494382022472
857, 410.1011026728218, 25.65063483146067, 2.865168539325843, 1.8764044943820224, 207.8314606741573
858, 409.6956052048493, 24.161550561797743, 1.348314606741573, 0.8539325842696629, 204.01123595505618
859, 409.29010773687673, 24.460252808988756, 2.0786516853932584, 1.2134831460674158, 202.86516853932585
860, 408.8846102689042, 24.144595505617968, 1.9101123595505618, 1.2808988764044944, 200.19101123595505
861, 408.4791128009317, 23.891238202247187, 1.8876404494382022, 1.3146067415730338, 197.85393258426967
862, 408.07361533295915, 23.778567415730347, 1.9662921348314606, 1.5168539325842696, 195.61797752808988
863, 407.66811786498664, 23.373697752808987, 1.7865168539325842, 1.2808988764044944, 193.75280898876406
864, 407.2626203970141, 23.072475280898882, 1.651685393258427, 1.303370786516854, 191.34831460674158
865, 406.85712292904157, 23.312858426966287, 2.539325842696629, 1.4943820224719102, 190.14606741573033
866, 406.45162546106906, 22.90448988764045, 2.292134831460674, 1.2584269662921348, 188.42696629213484
867, 406.0461279930965, 22.51407078651686, 1.8764044943820224, 1.1235955056179776, 186.7865168539326
868, 405.640630525124, 22.496479775280903, 1.9438202247191012, 1.3146067415730338, 185.47191011235955
869, 405.2351330571515, 22.58928426966292, 2.438202247191011, 1.4719101123595506, 184.17977528089887
870, 404.8296355891789, 22.088950561797752, 2.067415730337079, 1.3146067415730338, 181.57303370786516
871, 404.4241381212064, 21.880726966292137, 2.056179775280899, 1.1685393258426966, 180.52808988764045
872, 404.0186406532339, 21.59243370786516, 1.8426966292134832, 1.2247191011235956, 178.26966292134833
873, 403.6131431852613, 21.661862921348316, 2.157303370786517, 1.3595505617977528, 177.35955056179776
874, 403.2076457172888, 21.424238202247185, 2.0, 1.449438202247191, 175.22471910112358
875, 402.8021482493163, 21.19685393258427, 2.134831460674157, 1.2247191011235956, 174.03370786516854
876, 402.39665078134374, 20.850920224719108, 1.9213483146067416, 1.2808988764044944, 171.26966292134833
877, 401.9911533133712, 20.57854269662921, 1.7640449438202248, 1.1348314606741574, 170.04494382022472
878, 401.5856558453987, 20.90217078651686, 2.2247191011235956, 1.6741573033707866, 168.8988764044944
879, 401.18015837742615, 20.593508988764054, 2.101123595505618, 1.4382022471910112, 167.73033707865167
880, 400.77466090945364, 20.11874269662922, 1.7865168539325842, 1.2696629213483146, 165.25842696629215
881, 400.36916344148113, 19.48312921348315, 1.6292134831460674, 0.8539325842696629, 162.23595505617976
882, 399.96366597350857, 19.70467415730338, 1.9101123595505618, 1.3370786516853932, 160.95505617977528
883, 399.55816850553606, 19.45888988764045, 1.8876404494382022, 1.2134831460674158, 159.4943820224719
884, 399.15267103756355, 19.084332584269667, 1.6179775280898876, 1.101123595505618, 157.4943820224719
885, 398.747173569591, 19.252229213483147, 1.9775280898876404, 1.4157303370786516, 156.40449438202248
886, 398.3416761016185, 18.36954831460673, 1.2584269662921348, 0.8651685393258427, 153.38202247191012
887, 397.9361786336459, 19.438640449438207, 3.033707865168539, 1.797752808988764, 153.30337078651687
888, 397.5306811656734, 18.300756179775274, 1.8764044943820224, 1.0224719101123596, 150.34831460674158
889, 397.1251836977009, 18.232535955056175, 2.056179775280899, 1.1573033707865168, 148.58426966292134
890, 396.7196862297283, 18.191721348314612, 2.1123595505617976, 1.4606741573033708, 146.51685393258427
891, 396.3141887617558, 17.583606741573046, 1.9101123595505618, 0.9662921348314607, 144.25842696629215
892, 395.9086912937833, 17.625559550561796, 2.157303370786517, 1.348314606741573, 142.01123595505618
893, 395.50319382581074, 17.0767382022472, 1.8314606741573034, 1.0898876404494382, 139.38202247191012
894, 395.09769635783823, 16.6304, 1.6179775280898876, 0.9662921348314607, 136.6629213483146
895, 394.6921988898657, 17.092479775280903, 2.2808988764044944, 1.5730337078651686, 135.85393258426967
896, 394.28670142189316, 16.084817977528093, 1.3707865168539326, 1.0224719101123596, 132.23595505617976
897, 393.88120395392065, 16.296741573033707, 2.247191011235955, 1.1685393258426966, 131.04494382022472
898, 393.47570648594814, 16.028393258426963, 2.0224719101123596, 1.3146067415730338, 128.52808988764045
899, 393.07020901797557, 16.06832471910113, 2.3707865168539324, 1.3820224719101124, 127.61797752808988
900, 392.66471155000306, 15.304783146067424, 1.7191011235955056, 1.0786516853932584, 124.19101123595506
901, 392.25921408203055, 15.43708988764045, 2.134831460674157, 1.3258426966292134, 122.98876404494382
902, 391.853716614058, 14.87643370786516, 1.8426966292134832, 1.1348314606741574, 119.82022471910112
903, 391.4482191460855, 14.567541573033699, 1.8876404494382022, 1.0112359550561798, 117.62921348314607
904, 391.04272167811297, 14.1612797752809, 1.696629213483146, 0.9662921348314607, 114.79775280898876
905, 390.6372242101404, 14.167568539325844, 2.067415730337079, 1.146067415730337, 112.95505617977528
906, 390.2317267421679, 13.570351685393256, 1.651685393258427, 0.9775280898876404, 109.67415730337079
907, 389.8262292741954, 13.572722471910117, 1.9887640449438202, 1.0674157303370786, 108.34831460674157
908, 389.4207318062228, 13.388613483146068, 1.9550561797752808, 1.303370786516854, 105.6067415730337
909, 389.0152343382503, 12.871448314606747, 1.8089887640449438, 0.8764044943820225, 103.65168539325843
910, 388.6097368702778, 12.905350561797752, 1.8876404494382022, 1.3370786516853932, 101.37078651685393
911, 388.20423940230523, 13.386723595505618, 2.651685393258427, 1.752808988764045, 101.4494382022472
912, 387.7987419343327, 12.46570224719101, 1.7415730337078652, 1.3258426966292134, 97.95505617977528
913, 387.39324446636016, 12.026873033707862, 2.056179775280899, 0.797752808988764, 96.0
914, 386.98774699838765, 11.602433707865169, 1.6179775280898876, 0.8651685393258427, 93.07865168539325
915, 386.58224953041514, 12.049253932584271, 2.292134831460674, 1.2808988764044944, 93.08988764044943
916, 386.1767520624426, 11.476187640449439, 1.8314606741573034, 1.2134831460674158, 89.61797752808988
917, 385.77125459447007, 11.083685393258431, 1.6853932584269662, 1.1123595505617978, 87.07865168539325
918, 385.36575712649756, 11.041944943820218, 1.7865168539325842, 1.550561797752809, 84.19101123595506
919, 384.960259658525, 10.799293258426964, 2.0112359550561796, 1.2584269662921348, 82.97752808988764
920, 384.5547621905525, 10.38349550561798, 1.6741573033707866, 1.3370786516853932, 79.80898876404494
921, 384.14926472257997, 10.603733707865175, 2.2134831460674156, 1.4943820224719102, 79.51685393258427
922, 383.7437672546074, 9.743386516853931, 1.4157303370786516, 1.0786516853932584, 76.20224719101124
923, 383.3382697866349, 10.238735955056178, 2.4157303370786516, 1.4831460674157304, 75.84269662921348
924, 382.9327723186624, 9.429503370786515, 1.595505617977528, 1.0786516853932584, 72.97752808988764
925, 382.5272748506898, 9.30043595505618, 2.044943820224719, 0.9550561797752809, 71.30337078651685
926, 382.1217773827173, 9.429349438202246, 2.235955056179775, 1.3370786516853932, 69.96629213483146
927, 381.7162799147448, 9.26883595505618, 2.202247191011236, 1.303370786516854, 68.82022471910112
928, 381.31078244677224, 9.026668539325849, 1.9662921348314606, 1.303370786516854, 67.31460674157303
929, 380.9052849787997, 8.988893258426966, 2.303370786516854, 1.2921348314606742, 66.15730337078652
930, 380.4997875108272, 8.758850561797752, 2.056179775280899, 1.449438202247191, 63.97752808988764
931, 380.09429004285465, 8.994126966292134, 2.438202247191011, 1.6404494382022472, 64.0561797752809
932, 379.68879257488214, 8.19985168539326, 1.7078651685393258, 1.2134831460674158, 61.20224719101124
933, 379.28329510690963, 8.063141573033706, 1.8426966292134832, 1.1235955056179776, 60.1123595505618
934, 378.87779763893707, 8.298316853932583, 2.2247191011235956, 1.6853932584269662, 58.28089887640449
935, 378.47230017096456, 7.872424719101121, 1.9325842696629214, 1.3595505617977528, 56.98876404494382
936, 378.06680270299205, 7.506648314606743, 1.7191011235955056, 1.303370786516854, 54.62921348314607
937, 377.6613052350195, 7.674452808988765, 2.2134831460674156, 1.4269662921348314, 54.168539325842694
938, 377.255807767047, 7.259511235955054, 1.853932584269663, 1.348314606741573, 51.87640449438202
939, 376.8503102990744, 7.054877528089886, 2.1235955056179776, 1.146067415730337, 50.41573033707865
940, 376.4448128311019, 7.015823595505617, 2.2134831460674156, 1.3370786516853932, 48.853932584269664
941, 376.0393153631294, 6.864676404494384, 2.1123595505617976, 1.3820224719101124, 47.561797752808985
942, 375.6338178951568, 6.491777528089887, 1.8876404494382022, 1.1797752808988764, 45.92134831460674
943, 375.2283204271843, 6.6521404494382015, 2.0786516853932584, 1.5280898876404494, 45.03370786516854
944, 374.8228229592118, 6.62358988764045, 2.191011235955056, 1.6404494382022472, 43.91011235955056
945, 374.41732549123924, 6.678365168539327, 2.865168539325843, 1.6741573033707866, 42.449438202247194
946, 374.01182802326673, 5.919223595505619, 2.146067415730337, 1.1573033707865168, 40.337078651685395
947, 373.6063305552942, 6.260603370786516, 2.730337078651685, 1.4719101123595506, 40.17977528089887
948, 373.20083308732166, 5.615675280898876, 1.898876404494382, 1.1348314606741574, 38.438202247191015
949, 372.79533561934915, 6.3469348314606755, 2.898876404494382, 1.853932584269663, 38.52808988764045
950, 372.38983815137664, 5.784756179775281, 2.3258426966292136, 1.5393258426966292, 36.71910112359551
951, 371.98434068340407, 5.985643820224718, 2.662921348314607, 1.853932584269663, 35.97752808988764
952, 371.57884321543156, 5.207130337078653, 1.9550561797752808, 1.2808988764044944, 33.95505617977528
953, 371.17334574745905, 5.2608584269662915, 2.3146067415730336, 1.3595505617977528, 33.07865168539326
954, 370.7678482794865, 5.633295505617978, 2.7752808988764044, 1.8314606741573034, 32.70786516853933
955, 370.362350811514, 5.691643820224718, 3.1123595505617976, 1.898876404494382, 31.98876404494382
956, 369.95685334354147, 5.078429213483149, 2.561797752808989, 1.4269662921348314, 30.48314606741573
957, 369.5513558755689, 5.2011640449438215, 2.966292134831461, 1.6853932584269662, 29.168539325842698
958, 369.1458584075964, 5.4842393258426965, 3.337078651685393, 2.0224719101123596, 28.9438202247191
959, 368.7403609396239, 5.744865168539327, 3.8202247191011236, 2.303370786516854, 28.51685393258427
960, 368.3348634716513, 5.019492134831462, 3.056179775280899, 1.7752808988764044, 26.876404494382022
961, 367.9293660036788, 5.129165168539328, 3.404494382022472, 1.8764044943820224, 26.40449438202247
962, 367.52386853570624, 4.857283146067415, 3.0112359550561796, 1.7640449438202248, 25.629213483146067
963, 367.11837106773373, 5.025378651685393, 3.292134831460674, 1.9662921348314606, 25.325842696629213
964, 366.7128735997612, 5.358441573033708, 3.6741573033707864, 2.258426966292135, 25.741573033707866
965, 366.30737613178866, 4.904822471910112, 3.460674157303371, 1.9325842696629214, 24.0
966, 365.90187866381615, 4.844269662921346, 3.3707865168539324, 1.9101123595505618, 23.820224719101123
967, 365.49638119584364, 4.993794382022474, 3.6292134831460676, 2.168539325842697, 23.123595505617978
968, 365.0908837278711, 4.854997752808988, 3.393258426966292, 2.146067415730337, 22.640449438202246
969, 364.68538625989856, 5.07146629213483, 3.764044943820225, 2.4831460674157304, 21.831460674157302
970, 364.27988879192606, 4.672830337078651, 3.3820224719101124, 2.101123595505618, 21.303370786516854
971, 363.8743913239535, 5.04743258426966, 3.764044943820225, 2.651685393258427, 20.752808988764045
972, 363.468893855981, 4.491768539325841, 3.101123595505618, 2.191011235955056, 19.98876404494382
973, 363.06339638800847, 4.8128247191011235, 3.550561797752809, 2.550561797752809, 19.775280898876403
974, 362.6578989200359, 4.314183146067418, 3.0, 2.1123595505617976, 19.10112359550562
975, 362.2524014520634, 4.9709876404494375, 3.606741573033708, 2.955056179775281, 18.93258426966292
976, 361.8469039840909, 4.7010067415730346, 3.303370786516854, 2.730337078651685, 18.51685393258427
977, 361.4414065161183, 4.479906741573035, 3.5168539325842696, 2.4719101123595504, 17.348314606741575
978, 361.0359090481458, 4.467791011235957, 3.438202247191011, 2.539325842696629, 17.10112359550562
979, 360.6304115801733, 4.744125842696628, 3.797752808988764, 2.752808988764045, 17.48314606741573
980, 360.22491411220074, 4.320508988764045, 3.337078651685393, 2.359550561797753, 17.0
981, 359.8194166442282, 4.391403370786517, 3.49438202247191, 2.4831460674157304, 16.573033707865168
982, 359.4139191762557, 4.485194382022474, 3.561797752808989, 2.595505617977528, 16.640449438202246
983, 359.00842170828315, 5.0064887640449465, 4.213483146067416, 3.191011235955056, 16.43820224719101
984, 358.60292424031064, 4.08848764044944, 3.2134831460674156, 2.337078651685393, 15.404494382022472
985, 358.19742677233813, 4.48210786516854, 3.640449438202247, 2.764044943820225, 15.539325842696629
986, 357.79192930436557, 4.2510067415730335, 3.4157303370786516, 2.539325842696629, 15.258426966292134
987, 357.38643183639306, 4.808047191011234, 3.797752808988764, 3.348314606741573, 14.97752808988764
988, 356.9809343684205, 4.331182022471911, 3.348314606741573, 2.865168539325843, 14.460674157303371
989, 356.575436900448, 4.294555056179775, 3.550561797752809, 2.730337078651685, 14.303370786516854
990, 356.1699394324755, 3.9607651685393255, 3.134831460674157, 2.460674157303371, 13.853932584269662
991, 355.7644419645029, 4.855142696629215, 4.191011235955056, 3.348314606741573, 14.359550561797754
992, 355.3589444965304, 4.227151685393259, 3.539325842696629, 2.730337078651685, 13.741573033707866
993, 354.9534470285579, 4.233420224719102, 3.8876404494382024, 2.550561797752809, 13.808988764044944
994, 354.5479495605853, 4.622605617977529, 4.280898876404494, 2.932584269662921, 14.224719101123595
995, 354.1424520926128, 4.233005617977529, 3.8764044943820224, 2.5730337078651684, 13.719101123595506
996, 353.7369546246403, 3.7479516853932573, 3.404494382022472, 2.0786516853932584, 13.247191011235955
997, 353.33145715666774, 4.670922471910114, 4.370786516853933, 2.9887640449438204, 14.123595505617978
