Extraction [ img/s3/dil4.jpg ] effectuee 2026-05-21 17:17:13.454323
Calibration: -0.4054974679725289*x + 757.6124327252791 [largueur 2543 + 998]

pixel, longueur d'onde, intensite, r, g, b
0, 757.6124327252791, 8.657210389610393, 15.818181818181818, 5.12987012987013, 8.051948051948052
1, 757.2069352573066, 8.647132467532469, 17.376623376623378, 4.220779220779221, 8.558441558441558
2, 756.801437789334, 8.910088311688314, 17.68831168831169, 4.454545454545454, 8.844155844155845
3, 756.3959403213614, 9.346141558441559, 18.454545454545453, 4.701298701298701, 9.38961038961039
4, 755.9904428533889, 9.529362337662334, 18.584415584415584, 4.922077922077922, 9.519480519480519
5, 755.5849453854164, 10.074048051948056, 19.77922077922078, 5.1558441558441555, 9.96103896103896
6, 755.1794479174439, 9.961558441558443, 19.61038961038961, 5.077922077922078, 9.818181818181818
7, 754.7739504494714, 10.429509090909091, 20.753246753246753, 5.194805194805195, 10.324675324675324
8, 754.3684529814989, 11.074272727272728, 21.428571428571427, 5.818181818181818, 11.0
9, 753.9629555135263, 10.832271428571424, 22.22077922077922, 5.0, 11.012987012987013
10, 753.5574580455537, 10.598528571428577, 21.98701298701299, 4.766233766233766, 10.779220779220779
11, 753.1519605775812, 10.917053246753248, 23.103896103896105, 4.64935064935065, 11.246753246753247
12, 752.7464631096087, 11.061316883116875, 23.194805194805195, 4.8311688311688314, 11.337662337662337
13, 752.3409656416362, 11.840763636363631, 24.7012987012987, 5.207792207792208, 12.285714285714286
14, 751.9354681736637, 11.394807792207793, 24.25974025974026, 4.766233766233766, 11.805194805194805
15, 751.5299707056911, 11.755428571428572, 24.935064935064936, 4.961038961038961, 12.194805194805195
16, 751.1244732377186, 12.12211038961039, 25.51948051948052, 5.194805194805195, 12.675324675324676
17, 750.7189757697461, 12.421228571428571, 27.324675324675326, 4.636363636363637, 13.441558441558442
18, 750.3134783017736, 12.851018181818182, 27.87012987012987, 5.0, 13.909090909090908
19, 749.907980833801, 13.1695, 28.506493506493506, 5.142857142857143, 14.2987012987013
20, 749.5024833658285, 13.550027272727277, 28.948051948051948, 5.48051948051948, 14.74025974025974
21, 749.0969858978559, 13.777454545454546, 30.12987012987013, 5.220779220779221, 14.974025974025974
22, 748.6914884298834, 12.868335064935062, 29.116883116883116, 4.3896103896103895, 13.935064935064934
23, 748.2859909619109, 14.913218181818186, 32.103896103896105, 5.883116883116883, 16.350649350649352
24, 747.8804934939384, 13.936768831168829, 31.01298701298701, 4.987012987012987, 15.25974025974026
25, 747.4749960259659, 14.971848051948049, 33.20779220779221, 5.337662337662338, 16.77922077922078
26, 747.0694985579933, 14.836368831168832, 32.935064935064936, 5.298701298701299, 16.506493506493506
27, 746.6640010900207, 15.194770129870136, 34.506493506493506, 4.935064935064935, 17.4025974025974
28, 746.2585036220482, 14.785429870129873, 34.142857142857146, 4.4935064935064934, 17.038961038961038
29, 745.8530061540757, 16.31162467532468, 36.35064935064935, 5.636363636363637, 18.753246753246753
30, 745.4475086861032, 15.97575714285714, 36.064935064935064, 5.2727272727272725, 18.428571428571427
31, 745.0420112181307, 16.006211688311687, 36.45454545454545, 5.090909090909091, 18.61038961038961
32, 744.6365137501581, 14.947466233766237, 35.33766233766234, 4.077922077922078, 17.467532467532468
33, 744.2310162821856, 17.09335324675325, 38.8051948051948, 5.415584415584416, 20.31168831168831
34, 743.8255188142131, 16.21054545454545, 37.922077922077925, 4.545454545454546, 19.363636363636363
35, 743.4200213462406, 16.64065714285714, 38.883116883116884, 4.675324675324675, 19.948051948051948
36, 743.014523878268, 17.61104415584416, 39.94805194805195, 5.584415584415584, 20.98701298701299
37, 742.6090264102955, 17.483353246753246, 40.493506493506494, 5.116883116883117, 20.844155844155843
38, 742.2035289423229, 17.208532467532475, 40.25974025974026, 4.818181818181818, 20.584415584415584
39, 741.7980314743504, 18.645812987012985, 42.77922077922078, 5.701298701298701, 22.038961038961038
40, 741.3925340063779, 18.217845454545454, 42.45454545454545, 5.220779220779221, 21.61038961038961
41, 740.9870365384054, 18.24002337662338, 43.66233766233766, 4.623376623376624, 21.714285714285715
42, 740.5815390704329, 19.271397402597405, 44.72727272727273, 5.636363636363637, 22.753246753246753
43, 740.1760416024604, 18.757276623376622, 45.15584415584416, 4.6103896103896105, 22.4025974025974
44, 739.7705441344877, 18.856920779220783, 45.33766233766234, 4.662337662337662, 22.532467532467532
45, 739.3650466665152, 18.87989740259741, 46.22077922077922, 4.246753246753247, 22.558441558441558
46, 738.9595491985427, 19.25818441558441, 46.5974025974026, 4.636363636363637, 22.883116883116884
47, 738.5540517305702, 18.969998701298707, 46.63636363636363, 4.1558441558441555, 22.727272727272727
48, 738.1485542625977, 20.30228571428571, 48.18181818181818, 5.363636363636363, 24.142857142857142
49, 737.7430567946251, 20.640205194805194, 50.02597402597402, 4.922077922077922, 24.545454545454547
50, 737.3375593266526, 20.352280519480516, 49.79220779220779, 4.636363636363637, 24.103896103896105
51, 736.9320618586801, 20.514820779220784, 51.27272727272727, 4.103896103896104, 24.38961038961039
52, 736.5265643907076, 21.40497402597402, 52.33766233766234, 4.909090909090909, 25.25974025974026
53, 736.121066922735, 21.39476103896103, 53.81818181818182, 4.142857142857143, 25.233766233766232
54, 735.7155694547625, 21.45222987012986, 54.064935064935064, 4.142857142857143, 25.09090909090909
55, 735.3100719867899, 22.261699999999998, 56.37662337662338, 4.233766233766234, 25.662337662337663
56, 734.9045745188174, 22.296818181818193, 56.883116883116884, 4.012987012987013, 25.77922077922078
57, 734.4990770508449, 22.711054545454544, 58.935064935064936, 3.6233766233766236, 26.038961038961038
58, 734.0935795828724, 22.495002597402603, 59.1948051948052, 3.155844155844156, 25.87012987012987
59, 733.6880821148999, 23.895092207792214, 62.1948051948052, 3.7662337662337664, 27.142857142857142
60, 733.2825846469274, 24.304555844155853, 63.01298701298701, 3.9740259740259742, 27.51948051948052
61, 732.8770871789548, 23.25526623376624, 63.05194805194805, 2.4415584415584415, 26.103896103896105
62, 732.4715897109822, 24.37892337662338, 64.66233766233766, 3.2987012987012987, 27.324675324675326
63, 732.0660922430097, 25.908444155844162, 67.24675324675324, 4.285714285714286, 28.883116883116884
64, 731.6605947750372, 24.229031168831167, 65.79220779220779, 2.5714285714285716, 26.792207792207794
65, 731.2550973070647, 26.29788181818181, 69.62337662337663, 3.8701298701298703, 28.207792207792206
66, 730.8495998390922, 25.89080649350648, 69.59740259740259, 3.2857142857142856, 27.714285714285715
67, 730.4441023711196, 25.723737662337662, 70.02597402597402, 2.8181818181818183, 27.532467532467532
68, 730.0386049031471, 26.427548051948044, 71.01298701298701, 3.3506493506493507, 28.376623376623378
69, 729.6331074351746, 26.6958961038961, 72.59740259740259, 2.948051948051948, 28.649350649350648
70, 729.227609967202, 26.984966233766233, 73.1948051948052, 3.090909090909091, 28.883116883116884
71, 728.8221124992295, 27.866245454545453, 75.59740259740259, 3.1948051948051948, 29.77922077922078
72, 728.416615031257, 27.04238701298701, 74.96103896103897, 2.324675324675325, 28.7012987012987
73, 728.0111175632844, 28.78908961038961, 78.71428571428571, 3.0259740259740258, 30.571428571428573
74, 727.6056200953119, 28.40298311688311, 78.6103896103896, 2.5194805194805197, 30.064935064935064
75, 727.2001226273394, 28.860418181818194, 80.62337662337663, 2.220779220779221, 30.337662337662337
76, 726.7946251593669, 30.021051948051937, 82.33766233766234, 3.0779220779220777, 31.61038961038961
77, 726.3891276913944, 30.161883116883125, 83.63636363636364, 2.6363636363636362, 31.714285714285715
78, 725.9836302234218, 30.18637662337662, 83.8961038961039, 2.5584415584415585, 31.649350649350648
79, 725.5781327554492, 30.791668831168828, 85.25974025974025, 2.779220779220779, 32.246753246753244
80, 725.1726352874767, 31.3773116883117, 86.75324675324676, 2.8701298701298703, 33.0
81, 724.7671378195042, 31.624192207792216, 88.59740259740259, 2.2987012987012987, 33.27272727272727
82, 724.3616403515317, 32.2668051948052, 90.51948051948052, 2.2987012987012987, 33.87012987012987
83, 723.9561428835592, 33.00664415584416, 92.51948051948052, 2.4675324675324677, 34.246753246753244
84, 723.5506454155866, 33.81148571428571, 94.49350649350649, 2.6493506493506493, 35.1948051948052
85, 723.1451479476141, 34.26924545454545, 96.63636363636364, 2.3506493506493507, 35.12987012987013
86, 722.7396504796416, 34.3078896103896, 97.59740259740259, 1.922077922077922, 35.15584415584416
87, 722.3341530116691, 35.793263636363626, 101.12987012987013, 2.4545454545454546, 36.18181818181818
88, 721.9286555436966, 35.445197402597394, 101.40259740259741, 1.8311688311688312, 35.62337662337662
89, 721.523158075724, 35.91550389610389, 103.27272727272727, 1.7532467532467533, 35.246753246753244
90, 721.1176606077514, 35.96193246753247, 104.18181818181819, 1.3896103896103895, 35.142857142857146
91, 720.7121631397789, 37.48660129870129, 107.62337662337663, 2.0, 36.35064935064935
92, 720.3066656718064, 38.19964935064936, 110.0, 1.896103896103896, 36.90909090909091
93, 719.9011682038339, 39.22746493506493, 113.01298701298701, 2.064935064935065, 37.15584415584416
94, 719.4956707358614, 39.33326493506493, 114.36363636363636, 1.6103896103896105, 36.883116883116884
95, 719.0901732678889, 41.38112207792207, 118.51948051948052, 2.5844155844155843, 38.935064935064936
96, 718.6846757999162, 41.00237012987014, 119.41558441558442, 1.6493506493506493, 38.077922077922075
97, 718.2791783319437, 42.17062597402599, 122.96103896103897, 1.6753246753246753, 38.896103896103895
98, 717.8736808639712, 43.00352467532467, 125.14285714285714, 1.8571428571428572, 39.54545454545455
99, 717.4681833959987, 44.36503506493505, 128.2207792207792, 2.311688311688312, 41.077922077922075
100, 717.0626859280262, 43.53331948051945, 127.84415584415585, 1.3766233766233766, 39.58441558441559
101, 716.6571884600537, 45.354733766233764, 131.75324675324674, 2.0779220779220777, 41.701298701298704
102, 716.2516909920811, 45.96687402597401, 133.5974025974026, 2.090909090909091, 42.16883116883117
103, 715.8461935241086, 47.0364025974026, 136.62337662337663, 2.220779220779221, 42.94805194805195
104, 715.4406960561361, 47.11212727272726, 137.8181818181818, 1.7792207792207793, 42.753246753246756
105, 715.0351985881636, 48.429885714285724, 141.01298701298703, 2.220779220779221, 43.66233766233766
106, 714.629701120191, 48.865588311688334, 142.6883116883117, 2.051948051948052, 43.96103896103896
107, 714.2242036522184, 50.10581038961041, 145.92207792207793, 2.2987012987012987, 45.09090909090909
108, 713.8187061842459, 50.05071558441557, 146.6103896103896, 1.9350649350649352, 44.675324675324674
109, 713.4132087162734, 50.650953246753225, 148.5194805194805, 1.9350649350649352, 44.935064935064936
110, 713.0077112483009, 50.98308441558442, 149.80519480519482, 1.7402597402597402, 45.48051948051948
111, 712.6022137803284, 51.25855584415584, 150.93506493506493, 1.6493506493506493, 45.4025974025974
112, 712.1967163123559, 51.78787532467531, 152.54545454545453, 1.5974025974025974, 46.09090909090909
113, 711.7912188443833, 52.76083636363636, 155.14285714285714, 1.7532467532467533, 47.01298701298701
114, 711.3857213764107, 52.580405194805195, 155.55844155844156, 1.3376623376623376, 46.48051948051948
115, 710.9802239084382, 53.7109064935065, 157.8181818181818, 1.8051948051948052, 48.064935064935064
116, 710.5747264404657, 54.511103896103904, 159.4805194805195, 2.142857142857143, 48.98701298701299
117, 710.1692289724932, 54.558737662337656, 160.28571428571428, 1.9350649350649352, 48.36363636363637
118, 709.7637315045207, 54.35929480519482, 161.07792207792207, 1.1818181818181819, 48.41558441558441
119, 709.3582340365481, 56.389541558441564, 164.71428571428572, 2.4155844155844157, 50.33766233766234
120, 708.9527365685756, 55.8385844155844, 164.54545454545453, 1.7142857142857142, 49.55844155844156
121, 708.5472391006031, 55.80768701298701, 165.46753246753246, 1.3636363636363635, 48.675324675324674
122, 708.1417416326306, 56.323158441558434, 166.46753246753246, 1.6493506493506493, 49.103896103896105
123, 707.736244164658, 57.09147532467536, 168.75324675324674, 1.7792207792207793, 49.18181818181818
124, 707.3307466966855, 57.48949480519483, 170.24675324675326, 1.5454545454545454, 49.96103896103896
125, 706.9252492287129, 57.98991298701301, 172.16883116883116, 1.4545454545454546, 49.77922077922078
126, 706.5197517607404, 58.49244025974028, 173.5194805194805, 1.5194805194805194, 50.311688311688314
127, 706.1142542927679, 59.29392727272728, 175.92207792207793, 1.5454545454545454, 50.90909090909091
128, 705.7087568247954, 59.70882207792207, 177.1038961038961, 1.6883116883116882, 50.714285714285715
129, 705.3032593568229, 60.89334805194805, 180.67532467532467, 1.7792207792207793, 51.27272727272727
130, 704.8977618888503, 60.81202337662337, 181.32467532467533, 1.4285714285714286, 50.66233766233766
131, 704.4922644208777, 61.682476623376644, 183.80519480519482, 1.4415584415584415, 51.72727272727273
132, 704.0867669529052, 62.668397402597414, 186.02597402597402, 1.7532467532467533, 52.94805194805195
133, 703.6812694849327, 63.78764025974026, 189.1818181818182, 1.7402597402597402, 54.55844155844156
134, 703.2757720169602, 64.30287922077922, 191.07792207792207, 1.5844155844155845, 54.90909090909091
135, 702.8702745489877, 65.34016363636366, 194.07792207792207, 1.4935064935064934, 56.61038961038961
136, 702.4647770810151, 66.6875246753247, 197.0909090909091, 1.9090909090909092, 58.38961038961039
137, 702.0592796130426, 68.03258831168833, 200.74025974025975, 1.974025974025974, 60.285714285714285
138, 701.6537821450701, 68.67844025974024, 203.0, 1.7142857142857142, 61.36363636363637
139, 701.2482846770976, 69.52506363636365, 205.85714285714286, 1.4545454545454546, 62.63636363636363
140, 700.842787209125, 70.9605285714286, 209.25974025974025, 1.8571428571428572, 64.23376623376623
141, 700.4372897411525, 71.71731818181816, 212.01298701298703, 1.6233766233766234, 64.85714285714286
142, 700.0317922731799, 72.9640805194805, 215.16883116883116, 1.8831168831168832, 66.18181818181819
143, 699.6262948052074, 73.96156883116885, 217.6883116883117, 2.064935064935065, 67.3896103896104
144, 699.2207973372349, 74.42393376623374, 220.01298701298703, 1.7142857142857142, 67.15584415584415
145, 698.8152998692624, 75.9786896103896, 224.66233766233765, 1.844155844155844, 67.93506493506493
146, 698.4098024012899, 77.58171558441558, 229.33766233766235, 1.8311688311688312, 69.8051948051948
147, 698.0043049333174, 79.17222207792204, 232.84415584415584, 2.2987012987012987, 72.15584415584415
148, 697.5988074653447, 79.94304935064935, 235.35064935064935, 2.090909090909091, 73.41558441558442
149, 697.1933099973722, 80.76571688311687, 238.41558441558442, 1.5584415584415585, 75.33766233766234
150, 696.7878125293997, 81.42962727272727, 240.35064935064935, 1.3636363636363635, 77.0909090909091
151, 696.3823150614272, 82.70783636363635, 242.15584415584416, 2.051948051948052, 80.02597402597402
152, 695.9768175934547, 83.28012077922077, 243.5974025974026, 1.922077922077922, 81.93506493506493
153, 695.5713201254821, 84.32671038961037, 245.36363636363637, 2.2987012987012987, 84.54545454545455
154, 695.1658226575096, 84.70335194805196, 246.4805194805195, 2.116883116883117, 85.85714285714286
155, 694.7603251895371, 86.1850142857143, 248.42857142857142, 3.116883116883117, 88.59740259740259
156, 694.3548277215646, 86.67468311688309, 249.14285714285714, 3.3376623376623376, 89.88311688311688
157, 693.949330253592, 87.56388961038961, 249.80519480519482, 4.285714285714286, 91.06493506493507
158, 693.5438327856195, 89.03533376623376, 250.6883116883117, 6.077922077922078, 92.42857142857143
159, 693.138335317647, 91.01782987012986, 251.7012987012987, 8.38961038961039, 95.25974025974025
160, 692.7328378496744, 91.67401948051948, 251.4935064935065, 9.623376623376624, 95.20779220779221
161, 692.3273403817019, 93.2460051948052, 252.41558441558442, 11.506493506493506, 96.88311688311688
162, 691.9218429137294, 93.74136623376629, 252.1818181818182, 12.532467532467532, 96.55844155844156
163, 691.5163454457569, 95.27160909090912, 252.35064935064935, 14.753246753246753, 98.1038961038961
164, 691.1108479777844, 96.85548571428573, 253.06493506493507, 16.896103896103895, 99.0909090909091
165, 690.7053505098118, 98.38880129870128, 253.54545454545453, 19.12987012987013, 99.77922077922078
166, 690.2998530418392, 99.59212727272728, 253.14285714285714, 21.31168831168831, 100.15584415584415
167, 689.8943555738667, 101.22558051948052, 253.67532467532467, 23.558441558441558, 101.51948051948052
168, 689.4888581058942, 102.35757142857143, 253.76623376623377, 25.233766233766232, 102.58441558441558
169, 689.0833606379217, 102.88178181818184, 253.87012987012986, 26.025974025974026, 102.83116883116882
170, 688.6778631699492, 103.04904025974027, 254.01298701298703, 26.2987012987013, 102.51948051948052
171, 688.2723657019766, 104.27188961038961, 254.35064935064935, 27.935064935064936, 103.93506493506493
172, 687.8668682340041, 104.06474155844155, 254.01298701298703, 27.87012987012987, 103.33766233766234
173, 687.4613707660316, 104.48656883116884, 254.05194805194805, 28.571428571428573, 103.32467532467533
174, 687.055873298059, 104.50153766233765, 254.23376623376623, 28.51948051948052, 103.24675324675324
175, 686.6503758300865, 104.4049623376623, 254.01298701298703, 28.636363636363637, 102.37662337662337
176, 686.2448783621139, 104.25629870129863, 253.76623376623377, 28.584415584415584, 101.98701298701299
177, 685.8393808941414, 104.99461818181821, 254.2077922077922, 29.415584415584416, 103.02597402597402
178, 685.4338834261689, 104.6456103896104, 254.02597402597402, 29.064935064935064, 102.24675324675324
179, 685.0283859581964, 104.60863376623375, 253.92207792207793, 29.064935064935064, 102.1948051948052
180, 684.6228884902239, 104.57152337662336, 253.85714285714286, 29.155844155844157, 101.57142857142857
181, 684.2173910222514, 105.35936233766236, 254.2987012987013, 30.025974025974026, 102.84415584415585
182, 683.8118935542789, 104.58881558441558, 253.7922077922078, 29.31168831168831, 101.0909090909091
183, 683.4063960863062, 105.18400000000004, 253.8961038961039, 30.272727272727273, 101.0909090909091
184, 683.0008986183337, 105.45394415584417, 254.19480519480518, 30.623376623376622, 100.87012987012987
185, 682.5954011503612, 105.30039999999998, 254.1818181818182, 30.441558441558442, 100.49350649350649
186, 682.1899036823887, 104.67787532467533, 253.84415584415584, 29.805194805194805, 99.1948051948052
187, 681.7844062144162, 105.40525324675323, 254.0909090909091, 30.805194805194805, 99.77922077922078
188, 681.3789087464436, 105.32586363636364, 253.96103896103895, 30.857142857142858, 99.15584415584415
189, 680.9734112784711, 105.51947012987016, 254.12987012987014, 31.09090909090909, 99.20779220779221
190, 680.5679138104986, 105.64798701298703, 253.76623376623377, 31.545454545454547, 98.94805194805195
191, 680.1624163425261, 105.69625454545456, 253.94805194805195, 31.623376623376622, 98.49350649350649
192, 679.7569188745535, 105.35299090909089, 253.72727272727272, 31.337662337662337, 97.53246753246754
193, 679.351421406581, 105.68967922077923, 253.72727272727272, 31.896103896103895, 97.6103896103896
194, 678.9459239386084, 105.24249740259742, 253.33766233766235, 31.68831168831169, 95.77922077922078
195, 678.5404264706359, 105.81769740259742, 253.41558441558442, 32.714285714285715, 95.33766233766234
196, 678.1349290026634, 104.98059090909095, 252.7922077922078, 32.142857142857146, 92.57142857142857
197, 677.7294315346909, 105.92831038961039, 253.12987012987014, 33.532467532467535, 92.84415584415585
198, 677.3239340667184, 105.90518051948048, 252.87012987012986, 34.03896103896104, 90.71428571428571
199, 676.9184365987458, 106.16028051948051, 253.03896103896105, 34.493506493506494, 90.16883116883118
200, 676.5129391307732, 106.08632727272729, 252.7012987012987, 34.94805194805195, 88.06493506493507
201, 676.1074416628007, 106.74260129870132, 252.8181818181818, 36.05194805194805, 87.83116883116882
202, 675.7019441948282, 106.87487532467532, 252.28571428571428, 36.90909090909091, 85.97402597402598
203, 675.2964467268557, 109.00191038961037, 252.84415584415584, 40.03896103896104, 87.05194805194805
204, 674.8909492588832, 108.75960389610387, 251.62337662337663, 40.8051948051948, 84.18181818181819
205, 674.4854517909107, 109.57349220779221, 251.7012987012987, 42.285714285714285, 83.49350649350649
206, 674.0799543229381, 111.81000129870122, 252.32467532467533, 45.66233766233766, 84.0909090909091
207, 673.6744568549656, 113.18576883116886, 252.44155844155844, 47.896103896103895, 84.35064935064935
208, 673.2689593869931, 114.35695714285715, 252.24675324675326, 50.1948051948052, 83.2987012987013
209, 672.8634619190206, 116.99199999999998, 252.5974025974026, 54.37662337662338, 83.96103896103897
210, 672.457964451048, 117.10711038961036, 252.01298701298703, 55.311688311688314, 81.68831168831169
211, 672.0524669830754, 118.87482987012987, 252.6103896103896, 57.87012987012987, 82.45454545454545
212, 671.6469695151029, 119.54590649350642, 252.88311688311688, 59.1948051948052, 80.8051948051948
213, 671.2414720471304, 120.51164025974026, 252.6883116883117, 61.077922077922075, 80.0909090909091
214, 670.8359745791579, 121.26470389610387, 252.3116883116883, 62.79220779220779, 78.85714285714286
215, 670.4304771111854, 122.17217402597403, 252.54545454545453, 64.33766233766234, 78.24675324675324
216, 670.0249796432129, 123.06993896103899, 252.42857142857142, 66.07792207792208, 77.46753246753246
217, 669.6194821752403, 124.14243636363636, 252.64935064935065, 67.8051948051948, 77.40259740259741
218, 669.2139847072677, 126.01438831168832, 253.0, 70.81818181818181, 77.3896103896104
219, 668.8084872392952, 127.17490649350654, 252.88311688311688, 72.94805194805195, 76.9090909090909
220, 668.4029897713227, 128.84099220779214, 252.93506493506493, 75.8961038961039, 76.20779220779221
221, 667.9974923033502, 131.12928311688313, 253.14285714285714, 79.6103896103896, 76.6103896103896
222, 667.5919948353776, 130.84450519480518, 252.4805194805195, 80.07792207792208, 73.44155844155844
223, 667.1864973674051, 132.809874025974, 253.2077922077922, 82.92207792207792, 74.12987012987013
224, 666.7809998994326, 133.83740389610387, 253.1038961038961, 85.01298701298701, 72.64935064935065
225, 666.3755024314601, 134.9856454545455, 253.28571428571428, 87.0909090909091, 71.54545454545455
226, 665.9700049634876, 135.99502727272727, 253.23376623376623, 89.11688311688312, 70.1038961038961
227, 665.564507495515, 137.18157402597404, 253.4805194805195, 91.0, 70.16883116883118
228, 665.1590100275425, 137.21237142857143, 253.03896103896105, 91.77922077922078, 67.58441558441558
229, 664.7535125595699, 139.07173766233757, 253.53246753246754, 94.67532467532467, 67.68831168831169
230, 664.3480150915974, 138.9802194805195, 252.87012987012986, 95.36363636363636, 65.07792207792208
231, 663.9425176236249, 139.54021558441568, 252.9090909090909, 96.44155844155844, 64.33766233766234
232, 663.5370201556524, 140.8702714285714, 253.12987012987014, 98.68831168831169, 63.857142857142854
233, 663.1315226876799, 141.39921168831168, 252.94805194805195, 99.81818181818181, 63.15584415584416
234, 662.7260252197073, 142.36394285714286, 253.16883116883116, 101.3896103896104, 62.94805194805195
235, 662.3205277517347, 143.65865194805193, 253.2207792207792, 103.48051948051948, 63.4025974025974
236, 661.9150302837622, 144.16758051948045, 253.02597402597402, 104.53246753246754, 62.96103896103896
237, 661.5095328157897, 145.6015103896104, 253.33766233766235, 106.67532467532467, 63.688311688311686
238, 661.1040353478172, 146.0188428571429, 253.3896103896104, 107.49350649350649, 63.0
239, 660.6985378798447, 146.30459610389607, 253.3896103896104, 108.1038961038961, 62.36363636363637
240, 660.2930404118721, 147.05803116883106, 253.58441558441558, 109.28571428571429, 62.37662337662338
241, 659.8875429438996, 147.727587012987, 253.74025974025975, 110.31168831168831, 62.55844155844156
242, 659.4820454759271, 147.51576233766232, 253.54545454545453, 110.24675324675324, 61.54545454545455
243, 659.0765480079546, 147.89928571428564, 253.24675324675326, 110.97402597402598, 61.94805194805195
244, 658.671050539982, 148.8259545454546, 253.57142857142858, 112.31168831168831, 62.33766233766234
245, 658.2655530720094, 149.18547922077914, 253.9090909090909, 112.8051948051948, 62.064935064935064
246, 657.8600556040369, 149.60324415584412, 253.66233766233765, 113.67532467532467, 61.896103896103895
247, 657.4545581360644, 150.46158051948044, 253.80519480519482, 114.97402597402598, 62.36363636363637
248, 657.0490606680919, 149.92625194805186, 253.06493506493507, 114.7012987012987, 61.01298701298701
249, 656.6435632001194, 150.85326103896102, 253.4935064935065, 115.97402597402598, 61.467532467532465
250, 656.2380657321469, 151.4978675324675, 253.53246753246754, 117.06493506493507, 61.4025974025974
251, 655.8325682641744, 151.72497272727273, 253.25974025974025, 117.71428571428571, 60.76623376623377
252, 655.4270707962017, 152.03577272727273, 252.92207792207793, 118.50649350649351, 60.298701298701296
253, 655.0215733282292, 152.49131948051945, 253.03896103896105, 119.2987012987013, 59.90909090909091
254, 654.6160758602567, 153.03151818181817, 253.0, 120.23376623376623, 59.935064935064936
255, 654.2105783922842, 153.933674025974, 253.25974025974025, 121.53246753246754, 60.48051948051948
256, 653.8050809243117, 154.2832181818181, 253.14285714285714, 122.37662337662337, 59.506493506493506
257, 653.3995834563391, 155.03923766233768, 252.8181818181818, 123.96103896103897, 58.83116883116883
258, 652.9940859883666, 155.70181428571428, 252.76623376623377, 125.18181818181819, 58.493506493506494
259, 652.5885885203941, 155.65951818181827, 252.6103896103896, 125.25974025974025, 58.12987012987013
260, 652.1830910524216, 156.4258168831169, 252.4805194805195, 126.63636363636364, 58.103896103896105
261, 651.777593584449, 156.68967792207795, 252.3116883116883, 127.27272727272727, 57.58441558441559
262, 651.3720961164765, 157.39849610389615, 252.3116883116883, 128.55844155844156, 57.18181818181818
263, 650.9665986485039, 158.39059740259742, 252.46753246753246, 130.1818181818182, 57.116883116883116
264, 650.5611011805314, 158.6613051948052, 252.14285714285714, 131.0, 56.12987012987013
265, 650.1556037125589, 159.44871688311693, 252.3116883116883, 132.28571428571428, 55.97402597402598
266, 649.7501062445864, 160.044648051948, 252.2207792207792, 133.4935064935065, 55.22077922077922
267, 649.3446087766139, 160.42774675324682, 252.4025974025974, 134.19480519480518, 54.493506493506494
268, 648.9391113086413, 160.96824935064936, 252.05194805194805, 135.4025974025974, 53.935064935064936
269, 648.5336138406687, 161.8062350649351, 251.67532467532467, 136.97402597402598, 54.18181818181818
270, 648.1281163726962, 161.8192064935065, 251.3116883116883, 137.33766233766235, 53.37662337662338
271, 647.7226189047237, 162.00051038961038, 251.3896103896104, 137.66233766233765, 53.09090909090909
272, 647.3171214367512, 162.58320519480515, 251.06493506493507, 138.80519480519482, 53.16883116883117
273, 646.9116239687787, 163.9848662337662, 251.46753246753246, 140.93506493506493, 53.44155844155844
274, 646.5061265008062, 163.72898311688311, 250.94805194805195, 141.02597402597402, 52.09090909090909
275, 646.1006290328336, 164.42859740259735, 251.16883116883116, 142.15584415584416, 51.83116883116883
276, 645.6951315648611, 164.41960000000003, 250.4935064935065, 142.7012987012987, 50.714285714285715
277, 645.2896340968886, 164.40726363636364, 250.2207792207792, 143.02597402597402, 49.64935064935065
278, 644.884136628916, 164.91805324675335, 249.85714285714286, 144.19480519480518, 49.064935064935064
279, 644.4786391609435, 165.5811350649351, 250.2077922077922, 145.24675324675326, 48.54545454545455
280, 644.0731416929709, 165.64956883116884, 249.76623376623377, 145.71428571428572, 47.896103896103895
281, 643.6676442249984, 166.7273051948052, 250.06493506493507, 147.33766233766235, 48.20779220779221
282, 643.2621467570259, 166.73114935064936, 249.54545454545453, 147.72727272727272, 47.5974025974026
283, 642.8566492890534, 166.96350129870132, 249.53246753246754, 148.2987012987013, 46.72727272727273
284, 642.4511518210809, 167.35636103896104, 249.24675324675326, 149.25974025974025, 45.97402597402598
285, 642.0456543531084, 168.4680727272727, 249.4025974025974, 151.03896103896105, 46.15584415584416
286, 641.6401568851358, 168.99145064935058, 249.12987012987014, 152.2207792207792, 45.37662337662338
287, 641.2346594171632, 169.5524428571429, 249.2077922077922, 153.19480519480518, 45.077922077922075
288, 640.8291619491907, 170.5695337662338, 249.2077922077922, 154.93506493506493, 45.03896103896104
289, 640.4236644812182, 171.62383636363631, 249.16883116883116, 156.67532467532467, 45.42857142857143
290, 640.0181670132457, 171.19243896103896, 248.72727272727272, 156.4805194805195, 43.8051948051948
291, 639.6126695452731, 171.93014285714295, 248.96103896103895, 157.53246753246754, 44.246753246753244
292, 639.2071720773006, 171.85099480519492, 248.75324675324674, 157.66233766233765, 43.42857142857143
293, 638.8016746093281, 172.2588974025974, 248.55844155844156, 158.5194805194805, 43.103896103896105
294, 638.3961771413556, 172.45603116883115, 248.25974025974025, 159.16883116883116, 42.27272727272727
295, 637.990679673383, 173.36257142857153, 248.1818181818182, 160.74025974025975, 42.33766233766234
296, 637.5851822054105, 173.69848831168827, 247.97402597402598, 161.5974025974026, 41.41558441558441
297, 637.179684737438, 174.48399870129876, 248.06493506493507, 162.92207792207793, 41.246753246753244
298, 636.7741872694654, 174.79834545454543, 247.58441558441558, 163.9090909090909, 40.18181818181818
299, 636.3686898014929, 175.3739662337663, 247.74025974025975, 164.8961038961039, 39.74025974025974
300, 635.9631923335204, 175.75380259740257, 247.42857142857142, 165.8961038961039, 38.74025974025974
301, 635.5576948655479, 177.16784675324672, 247.8961038961039, 167.96103896103895, 39.285714285714285
302, 635.1521973975754, 177.2796441558442, 247.71428571428572, 168.41558441558442, 38.4025974025974
303, 634.7466999296028, 177.95155584415585, 247.6883116883117, 169.46753246753246, 38.94805194805195
304, 634.3412024616302, 178.233425974026, 247.55844155844156, 170.12987012987014, 38.35064935064935
305, 633.9357049936577, 179.1890454545454, 247.5974025974026, 171.66233766233765, 38.74025974025974
306, 633.5302075256852, 179.00177272727265, 247.07792207792207, 171.87012987012986, 37.38961038961039
307, 633.1247100577127, 180.0218805194806, 247.2987012987013, 173.3896103896104, 37.935064935064936
308, 632.7192125897402, 180.7521844155844, 247.24675324675326, 174.67532467532467, 37.857142857142854
309, 632.3137151217677, 181.81116753246752, 247.41558441558442, 176.25974025974025, 38.54545454545455
310, 631.9082176537951, 181.44035064935062, 246.75324675324674, 176.19480519480518, 37.36363636363637
311, 631.5027201858226, 182.59743246753243, 247.1038961038961, 177.74025974025975, 38.63636363636363
312, 631.0972227178501, 182.83033116883112, 246.42857142857142, 178.4935064935065, 38.57142857142857
313, 630.6917252498775, 183.77602207792202, 246.92207792207793, 179.63636363636363, 39.688311688311686
314, 630.286227781905, 183.2827727272727, 246.16883116883116, 179.45454545454547, 38.27272727272727
315, 629.8807303139324, 184.71403376623377, 246.15584415584416, 181.66233766233765, 39.493506493506494
316, 629.4752328459599, 185.02114025974026, 245.74025974025975, 182.64935064935065, 38.1948051948052
317, 629.0697353779874, 185.14646883116876, 245.7012987012987, 183.12987012987014, 36.922077922077925
318, 628.6642379100149, 186.56401818181817, 245.66233766233765, 185.5974025974026, 36.753246753246756
319, 628.2587404420424, 187.14229350649347, 245.37662337662337, 186.75324675324674, 36.62337662337662
320, 627.8532429740699, 187.3694103896104, 245.11688311688312, 187.6103896103896, 34.883116883116884
321, 627.4477455060972, 187.98335194805196, 244.66233766233765, 189.12987012987014, 33.63636363636363
322, 627.0422480381247, 187.52786753246755, 243.66233766233765, 189.32467532467533, 31.25974025974026
323, 626.6367505701522, 188.89703506493504, 244.32467532467533, 191.24675324675326, 31.636363636363637
324, 626.2312531021797, 189.20440389610388, 243.75324675324674, 192.37662337662337, 30.01298701298701
325, 625.8257556342072, 189.85131428571424, 243.2207792207792, 193.8961038961039, 29.25974025974026
326, 625.4202581662346, 189.96556623376622, 242.9090909090909, 194.6883116883117, 27.0
327, 625.0147606982621, 190.09563376623373, 242.4935064935065, 195.36363636363637, 25.753246753246753
328, 624.6092632302896, 190.88431948051945, 242.3896103896104, 197.07792207792207, 24.116883116883116
329, 624.2037657623171, 190.95011428571422, 241.32467532467533, 197.98701298701297, 22.805194805194805
330, 623.7982682943446, 190.6081025974026, 240.27272727272728, 198.45454545454547, 20.155844155844157
331, 623.392770826372, 191.41931168831172, 240.0, 200.19480519480518, 19.025974025974026
332, 622.9872733583995, 191.42626623376614, 238.24675324675326, 201.55844155844156, 16.662337662337663
333, 622.5817758904269, 191.69499870129872, 237.41558441558442, 202.80519480519482, 14.779220779220779
334, 622.1762784224544, 191.97237272727264, 236.14285714285714, 204.3116883116883, 12.792207792207792
335, 621.7707809544819, 192.31789090909095, 235.63636363636363, 205.32467532467533, 11.935064935064934
336, 621.3652834865094, 192.14556363636368, 233.58441558441558, 206.53246753246754, 9.584415584415584
337, 620.9597860185368, 191.76668311688312, 231.4805194805195, 207.3896103896104, 7.363636363636363
338, 620.5542885505643, 192.10797532467532, 229.98701298701297, 208.96103896103895, 6.181818181818182
339, 620.1487910825917, 192.5279337662338, 228.97402597402598, 210.19480519480518, 6.1688311688311686
340, 619.7432936146192, 192.06787922077922, 226.14285714285714, 211.05194805194805, 5.142857142857143
341, 619.3377961466467, 191.63956103896106, 223.74025974025975, 211.72727272727272, 4.207792207792208
342, 618.9322986786742, 192.11397922077924, 221.5064935064935, 213.76623376623377, 3.727272727272727
343, 618.5268012107017, 192.2133532467533, 219.58441558441558, 215.0, 3.2857142857142856
344, 618.1213037427291, 191.96817402597392, 216.7012987012987, 216.25974025974025, 2.207792207792208
345, 617.7158062747566, 193.17431298701294, 215.57142857142858, 218.76623376623377, 2.844155844155844
346, 617.3103088067841, 193.11475974025979, 213.1818181818182, 220.0909090909091, 1.7662337662337662
347, 616.9048113388116, 193.751522077922, 211.27272727272728, 222.05194805194805, 2.25974025974026
348, 616.499313870839, 194.63195844155842, 209.37662337662337, 224.53246753246754, 2.1818181818181817
349, 616.0938164028664, 194.78058311688312, 207.02597402597402, 225.92207792207793, 2.4935064935064934
350, 615.6883189348939, 195.11421688311682, 204.84415584415584, 227.64935064935065, 2.2467532467532467
351, 615.2828214669214, 195.50027532467539, 204.0, 228.62337662337663, 2.831168831168831
352, 614.8773239989489, 195.14656493506487, 201.1038961038961, 229.64935064935065, 2.038961038961039
353, 614.4718265309764, 195.58626363636358, 199.44155844155844, 231.1818181818182, 2.3636363636363638
354, 614.0663290630039, 195.63982857142855, 196.64935064935065, 232.74025974025975, 2.1298701298701297
355, 613.6608315950314, 195.40809220779224, 193.36363636363637, 233.85714285714286, 2.961038961038961
356, 613.2553341270587, 194.76528571428568, 189.4805194805195, 234.88311688311688, 2.220779220779221
357, 612.8498366590862, 193.7286519480519, 185.03896103896105, 235.36363636363637, 2.2987012987012987
358, 612.4443391911137, 193.19619090909094, 181.2077922077922, 236.4805194805195, 1.922077922077922
359, 612.0388417231412, 192.56990389610394, 177.58441558441558, 237.2207792207792, 2.116883116883117
360, 611.6333442551686, 191.5220506493506, 173.12987012987014, 237.7922077922078, 1.6623376623376624
361, 611.2278467871961, 190.83529740259746, 169.88311688311688, 238.19480519480518, 2.0779220779220777
362, 610.8223493192236, 189.50925844155847, 165.2077922077922, 238.3896103896104, 1.7012987012987013
363, 610.4168518512511, 189.62427532467527, 162.1818181818182, 239.92207792207793, 2.7532467532467533
364, 610.0113543832786, 188.50300000000001, 157.4025974025974, 240.4025974025974, 2.9740259740259742
365, 609.605856915306, 188.03835584415586, 153.45454545454547, 241.46753246753246, 3.7662337662337664
366, 609.2003594473335, 185.64458441558446, 147.01298701298703, 241.0, 2.064935064935065
367, 608.794861979361, 184.29129480519484, 142.5064935064935, 241.06493506493507, 1.6753246753246753
368, 608.3893645113884, 182.45227272727266, 135.97402597402598, 241.2987012987013, 1.4675324675324675
369, 607.9838670434159, 180.36662727272727, 128.53246753246754, 241.44155844155844, 1.948051948051948
370, 607.5783695754434, 177.74658441558446, 119.87012987012987, 241.45454545454547, 1.6103896103896105
371, 607.1728721074709, 175.06949740259748, 111.3896103896104, 241.27272727272728, 1.2987012987012987
372, 606.7673746394983, 172.47435974025973, 102.24675324675324, 241.53246753246754, 1.1688311688311688
373, 606.3618771715257, 169.48768441558437, 92.63636363636364, 241.35064935064935, 1.103896103896104
374, 605.9563797035532, 167.8075779220779, 85.0, 242.2987012987013, 1.5064935064935066
375, 605.5508822355807, 165.7705402597402, 77.84415584415585, 242.45454545454547, 1.5974025974025974
376, 605.1453847676082, 163.88519350649352, 71.05194805194805, 242.7012987012987, 1.5974025974025974
377, 604.7398872996357, 162.182125974026, 64.45454545454545, 243.1038961038961, 1.8831168831168832
378, 604.3343898316632, 160.07721948051943, 57.15584415584416, 243.25974025974025, 1.7532467532467533
379, 603.9288923636906, 157.52647402597407, 49.285714285714285, 243.0, 1.3506493506493507
380, 603.5233948957181, 155.07461818181818, 40.57142857142857, 243.19480519480518, 1.6883116883116882
381, 603.1178974277456, 151.9684857142857, 30.727272727272727, 242.88311688311688, 1.8571428571428572
382, 602.712399959773, 149.49664025974022, 21.51948051948052, 243.35064935064935, 1.9090909090909092
383, 602.3069024918004, 146.3527207792208, 11.753246753246753, 243.1038961038961, 1.2077922077922079
384, 601.9014050238279, 144.42968311688315, 5.5064935064935066, 243.03896103896105, 1.051948051948052
385, 601.4959075558554, 144.08612727272734, 2.7532467532467533, 243.80519480519482, 1.3116883116883118
386, 601.0904100878829, 144.1453207792208, 1.7272727272727273, 244.33766233766235, 1.7792207792207793
387, 600.6849126199104, 144.67815194805198, 2.5064935064935066, 244.64935064935065, 2.8051948051948052
388, 600.2794151519379, 144.7010649350649, 1.948051948051948, 245.1038961038961, 2.1298701298701297
389, 599.8739176839654, 144.5749662337663, 1.896103896103896, 244.87012987012986, 2.3636363636363638
390, 599.4684202159929, 144.42364025974035, 1.3896103896103895, 244.96103896103895, 1.896103896103896
391, 599.0629227480202, 144.921738961039, 1.9610389610389611, 245.4025974025974, 2.4935064935064934
392, 598.6574252800477, 144.6813350649351, 1.5844155844155845, 245.28571428571428, 1.974025974025974
393, 598.2519278120752, 145.61648571428577, 2.675324675324675, 246.1038961038961, 3.103896103896104
394, 597.8464303441027, 145.31467272727275, 2.103896103896104, 245.97402597402598, 2.6233766233766236
395, 597.4409328761301, 145.22733376623384, 2.2467532467532467, 245.72727272727272, 2.7532467532467533
396, 597.0354354081576, 144.9205610389611, 1.5324675324675325, 245.72727272727272, 1.9350649350649352
397, 596.6299379401851, 145.6915220779222, 2.4415584415584415, 246.44155844155844, 2.6363636363636362
398, 596.2244404722126, 145.09001948051957, 1.4935064935064934, 246.1038961038961, 1.5844155844155845
399, 595.81894300424, 145.22091428571434, 2.0259740259740258, 245.92207792207793, 2.272727272727273
400, 595.4134455362675, 144.96080129870143, 1.7272727272727273, 245.71428571428572, 1.844155844155844
401, 595.007948068295, 145.40283116883128, 2.0779220779220777, 246.12987012987014, 2.6623376623376624
402, 594.6024506003224, 144.85589220779227, 1.5974025974025974, 245.57142857142858, 2.0
403, 594.1969531323499, 145.22657532467537, 1.7792207792207793, 246.06493506493507, 2.2337662337662336
404, 593.7914556643774, 145.02768831168837, 1.6883116883116882, 245.80519480519482, 2.064935064935065
405, 593.3859581964049, 145.26239090909095, 2.064935064935065, 245.93506493506493, 2.4675324675324677
406, 592.9804607284323, 145.38066363636366, 1.8051948051948052, 246.3116883116883, 2.2467532467532467
407, 592.5749632604598, 144.92444285714296, 1.5454545454545454, 245.72727272727272, 1.9350649350649352
408, 592.1694657924872, 144.6848584415585, 1.2857142857142858, 245.5194805194805, 1.5844155844155845
409, 591.7639683245147, 145.549216883117, 2.2467532467532467, 246.28571428571428, 2.7012987012987013
410, 591.3584708565422, 145.42204025974033, 2.064935064935065, 246.1818181818182, 2.5974025974025974
411, 590.9529733885697, 145.0006155844156, 1.896103896103896, 245.6103896103896, 2.2857142857142856
412, 590.5474759205972, 144.6175467532468, 1.4155844155844155, 245.28571428571428, 1.8571428571428572
413, 590.1419784526247, 145.18039480519477, 1.896103896103896, 245.9090909090909, 2.324675324675325
414, 589.7364809846521, 145.3836051948051, 2.0, 246.19480519480518, 2.3636363636363638
415, 589.3309835166796, 145.00271688311682, 2.051948051948052, 245.5194805194805, 2.3636363636363638
416, 588.9254860487071, 145.0302896103896, 1.7792207792207793, 245.75324675324674, 2.116883116883117
417, 588.5199885807345, 144.74418051948055, 1.7012987012987013, 245.27272727272728, 2.2857142857142856
418, 588.1144911127619, 144.55670000000006, 1.4415584415584415, 245.16883116883116, 1.8571428571428572
419, 587.7089936447894, 144.86537272727276, 2.116883116883117, 245.1818181818182, 2.727272727272727
420, 587.3034961768169, 144.2974844155844, 1.5194805194805194, 244.66233766233765, 1.9870129870129871
421, 586.8979987088444, 145.0597000000001, 2.220779220779221, 245.46753246753246, 2.688311688311688
422, 586.4925012408719, 144.69025714285712, 1.7142857142857142, 245.1818181818182, 2.2467532467532467
423, 586.0870037728994, 144.79176233766233, 1.7272727272727273, 245.35064935064935, 2.2337662337662336
424, 585.6815063049269, 145.00589740259736, 1.9350649350649352, 245.58441558441558, 2.3636363636363638
425, 585.2760088369542, 145.2282948051948, 2.5064935064935066, 245.57142857142858, 2.883116883116883
426, 584.8705113689817, 145.03142857142856, 2.0779220779220777, 245.53246753246754, 2.4805194805194803
427, 584.4650139010092, 144.49961428571433, 1.7792207792207793, 244.84415584415584, 2.142857142857143
428, 584.0595164330367, 144.35395194805196, 1.2597402597402598, 244.97402597402598, 1.5584415584415585
429, 583.6540189650642, 144.59045324675327, 1.7012987012987013, 245.02597402597402, 2.207792207792208
430, 583.2485214970916, 144.8174961038961, 1.6623376623376624, 245.4805194805195, 1.9610389610389611
431, 582.8430240291191, 144.9433506493507, 2.0779220779220777, 245.4025974025974, 2.3766233766233764
432, 582.4375265611466, 144.45307532467527, 1.5844155844155845, 244.92207792207793, 1.844155844155844
433, 582.0320290931741, 144.9954142857143, 2.3506493506493507, 245.32467532467533, 2.5194805194805197
434, 581.6265316252016, 144.6508428571429, 1.7012987012987013, 245.1818181818182, 1.9350649350649352
435, 581.221034157229, 145.0134623376624, 2.5194805194805197, 245.24675324675326, 2.6363636363636362
436, 580.8155366892565, 144.792125974026, 1.9870129870129871, 245.24675324675326, 2.090909090909091
437, 580.4100392212839, 144.74054285714286, 2.3636363636363638, 244.9090909090909, 2.3896103896103895
438, 580.0045417533114, 144.33444415584415, 1.5324675324675325, 244.7792207792208, 1.6753246753246753
439, 579.5990442853389, 144.9123155844156, 2.2987012987012987, 245.1818181818182, 2.6623376623376624
440, 579.1935468173664, 144.47124415584423, 1.4545454545454546, 245.05194805194805, 1.6753246753246753
441, 578.7880493493938, 144.10215454545448, 1.3116883116883118, 244.4025974025974, 2.155844155844156
442, 578.3825518814213, 144.95838701298698, 2.103896103896104, 245.2207792207792, 3.3766233766233764
443, 577.9770544134487, 145.19191298701304, 2.2987012987012987, 245.16883116883116, 5.181818181818182
444, 577.5715569454762, 145.12250779220778, 2.064935064935065, 244.93506493506493, 6.3896103896103895
445, 577.1660594775037, 145.40597272727274, 2.220779220779221, 244.93506493506493, 8.467532467532468
446, 576.7605620095312, 145.5698103896104, 2.2857142857142856, 244.8961038961039, 9.935064935064934
447, 576.3550645415587, 145.83136753246754, 2.2987012987012987, 244.98701298701297, 11.727272727272727
448, 575.9495670735861, 145.72776883116882, 2.4415584415584415, 244.4805194805195, 13.051948051948052
449, 575.5440696056136, 146.19053376623373, 2.5844155844155843, 244.80519480519482, 15.064935064935066
450, 575.1385721376411, 145.69696493506498, 1.7792207792207793, 244.2987012987013, 15.454545454545455
451, 574.7330746696686, 146.06092727272727, 2.4155844155844157, 244.15584415584416, 17.714285714285715
452, 574.327577201696, 146.49930909090912, 2.4935064935064934, 244.62337662337663, 18.948051948051948
453, 573.9220797337234, 146.40186753246758, 2.4935064935064934, 244.11688311688312, 20.7012987012987
454, 573.5165822657509, 145.9234467532468, 2.0259740259740258, 243.44155844155844, 21.207792207792206
455, 573.1110847977784, 146.97564935064943, 2.5974025974025974, 244.42857142857142, 23.857142857142858
456, 572.7055873298059, 147.32088961038963, 2.9220779220779223, 244.57142857142858, 25.2987012987013
457, 572.3000898618334, 146.6846714285714, 1.9870129870129871, 243.7922077922078, 26.181818181818183
458, 571.8945923938609, 147.37013506493508, 2.155844155844156, 244.4805194805195, 28.207792207792206
459, 571.4890949258884, 147.49952597402597, 2.142857142857143, 244.2207792207792, 30.714285714285715
460, 571.0835974579157, 147.8192987012987, 2.3376623376623376, 244.1038961038961, 33.61038961038961
461, 570.6780999899432, 148.08490259740256, 2.272727272727273, 243.97402597402598, 36.77922077922078
462, 570.2726025219707, 148.24982857142857, 1.974025974025974, 243.94805194805195, 39.142857142857146
463, 569.8671050539982, 148.50207792207794, 2.0779220779220777, 243.8961038961039, 41.35064935064935
464, 569.4616075860256, 149.1437675324675, 2.4545454545454546, 244.1038961038961, 44.922077922077925
465, 569.0561101180531, 149.36600129870132, 2.064935064935065, 243.9090909090909, 48.896103896103895
466, 568.6506126500806, 149.80511038961043, 2.272727272727273, 244.05194805194805, 51.467532467532465
467, 568.2451151821081, 150.03060909090902, 2.4805194805194803, 243.9090909090909, 53.63636363636363
468, 567.8396177141356, 149.7040701298701, 2.155844155844156, 243.2987012987013, 54.76623376623377
469, 567.434120246163, 149.72947662337663, 1.8571428571428572, 243.07792207792207, 56.90909090909091
470, 567.0286227781905, 149.8835051948052, 1.9610389610389611, 242.9090909090909, 58.857142857142854
471, 566.6231253102179, 150.3833831168831, 2.4025974025974026, 243.03896103896105, 61.41558441558441
472, 566.2176278422454, 150.73257792207792, 2.5324675324675323, 243.1818181818182, 63.4025974025974
473, 565.8121303742729, 150.81535714285712, 2.5324675324675323, 243.0, 65.06493506493507
474, 565.4066329063004, 150.63256623376623, 1.87012987012987, 242.93506493506493, 65.53246753246754
475, 565.0011354383279, 151.0267012987013, 2.207792207792208, 243.02597402597402, 67.63636363636364
476, 564.5956379703553, 151.08141558441562, 2.207792207792208, 242.93506493506493, 68.58441558441558
477, 564.1901405023827, 150.93595714285715, 2.2467532467532467, 242.4025974025974, 69.94805194805195
478, 563.7846430344102, 150.98292727272718, 2.0259740259740258, 242.42857142857142, 70.8051948051948
479, 563.3791455664377, 151.32520649350647, 2.3506493506493507, 242.57142857142858, 72.22077922077922
480, 562.9736480984652, 151.22967142857144, 1.8571428571428572, 242.4935064935065, 73.07792207792208
481, 562.5681506304927, 151.47818441558445, 2.4415584415584415, 242.2207792207792, 75.12987012987013
482, 562.1626531625202, 151.41368961038964, 2.1948051948051948, 242.15584415584416, 75.54545454545455
483, 561.7571556945476, 151.7528272727273, 2.2467532467532467, 242.46753246753246, 76.77922077922078
484, 561.3516582265751, 151.91032597402597, 2.5844155844155843, 242.3116883116883, 78.07792207792208
485, 560.9461607586026, 152.58543766233763, 2.896103896103896, 242.75324675324674, 80.9090909090909
486, 560.54066329063, 152.16611818181818, 2.324675324675325, 242.15584415584416, 81.8051948051948
487, 560.1351658226574, 152.3086584415584, 2.5064935064935066, 241.85714285714286, 84.11688311688312
488, 559.7296683546849, 152.2958701298701, 1.948051948051948, 241.7792207792208, 85.87012987012987
489, 559.3241708867124, 152.88778311688316, 2.4285714285714284, 241.93506493506493, 89.0
490, 558.9186734187399, 152.96749480519486, 2.064935064935065, 241.87012987012986, 90.98701298701299
491, 558.5131759507674, 152.7977571428572, 1.7792207792207793, 241.35064935064935, 92.92207792207792
492, 558.1076784827949, 152.74043636363638, 1.87012987012987, 240.9090909090909, 94.45454545454545
493, 557.7021810148224, 152.7512597402597, 1.6883116883116882, 240.64935064935065, 96.36363636363636
494, 557.2966835468497, 153.6913415584415, 2.2987012987012987, 241.58441558441558, 98.1948051948052
495, 556.8911860788772, 153.81748571428574, 2.675324675324675, 241.33766233766235, 99.58441558441558
496, 556.4856886109047, 153.4501532467533, 2.2337662337662336, 240.8181818181818, 100.1948051948052
497, 556.0801911429322, 153.4940337662338, 2.1298701298701297, 240.6103896103896, 101.92207792207792
498, 555.6746936749597, 153.23317012987022, 1.6753246753246753, 240.3116883116883, 102.36363636363636
499, 555.2691962069871, 153.68501558441557, 2.1818181818181817, 240.4805194805195, 104.12987012987013
500, 554.8636987390146, 153.5863831168831, 2.012987012987013, 240.25974025974025, 104.84415584415585
501, 554.4582012710421, 153.76578571428573, 2.6623376623376624, 239.83116883116884, 106.92207792207792
502, 554.0527038030696, 153.46328311688313, 2.103896103896104, 239.5194805194805, 107.33766233766234
503, 553.647206335097, 154.0483584415585, 2.5194805194805197, 239.80519480519482, 109.9090909090909
504, 553.2417088671245, 153.80383896103893, 2.0, 239.5194805194805, 110.59740259740259
505, 552.836211399152, 154.54976753246754, 2.7142857142857144, 239.92207792207793, 113.1948051948052
506, 552.4307139311794, 153.8566961038961, 2.1298701298701297, 239.03896103896105, 113.1948051948052
507, 552.0252164632069, 153.88720779220782, 1.948051948051948, 238.80519480519482, 115.14285714285714
508, 551.6197189952344, 153.98090000000002, 1.9090909090909092, 238.8181818181818, 116.0
509, 551.2142215272619, 154.69517402597404, 2.8051948051948052, 239.03896103896105, 118.77922077922078
510, 550.8087240592893, 154.4374155844156, 2.207792207792208, 238.9090909090909, 118.75324675324676
511, 550.4032265913168, 155.00231558441558, 2.8181818181818183, 239.28571428571428, 120.16883116883118
512, 549.9977291233442, 154.74344935064937, 2.3896103896103895, 238.9090909090909, 120.96103896103897
513, 549.5922316553717, 154.95594025974023, 2.5454545454545454, 238.74025974025975, 123.28571428571429
514, 549.1867341873992, 154.51177662337662, 1.5844155844155845, 238.4805194805195, 123.24675324675324
515, 548.7812367194267, 154.94971428571432, 2.4675324675324677, 238.35064935064935, 125.44155844155844
516, 548.3757392514542, 155.21621818181814, 2.3636363636363638, 238.6103896103896, 126.71428571428571
517, 547.9702417834817, 155.56182857142852, 2.6233766233766236, 238.6103896103896, 129.06493506493507
518, 547.5647443155091, 155.15119610389613, 1.8051948051948052, 238.24675324675326, 129.4805194805195
519, 547.1592468475366, 155.50373506493509, 2.5194805194805197, 238.06493506493507, 131.63636363636363
520, 546.753749379564, 155.3747701298701, 2.2987012987012987, 237.84415584415584, 132.2207792207792
521, 546.3482519115915, 155.6760051948052, 2.2857142857142856, 238.02597402597402, 133.96103896103895
522, 545.9427544436189, 155.34437272727283, 1.8571428571428572, 237.63636363636363, 134.1818181818182
523, 545.5372569756464, 155.91670909090914, 2.6493506493506493, 237.7792207792208, 136.3896103896104
524, 545.1317595076739, 155.46566363636367, 2.064935064935065, 237.28571428571428, 136.5064935064935
525, 544.7262620397014, 155.88355194805197, 2.4025974025974026, 237.46753246753246, 138.35064935064935
526, 544.3207645717289, 155.70594805194804, 2.4675324675324677, 237.02597402597402, 138.8961038961039
527, 543.9152671037564, 155.58718441558443, 2.1818181818181817, 236.80519480519482, 139.74025974025975
528, 543.5097696357839, 155.57537012987018, 2.012987012987013, 236.72727272727272, 140.4805194805195
529, 543.1042721678112, 155.71539350649348, 1.9090909090909092, 236.6883116883117, 142.1818181818182
530, 542.6987746998387, 155.51260000000002, 2.051948051948052, 236.1818181818182, 142.63636363636363
531, 542.2932772318662, 155.68107922077917, 2.1948051948051948, 236.0909090909091, 144.2077922077922
532, 541.8877797638937, 155.77981688311684, 2.220779220779221, 236.12987012987014, 144.80519480519482
533, 541.4822822959211, 155.84690519480515, 1.9870129870129871, 236.0, 146.67532467532467
534, 541.0767848279486, 155.59082467532463, 1.7532467532467533, 235.58441558441558, 147.1818181818182
535, 540.6712873599761, 156.04558441558436, 2.4675324675324677, 235.4935064935065, 149.76623376623377
536, 540.2657898920036, 155.559561038961, 1.922077922077922, 234.87012987012986, 150.14285714285714
537, 539.8602924240311, 155.410538961039, 2.012987012987013, 234.25974025974025, 151.74025974025975
538, 539.4547949560585, 155.01009090909102, 1.5584415584415585, 233.67532467532467, 152.42857142857142
539, 539.049297488086, 155.69765454545455, 2.2857142857142856, 233.98701298701297, 154.94805194805195
540, 538.6438000201135, 155.09334025974027, 1.7922077922077921, 233.15584415584416, 155.2207792207792
541, 538.2383025521409, 155.50750389610388, 2.2337662337662336, 233.2077922077922, 157.42857142857142
542, 537.8328050841684, 155.54809610389614, 2.155844155844156, 233.2207792207792, 157.92207792207793
543, 537.4273076161959, 155.95418311688314, 2.4545454545454546, 233.4805194805195, 159.36363636363637
544, 537.0218101482234, 155.23123636363638, 1.7922077922077921, 232.55844155844156, 159.5064935064935
545, 536.6163126802508, 155.71581038961043, 2.4155844155844157, 232.5974025974026, 161.92207792207793
546, 536.2108152122782, 155.84341558441557, 2.4675324675324677, 232.57142857142858, 163.03896103896105
547, 535.8053177443057, 155.08072987012991, 2.1818181818181817, 231.3116883116883, 163.58441558441558
548, 535.3998202763332, 154.64579220779217, 1.5584415584415585, 230.88311688311688, 163.6103896103896
549, 534.9943228083607, 155.71690779220785, 2.6103896103896105, 231.67532467532467, 166.16883116883116
550, 534.5888253403882, 155.57653636363636, 2.5584415584415585, 231.2987012987013, 167.01298701298703
551, 534.1833278724157, 155.92717272727276, 3.0779220779220777, 231.2077922077922, 169.19480519480518
552, 533.7778304044431, 155.42054675324675, 2.5844155844155843, 230.63636363636363, 168.98701298701297
553, 533.3723329364706, 155.90932077922074, 2.7662337662337664, 230.93506493506493, 171.25974025974025
554, 532.9668354684981, 155.05648311688304, 1.7922077922077921, 230.11688311688312, 170.54545454545453
555, 532.5613380005256, 154.81940389610386, 1.8051948051948052, 229.44155844155844, 171.9090909090909
556, 532.1558405325529, 154.85689740259735, 1.9350649350649352, 229.36363636363637, 172.2987012987013
557, 531.7503430645804, 154.69074805194796, 1.87012987012987, 228.83116883116884, 173.75324675324674
558, 531.3448455966079, 154.9855753246752, 2.168831168831169, 229.07792207792207, 174.28571428571428
559, 530.9393481286354, 155.665722077922, 3.038961038961039, 229.4025974025974, 176.2987012987013
560, 530.5338506606629, 155.12307922077923, 2.5844155844155843, 228.72727272727272, 176.2077922077922
561, 530.1283531926904, 154.7790116883116, 2.3506493506493507, 228.01298701298703, 177.4805194805195
562, 529.7228557247179, 154.35771818181817, 1.9090909090909092, 227.45454545454547, 177.8181818181818
563, 529.3173582567454, 154.2738532467533, 2.2467532467532467, 226.94805194805195, 178.80519480519482
564, 528.9118607887727, 153.943848051948, 1.9090909090909092, 226.62337662337663, 178.46753246753246
565, 528.5063633208002, 154.65312077922073, 2.8181818181818183, 226.84415584415584, 181.16883116883116
566, 528.1008658528277, 153.92131558441554, 2.4285714285714284, 225.83116883116884, 180.98701298701297
567, 527.6953683848552, 153.8517896103896, 2.4935064935064934, 225.3896103896104, 182.4805194805195
568, 527.2898709168826, 153.6077558441558, 2.051948051948052, 225.15584415584416, 182.7012987012987
569, 526.8843734489101, 154.18552987012987, 2.883116883116883, 225.19480519480518, 185.3896103896104
570, 526.4788759809376, 152.88331038961033, 1.8311688311688312, 223.6103896103896, 184.88311688311688
571, 526.0733785129651, 153.1006662337662, 2.2987012987012987, 223.2987012987013, 187.16883116883116
572, 525.6678810449926, 151.92078051948045, 1.6753246753246753, 221.63636363636363, 187.01298701298703
573, 525.26238357702, 152.65530519480518, 2.792207792207792, 221.7792207792208, 189.7922077922078
574, 524.8568861090475, 152.2845545454546, 2.3766233766233764, 221.2987012987013, 190.1038961038961
575, 524.4513886410749, 152.5350909090909, 2.857142857142857, 221.14285714285714, 191.84415584415584
576, 524.0458911731024, 151.65007402597402, 2.3766233766233764, 219.85714285714286, 191.96103896103895
577, 523.6403937051299, 151.42589610389606, 2.5974025974025974, 218.98701298701297, 193.8961038961039
578, 523.2348962371574, 150.29487402597405, 2.038961038961039, 217.4025974025974, 193.5974025974026
579, 522.8293987691849, 149.88402337662336, 1.974025974025974, 216.58441558441558, 194.37662337662337
580, 522.4239013012123, 149.97101818181812, 2.4155844155844157, 216.37662337662337, 195.05194805194805
581, 522.0184038332397, 149.58241428571432, 2.4805194805194803, 215.45454545454547, 196.2207792207792
582, 521.6129063652672, 148.3749376623377, 1.922077922077922, 213.72727272727272, 195.98701298701297
583, 521.2074088972947, 147.4117792207792, 1.8181818181818181, 211.93506493506493, 197.03896103896105
584, 520.8019114293222, 146.36297012987012, 1.5974025974025974, 210.2077922077922, 197.3116883116883
585, 520.3964139613497, 146.51990129870128, 2.2857142857142856, 209.6883116883117, 199.55844155844156
586, 519.9909164933772, 146.4286519480519, 2.311688311688312, 209.35064935064935, 200.42857142857142
587, 519.5854190254046, 146.1549779220779, 2.688311688311688, 208.4025974025974, 201.92207792207793
588, 519.1799215574321, 144.9358987012987, 2.051948051948052, 206.75324675324674, 201.3896103896104
589, 518.7744240894596, 144.2404220779221, 2.142857142857143, 205.35064935064935, 202.27272727272728
590, 518.368926621487, 144.9616077922078, 2.3636363636363638, 206.1818181818182, 203.74025974025975
591, 517.9634291535144, 145.0365389610389, 2.9220779220779223, 205.9090909090909, 204.33766233766235
592, 517.5579316855419, 143.72131948051947, 2.0, 204.32467532467533, 203.37662337662337
593, 517.1524342175694, 143.07898831168825, 2.324675324675325, 202.8961038961039, 204.24675324675326
594, 516.7469367495969, 142.49322857142855, 2.0, 202.1038961038961, 204.03896103896105
595, 516.3414392816244, 141.99606753246755, 2.051948051948052, 201.2077922077922, 204.15584415584416
596, 515.9359418136519, 141.10727662337658, 1.5194805194805194, 200.0909090909091, 203.5064935064935
597, 515.5304443456794, 141.7962675324675, 2.779220779220779, 200.1818181818182, 205.7792207792208
598, 515.1249468777067, 140.8061116883117, 2.25974025974026, 198.88311688311688, 205.14285714285714
599, 514.7194494097342, 139.99035974025975, 2.116883116883117, 197.3896103896104, 206.05194805194805
600, 514.3139519417617, 139.93973116883117, 2.168831168831169, 197.15584415584416, 206.67532467532467
601, 513.9084544737892, 139.77572597402605, 2.74025974025974, 196.27272727272728, 208.28571428571428
602, 513.5029570058167, 139.51086103896108, 2.688311688311688, 195.71428571428572, 208.97402597402598
603, 513.0974595378441, 139.17075584415582, 2.961038961038961, 194.6883116883117, 210.55844155844156
604, 512.6919620698716, 138.08963636363637, 2.4675324675324677, 193.15584415584416, 210.25974025974025
605, 512.2864646018991, 137.36840779220782, 2.4155844155844157, 191.7922077922078, 211.0909090909091
606, 511.88096713392656, 136.30257922077928, 2.0, 190.3116883116883, 210.45454545454547
607, 511.47546966595405, 136.00152207792212, 2.1818181818181817, 189.6103896103896, 210.94805194805195
608, 511.0699721979815, 135.44877272727277, 2.142857142857143, 188.6103896103896, 211.35064935064935
609, 510.664474730009, 135.22570259740255, 2.7142857142857144, 187.64935064935065, 212.84415584415584
610, 510.2589772620364, 134.78026363636363, 2.8181818181818183, 186.7922077922078, 213.07792207792207
611, 509.8534797940639, 134.20334155844162, 2.2987012987012987, 186.02597402597402, 213.32467532467533
612, 509.4479823260914, 133.2045233766234, 1.7792207792207793, 184.74025974025975, 212.54545454545453
613, 509.0424848581189, 133.62441168831168, 2.3766233766233764, 184.74025974025975, 214.66233766233765
614, 508.6369873901463, 133.08479350649347, 2.324675324675325, 183.87012987012986, 214.54545454545453
615, 508.2314899221738, 132.03800259740262, 2.051948051948052, 182.12987012987014, 215.03896103896105
616, 507.82599245420124, 131.13616363636365, 1.7402597402597402, 180.80519480519482, 214.76623376623377
617, 507.42049498622873, 130.86387142857146, 2.4545454545454546, 179.66233766233765, 216.3896103896104
618, 507.0149975182562, 130.1634987012987, 2.2857142857142856, 178.53246753246754, 216.5064935064935
619, 506.6095000502837, 128.5568025974025, 1.844155844155844, 176.0, 216.6103896103896
620, 506.20400258231115, 128.1219714285714, 2.103896103896104, 175.11688311688312, 216.66233766233765
621, 505.7985051143386, 127.0623350649351, 1.844155844155844, 173.35064935064935, 217.14285714285714
622, 505.3930076463661, 126.35766753246753, 1.7662337662337662, 172.28571428571428, 216.64935064935065
623, 504.98751017839356, 126.55362337662339, 2.207792207792208, 172.12987012987014, 218.01298701298703
624, 504.58201271042105, 126.22677792207797, 2.3506493506493507, 171.46753246753246, 218.1818181818182
625, 504.17651524244854, 124.76434675324673, 2.116883116883117, 169.06493506493507, 218.33766233766235
626, 503.771017774476, 124.45528831168825, 2.1818181818181817, 168.46753246753246, 218.53246753246754
627, 503.3655203065034, 123.97287662337658, 2.5324675324675323, 167.45454545454547, 218.5974025974026
628, 502.9600228385309, 122.8192688311688, 1.8571428571428572, 165.98701298701297, 217.80519480519482
629, 502.5545253705584, 122.43573896103896, 2.6103896103896105, 164.84415584415584, 218.35064935064935
630, 502.1490279025859, 121.79361818181822, 2.3896103896103895, 163.96103896103895, 217.84415584415584
631, 501.7435304346133, 121.3689857142857, 2.8701298701298703, 162.84415584415584, 218.6103896103896
632, 501.3380329666408, 120.17486103896101, 2.2987012987012987, 161.25974025974025, 217.7922077922078
633, 500.9325354986683, 118.40595844155844, 1.844155844155844, 158.55844155844156, 217.37662337662337
634, 500.52703803069573, 117.39981688311691, 1.7012987012987013, 157.01298701298703, 216.88311688311688
635, 500.1215405627232, 116.54337792207798, 2.324675324675325, 155.15584415584416, 217.2987012987013
636, 499.7160430947507, 115.29134545454544, 1.7402597402597402, 153.44155844155844, 216.67532467532467
637, 499.31054562677815, 114.49302597402593, 2.0779220779220777, 151.75324675324674, 217.4805194805195
638, 498.90504815880564, 113.5643155844156, 1.6493506493506493, 150.46753246753246, 217.07792207792207
639, 498.4995506908331, 113.00763116883115, 2.1298701298701297, 149.24675324675326, 217.2207792207792
640, 498.09405322286057, 111.91458831168836, 1.7792207792207793, 147.63636363636363, 216.84415584415584
641, 497.68855575488806, 111.38338831168831, 2.090909090909091, 146.44155844155844, 217.5194805194805
642, 497.2830582869155, 110.46850909090912, 2.1818181818181817, 144.93506493506493, 217.01298701298703
643, 496.877560818943, 109.6869636363636, 2.311688311688312, 143.53246753246754, 217.03896103896105
644, 496.4720633509705, 108.23723116883119, 1.844155844155844, 141.54545454545453, 215.7792207792208
645, 496.0665658829979, 107.55842597402597, 2.2337662337662336, 140.05194805194805, 216.4935064935065
646, 495.6610684150254, 105.78594935064932, 1.8051948051948052, 137.46753246753246, 215.37662337662337
647, 495.2555709470529, 104.49195584415587, 1.7402597402597402, 135.2987012987013, 215.36363636363637
648, 494.8500734790803, 103.63049480519479, 1.9350649350649352, 133.71428571428572, 215.45454545454547
649, 494.4445760111078, 103.29218181818179, 2.5974025974025974, 132.64935064935065, 216.23376623376623
650, 494.0390785431353, 102.04915324675325, 2.2337662337662336, 130.80519480519482, 215.7792207792208
651, 493.63358107516274, 101.3919233766234, 2.844155844155844, 129.3116883116883, 216.1038961038961
652, 493.22808360719023, 100.11185714285712, 2.207792207792208, 127.55844155844156, 215.57142857142858
653, 492.8225861392177, 98.52982337662338, 2.155844155844156, 125.02597402597402, 214.87012987012986
654, 492.41708867124515, 97.53162597402593, 1.7922077922077921, 123.64935064935065, 214.15584415584416
655, 492.01159120327264, 97.51799870129867, 2.220779220779221, 123.32467532467533, 214.58441558441558
656, 491.60609373530013, 96.66494415584415, 2.116883116883117, 122.0, 214.19480519480518
657, 491.20059626732757, 95.47345324675324, 2.220779220779221, 119.84415584415585, 214.57142857142858
658, 490.79509879935506, 94.19313246753246, 1.922077922077922, 117.97402597402598, 213.75324675324674
659, 490.38960133138255, 93.14511038961038, 1.7532467532467533, 116.33766233766234, 213.42857142857142
660, 489.98410386341, 92.70966493506495, 1.922077922077922, 115.62337662337663, 212.84415584415584
661, 489.5786063954375, 90.9871246753247, 1.7402597402597402, 112.85714285714286, 212.45454545454547
662, 489.1731089274649, 89.97754545454546, 1.8181818181818181, 111.23376623376623, 211.75324675324674
663, 488.7676114594924, 89.48213766233772, 2.25974025974026, 109.94805194805195, 212.87012987012986
664, 488.3621139915199, 87.2350012987013, 1.5454545454545454, 106.93506493506493, 210.54545454545453
665, 487.9566165235473, 87.32551168831169, 2.5454545454545454, 106.25974025974025, 212.19480519480518
666, 487.5511190555748, 85.83366233766233, 2.0779220779220777, 104.23376623376623, 210.76623376623377
667, 487.1456215876023, 84.35341038961042, 1.7402597402597402, 102.0, 210.16883116883116
668, 486.74012411962974, 83.4408961038961, 1.948051948051948, 100.49350649350649, 209.37662337662337
669, 486.33462665165723, 82.95970259740261, 2.4545454545454546, 99.33766233766234, 209.7792207792208
670, 485.9291291836847, 81.58912727272728, 1.974025974025974, 97.53246753246754, 208.3116883116883
671, 485.52363171571216, 80.90834935064935, 2.090909090909091, 96.36363636363636, 208.05194805194805
672, 485.11813424773965, 79.61706883116884, 1.9090909090909092, 94.49350649350649, 206.83116883116884
673, 484.71263677976714, 79.60791948051947, 2.7532467532467533, 93.83116883116882, 207.94805194805195
674, 484.3071393117946, 77.62451818181816, 2.220779220779221, 91.11688311688312, 205.92207792207793
675, 483.90164184382206, 76.72507662337667, 2.090909090909091, 89.6103896103896, 206.12987012987014
676, 483.49614437584955, 75.82284415584415, 2.207792207792208, 88.12987012987013, 205.53246753246754
677, 483.090646907877, 74.05446753246754, 2.0779220779220777, 85.32467532467533, 204.80519480519482
678, 482.6851494399045, 73.20011168831171, 2.1298701298701297, 83.88311688311688, 204.5974025974026
679, 482.27965197193197, 72.00115844155845, 2.1818181818181817, 81.76623376623377, 204.84415584415584
680, 481.8741545039594, 70.4404168831169, 2.064935064935065, 79.36363636363636, 203.83116883116884
681, 481.4686570359869, 68.63426103896106, 1.8051948051948052, 76.53246753246754, 203.24675324675326
682, 481.0631595680144, 67.35959870129872, 1.5454545454545454, 74.57142857142857, 202.84415584415584
683, 480.6576621000418, 66.47696623376623, 2.0259740259740258, 72.72727272727273, 203.33766233766235
684, 480.2521646320693, 65.22207532467533, 1.974025974025974, 70.71428571428571, 202.83116883116884
685, 479.8466671640968, 64.12234935064936, 2.4805194805194803, 68.53246753246754, 203.0909090909091
686, 479.44116969612423, 63.12483246753246, 2.324675324675325, 67.02597402597402, 202.5064935064935
687, 479.0356722281517, 61.49233506493505, 2.103896103896104, 64.49350649350649, 201.80519480519482
688, 478.63017476017916, 59.54554025974027, 1.3506493506493507, 61.8051948051948, 200.54545454545453
689, 478.22467729220665, 58.37205844155843, 2.012987012987013, 59.33766233766234, 201.2207792207792
690, 477.81917982423414, 56.721871428571426, 1.4155844155844155, 56.98701298701299, 200.41558441558442
691, 477.4136823562616, 55.92699870129871, 1.8311688311688312, 55.35064935064935, 200.7792207792208
692, 477.00818488828907, 54.88802467532468, 1.9610389610389611, 53.61038961038961, 200.28571428571428
693, 476.60268742031656, 53.780087012986996, 2.3766233766233764, 51.324675324675326, 201.24675324675326
694, 476.197189952344, 52.16696103896105, 2.207792207792208, 48.84415584415584, 200.3116883116883
695, 475.7916924843715, 51.02832857142858, 2.4285714285714284, 46.61038961038961, 201.24675324675326
696, 475.386195016399, 48.466828571428586, 1.5844155844155845, 43.064935064935064, 199.24675324675326
697, 474.9806975484264, 47.982945454545444, 2.3636363636363638, 41.57142857142857, 200.64935064935065
698, 474.5752000804539, 45.94739480519479, 2.155844155844156, 38.44155844155844, 199.45454545454547
699, 474.1697026124814, 44.18413116883118, 1.9350649350649352, 35.532467532467535, 199.54545454545453
700, 473.7642051445088, 42.82538831168831, 1.9610389610389611, 33.18181818181818, 199.66233766233765
701, 473.3587076765363, 41.90861818181817, 2.5194805194805197, 31.181818181818183, 200.45454545454547
702, 472.9532102085638, 40.208705194805184, 1.7792207792207793, 28.766233766233768, 199.92207792207793
703, 472.54771274059124, 39.060035064935064, 2.2467532467532467, 26.48051948051948, 200.3896103896104
704, 472.1422152726187, 37.04110649350649, 1.7922077922077921, 23.441558441558442, 199.5194805194805
705, 471.7367178046462, 35.42554285714286, 2.3636363636363638, 20.16883116883117, 200.7012987012987
706, 471.33122033667365, 33.256048051948056, 1.9870129870129871, 16.83116883116883, 199.84415584415584
707, 470.92572286870114, 31.321755844155845, 1.4025974025974026, 14.0, 198.98701298701297
708, 470.52022540072863, 30.407131168831157, 1.6753246753246753, 12.272727272727273, 199.14285714285714
709, 470.11472793275607, 29.305716883116876, 2.4415584415584415, 9.779220779220779, 200.3116883116883
710, 469.70923046478356, 27.121514285714287, 1.6103896103896105, 6.688311688311688, 199.24675324675326
711, 469.30373299681105, 25.61144805194806, 1.8831168831168832, 3.987012987012987, 199.19480519480518
712, 468.8982355288385, 23.520615584415587, 0.987012987012987, 1.2597402597402598, 197.24675324675326
713, 468.492738060866, 24.523802597402604, 2.3636363636363638, 1.7532467532467533, 199.8961038961039
714, 468.0872405928934, 24.34574675324675, 2.4025974025974026, 1.4805194805194806, 199.63636363636363
715, 467.6817431249209, 24.67208571428571, 2.779220779220779, 1.6883116883116882, 200.44155844155844
716, 467.2762456569484, 24.16558831168831, 2.168831168831169, 1.3506493506493507, 199.33766233766235
717, 466.8707481889758, 24.225389610389602, 2.0779220779220777, 1.4155844155844155, 199.76623376623377
718, 466.4652507210033, 24.27409740259741, 2.142857142857143, 1.5714285714285714, 199.2207792207792
719, 466.0597532530308, 24.565627272727273, 2.688311688311688, 1.7272727272727273, 199.54545454545453
720, 465.65425578505824, 24.18826493506494, 2.155844155844156, 1.5194805194805194, 198.7012987012987
721, 465.24875831708573, 24.64401818181819, 2.5454545454545454, 1.8831168831168832, 199.80519480519482
722, 464.8432608491132, 23.974145454545447, 1.922077922077922, 1.2207792207792207, 198.97402597402598
723, 464.43776338114066, 24.582367532467536, 2.4285714285714284, 1.7922077922077921, 200.03896103896105
724, 464.03226591316815, 24.272616883116882, 2.142857142857143, 1.5714285714285714, 199.2077922077922
725, 463.62676844519564, 24.40866363636364, 2.1948051948051948, 1.5194805194805194, 200.53246753246754
726, 463.22127097722307, 24.673202597402593, 2.5194805194805197, 1.7922077922077921, 200.5974025974026
727, 462.81577350925056, 24.351799999999997, 2.1298701298701297, 1.4935064935064934, 200.33766233766235
728, 462.41027604127805, 24.40462077922078, 2.2337662337662336, 1.4675324675324675, 200.66233766233765
729, 462.0047785733055, 24.94197142857142, 2.7532467532467533, 1.9090909090909092, 201.74025974025975
730, 461.599281105333, 24.400600000000008, 2.311688311688312, 1.4285714285714286, 200.62337662337663
731, 461.19378363736047, 24.228897402597415, 1.9350649350649352, 1.2597402597402598, 200.97402597402598
732, 460.7882861693879, 24.464681818181823, 2.272727272727273, 1.4415584415584415, 201.2207792207792
733, 460.3827887014154, 24.758264935064947, 2.5454545454545454, 1.6363636363636365, 202.07792207792207
734, 459.9772912334429, 24.884924675324683, 2.7012987012987013, 1.8181818181818181, 201.84415584415584
735, 459.5717937654703, 24.070403896103905, 1.8051948051948052, 1.0129870129870129, 201.19480519480518
736, 459.1662962974978, 23.998077922077922, 1.6883116883116882, 1.077922077922078, 200.53246753246754
737, 458.76079882952524, 24.587694805194804, 2.272727272727273, 1.6233766233766234, 201.36363636363637
738, 458.35530136155273, 24.673232467532475, 2.3506493506493507, 1.7142857142857142, 201.44155844155844
739, 457.9498038935802, 24.689593506493505, 2.3766233766233764, 1.6103896103896105, 202.05194805194805
740, 457.54430642560766, 24.569348051948054, 2.3636363636363638, 1.5584415584415585, 201.2987012987013
741, 457.13880895763515, 24.51721428571429, 2.142857142857143, 1.4155844155844155, 202.15584415584416
742, 456.73331148966264, 24.402329870129865, 2.0259740259740258, 1.4155844155844155, 201.45454545454547
743, 456.3278140216901, 24.387916883116883, 2.0, 1.2857142857142858, 202.06493506493507
744, 455.92231655371756, 24.16616493506494, 1.8571428571428572, 1.1168831168831168, 201.36363636363637
745, 455.51681908574506, 25.107310389610387, 2.74025974025974, 1.9350649350649352, 203.0909090909091
746, 455.1113216177725, 24.24293636363636, 1.8051948051948052, 1.2337662337662338, 201.57142857142858
747, 454.7058241498, 24.65888831168831, 2.2857142857142856, 1.4025974025974026, 203.0909090909091
748, 454.30032668182747, 24.52461038961039, 2.0779220779220777, 1.3376623376623376, 202.7922077922078
749, 453.8948292138549, 24.857975324675323, 2.4545454545454546, 1.6103896103896105, 203.32467532467533
750, 453.4893317458824, 24.499657142857142, 2.1298701298701297, 1.2207792207792207, 203.03896103896105
751, 453.0838342779099, 24.572310389610386, 2.090909090909091, 1.3896103896103895, 202.9090909090909
752, 452.6783368099373, 24.573806493506485, 2.064935064935065, 1.3246753246753247, 203.32467532467533
753, 452.2728393419648, 25.404525974025976, 2.9220779220779223, 2.0259740259740258, 204.75324675324674
754, 451.8673418739923, 24.721887012987015, 2.168831168831169, 1.4155844155844155, 203.88311688311688
755, 451.46184440601974, 25.01866883116883, 2.5324675324675323, 1.5064935064935066, 205.06493506493507
756, 451.0563469380472, 24.39666233766234, 1.8181818181818181, 1.077922077922078, 203.6883116883117
757, 450.6508494700747, 25.084670129870126, 2.25974025974026, 1.6493506493506493, 205.62337662337663
758, 450.24535200210215, 25.05948571428572, 2.2857142857142856, 1.7142857142857142, 205.0
759, 449.83985453412964, 25.52254025974026, 2.779220779220779, 1.9870129870129871, 206.36363636363637
760, 449.43435706615713, 24.60315974025974, 1.7792207792207793, 1.1948051948051948, 205.0
761, 449.02885959818457, 25.20163246753246, 2.3766233766233764, 1.5974025974025974, 206.6103896103896
762, 448.62336213021206, 25.484620779220776, 2.6233766233766236, 1.974025974025974, 206.5064935064935
763, 448.2178646622395, 25.15361428571428, 2.2987012987012987, 1.6233766233766234, 206.25974025974025
764, 447.812367194267, 24.928297402597398, 2.090909090909091, 1.4285714285714286, 205.83116883116884
765, 447.4068697262945, 25.647824675324667, 2.792207792207792, 1.9870129870129871, 207.42857142857142
766, 447.0013722583219, 25.512567532467532, 2.6363636363636362, 1.9090909090909092, 207.05194805194805
767, 446.5958747903494, 25.152062337662347, 2.2337662337662336, 1.4545454545454546, 207.28571428571428
768, 446.1903773223769, 24.966768831168817, 2.051948051948052, 1.4155844155844155, 206.33766233766235
769, 445.7848798544043, 25.17040909090909, 2.142857142857143, 1.5194805194805194, 207.35064935064935
770, 445.3793823864318, 24.94565844155844, 1.9870129870129871, 1.4025974025974026, 206.3896103896104
771, 444.9738849184593, 25.077528571428566, 2.116883116883117, 1.3896103896103895, 207.27272727272728
772, 444.56838745048674, 25.017392207792213, 2.051948051948052, 1.5194805194805194, 206.24675324675326
773, 444.16288998251423, 25.598355844155837, 2.5454545454545454, 1.9350649350649352, 207.9090909090909
774, 443.7573925145417, 25.247946753246747, 2.220779220779221, 1.6623376623376624, 207.0909090909091
775, 443.35189504656915, 24.963101298701297, 1.974025974025974, 1.3506493506493507, 206.84415584415584
776, 442.94639757859665, 25.021666233766222, 2.038961038961039, 1.3896103896103895, 206.98701298701297
777, 442.54090011062414, 25.351127272727258, 2.3636363636363638, 1.6493506493506493, 207.6883116883117
778, 442.13540264265157, 25.29198701298701, 2.3376623376623376, 1.6753246753246753, 207.1038961038961
779, 441.72990517467906, 25.214824675324675, 2.142857142857143, 1.5194805194805194, 207.74025974025975
780, 441.32440770670655, 25.756445454545453, 2.688311688311688, 2.103896103896104, 208.05194805194805
781, 440.918910238734, 24.780093506493508, 1.6623376623376624, 1.1168831168831168, 207.25974025974025
782, 440.5134127707615, 25.480423376623374, 2.3896103896103895, 1.8311688311688312, 207.8181818181818
783, 440.10791530278897, 25.580805194805187, 2.5974025974025974, 1.8181818181818181, 208.2207792207792
784, 439.7024178348164, 25.1187896103896, 2.103896103896104, 1.5194805194805194, 207.0
785, 439.2969203668439, 25.002375324675306, 1.9610389610389611, 1.3636363636363635, 207.15584415584416
786, 438.8914228988714, 25.365098701298695, 2.3896103896103895, 1.7532467532467533, 207.2077922077922
787, 438.4859254308988, 24.617531168831157, 1.5714285714285714, 1.077922077922078, 206.27272727272728
788, 438.0804279629263, 25.333167532467517, 2.3506493506493507, 1.7792207792207793, 206.8961038961039
789, 437.67493049495374, 25.20043116883116, 2.311688311688312, 1.6233766233766234, 206.63636363636363
790, 437.26943302698123, 25.335797402597397, 2.5454545454545454, 1.8181818181818181, 206.2077922077922
791, 436.8639355590087, 25.147892207792204, 2.3766233766233764, 1.5714285714285714, 206.27272727272728
792, 436.45843809103616, 24.353438961038965, 1.5844155844155845, 1.077922077922078, 203.92207792207793
793, 436.05294062306365, 24.90083766233766, 2.272727272727273, 1.4935064935064934, 204.7792207792208
794, 435.64744315509114, 24.741375324675325, 2.090909090909091, 1.4935064935064934, 203.85714285714286
795, 435.2419456871186, 24.987383116883105, 2.4025974025974026, 1.6883116883116882, 204.19480519480518
796, 434.83644821914606, 25.01652727272727, 2.5194805194805197, 1.87012987012987, 203.2077922077922
797, 434.43095075117355, 24.495963636363633, 2.051948051948052, 1.4155844155844155, 202.2077922077922
798, 434.025453283201, 24.690938961038952, 2.2987012987012987, 1.7532467532467533, 201.53246753246754
799, 433.6199558152285, 24.788741558441558, 2.4545454545454546, 1.8051948051948052, 201.71428571428572
800, 433.21445834725597, 24.54066233766234, 2.207792207792208, 1.7402597402597402, 200.5194805194805
801, 432.8089608792834, 23.54365714285714, 1.4805194805194806, 0.8181818181818182, 198.42857142857142
802, 432.4034634113109, 23.893459740259747, 1.896103896103896, 1.2857142857142858, 198.0
803, 431.9979659433384, 24.251381818181816, 2.4155844155844157, 1.6233766233766234, 198.03896103896105
804, 431.5924684753658, 23.723044155844153, 1.896103896103896, 1.3636363636363635, 196.1038961038961
805, 431.1869710073933, 24.039423376623375, 2.25974025974026, 1.6493506493506493, 196.45454545454547
806, 430.7814735394208, 23.249337662337663, 1.5584415584415585, 1.2077922077922079, 193.63636363636363
807, 430.37597607144824, 23.674642857142864, 2.142857142857143, 1.4935064935064934, 194.36363636363637
808, 429.9704786034757, 23.745107792207783, 2.2987012987012987, 1.7662337662337662, 193.16883116883116
809, 429.5649811355032, 23.21888701298701, 1.9090909090909092, 1.3506493506493507, 191.71428571428572
810, 429.15948366753065, 23.25857922077922, 2.1298701298701297, 1.5454545454545454, 190.4805194805195
811, 428.75398619955814, 22.84822987012987, 1.9870129870129871, 1.1688311688311688, 189.19480519480518
812, 428.3484887315856, 23.01681948051949, 2.1948051948051948, 1.5974025974025974, 187.92207792207793
813, 427.94299126361307, 23.106364935064928, 2.4545454545454546, 1.6883116883116882, 187.55844155844156
814, 427.53749379564056, 22.555937662337655, 1.922077922077922, 1.4025974025974026, 185.5974025974026
815, 427.131996327668, 22.88962857142856, 2.5454545454545454, 1.6233766233766234, 185.75324675324674
816, 426.7264988596955, 22.35894285714286, 2.0, 1.2467532467532467, 184.46753246753246
817, 426.321001391723, 22.564548051948055, 2.4415584415584415, 1.5714285714285714, 183.44155844155844
818, 425.9155039237504, 22.060902597402595, 2.142857142857143, 1.2337662337662338, 181.54545454545453
819, 425.5100064557779, 22.053845454545446, 2.1948051948051948, 1.2987012987012987, 181.01298701298703
820, 425.1045089878054, 21.283409090909096, 1.3636363636363635, 0.987012987012987, 178.03896103896105
821, 424.6990115198328, 22.317129870129868, 2.857142857142857, 1.8311688311688312, 178.84415584415584
822, 424.2935140518603, 21.785432467532473, 2.2987012987012987, 1.6233766233766234, 176.71428571428572
823, 423.8880165838878, 21.279585714285716, 2.064935064935065, 1.2337662337662338, 174.8961038961039
824, 423.48251911591524, 21.40867532467533, 2.3376623376623376, 1.5064935064935066, 173.9090909090909
825, 423.07702164794273, 20.987016883116883, 1.9090909090909092, 1.2207792207792207, 172.80519480519482
826, 422.6715241799702, 21.16612727272727, 2.2337662337662336, 1.5194805194805194, 171.98701298701297
827, 422.26602671199765, 20.952383116883116, 2.272727272727273, 1.3246753246753247, 171.01298701298703
828, 421.86052924402514, 20.24663376623376, 1.5844155844155845, 1.0, 168.2987012987013
829, 421.45503177605264, 20.471863636363633, 2.142857142857143, 1.2077922077922079, 167.74025974025975
830, 421.04953430808007, 20.451971428571426, 2.103896103896104, 1.5064935064935066, 166.12987012987014
831, 420.64403684010756, 20.605988311688304, 2.4545454545454546, 1.7012987012987013, 165.55844155844156
832, 420.23853937213505, 19.668677922077922, 1.6623376623376624, 1.077922077922078, 162.62337662337663
833, 419.8330419041625, 20.31295714285714, 2.7662337662337664, 1.7142857142857142, 162.1038961038961
834, 419.42754443619, 19.590379220779216, 2.1818181818181817, 1.2727272727272727, 159.57142857142858
835, 419.02204696821747, 19.15754545454545, 1.8181818181818181, 1.103896103896104, 157.5974025974026
836, 418.6165495002449, 19.472457142857145, 2.311688311688312, 1.5454545454545454, 156.7922077922078
837, 418.2110520322724, 18.823492207792214, 1.8311688311688312, 1.1688311688311688, 154.2987012987013
838, 417.8055545642998, 18.316374025974028, 1.4545454545454546, 1.0389610389610389, 151.5064935064935
839, 417.4000570963273, 19.091003896103892, 2.5584415584415585, 1.7662337662337662, 151.66233766233765
840, 416.9945596283548, 18.483697402597397, 1.9870129870129871, 1.5194805194805194, 149.1038961038961
841, 416.58906216038224, 18.02786753246753, 1.974025974025974, 0.974025974025974, 147.94805194805195
842, 416.18356469240973, 18.04861818181818, 2.0, 1.3896103896103895, 145.92207792207793
843, 415.7780672244372, 18.18131168831169, 2.4675324675324677, 1.5844155844155845, 144.85714285714286
844, 415.37256975646466, 17.441828571428573, 1.844155844155844, 1.1818181818181819, 142.07792207792207
845, 414.96707228849215, 17.796307792207795, 2.5064935064935066, 1.7662337662337662, 140.44155844155844
846, 414.56157482051964, 16.96194025974026, 1.7662337662337662, 1.2337662337662338, 137.80519480519482
847, 414.1560773525471, 17.667587012987013, 2.7012987012987013, 2.090909090909091, 137.12987012987014
848, 413.75057988457456, 16.303233766233777, 1.4285714285714286, 1.1688311688311688, 133.24675324675326
849, 413.34508241660205, 16.18017012987013, 2.064935064935065, 1.1168831168831168, 130.76623376623377
850, 412.9395849486295, 16.436340259740263, 2.5714285714285716, 1.5324675324675325, 129.54545454545453
851, 412.534087480657, 16.23652207792208, 2.4415584415584415, 1.4675324675324675, 128.46753246753246
852, 412.12859001268447, 15.78478701298702, 2.1298701298701297, 1.3636363636363635, 125.85714285714286
853, 411.7230925447119, 15.523390909090905, 2.064935064935065, 1.3246753246753247, 123.93506493506493
854, 411.3175950767394, 15.10300519480519, 1.7662337662337662, 1.1818181818181819, 121.76623376623377
855, 410.9120976087669, 15.514093506493513, 2.4415584415584415, 1.5584415584415585, 121.66233766233766
856, 410.5066001407943, 14.981062337662335, 1.974025974025974, 1.4155844155844155, 118.94805194805195
857, 410.1011026728218, 15.22915584415585, 2.4675324675324677, 1.5844155844155845, 118.96103896103897
858, 409.6956052048493, 14.935532467532468, 2.3376623376623376, 1.6623376623376624, 116.32467532467533
859, 409.29010773687673, 14.46946103896104, 2.142857142857143, 1.2727272727272727, 114.75324675324676
860, 408.8846102689042, 14.659242857142857, 2.5064935064935066, 1.6883116883116882, 113.32467532467533
861, 408.4791128009317, 14.227154545454548, 2.3506493506493507, 1.4805194805194806, 111.01298701298701
862, 408.07361533295915, 13.56618831168831, 1.7532467532467533, 1.2337662337662338, 108.05194805194805
863, 407.66811786498664, 13.65674285714286, 2.1818181818181817, 1.3766233766233766, 106.98701298701299
864, 407.2626203970141, 13.437232467532466, 2.090909090909091, 1.5584415584415585, 104.36363636363636
865, 406.85712292904157, 13.332214285714286, 2.6623376623376624, 1.5324675324675325, 102.07792207792208
866, 406.45162546106906, 12.732994805194805, 2.1298701298701297, 1.3376623376623376, 99.22077922077922
867, 406.0461279930965, 12.85461688311688, 2.4025974025974026, 1.5194805194805194, 98.63636363636364
868, 405.640630525124, 12.159819480519484, 1.8051948051948052, 1.2857142857142858, 95.31168831168831
869, 405.2351330571515, 12.034188311688315, 2.012987012987013, 1.3896103896103895, 93.12987012987013
870, 404.8296355891789, 11.386385714285714, 1.4675324675324675, 1.0909090909090908, 90.41558441558442
871, 404.4241381212064, 11.86226883116883, 2.2467532467532467, 1.6233766233766234, 89.8051948051948
872, 404.0186406532339, 11.530962337662341, 1.9350649350649352, 1.6363636363636365, 87.64935064935065
873, 403.6131431852613, 11.055044155844156, 1.7662337662337662, 1.1688311688311688, 86.32467532467533
874, 403.2076457172888, 11.059196103896104, 1.8051948051948052, 1.3376623376623376, 85.3896103896104
875, 402.8021482493163, 11.703048051948056, 2.7662337662337664, 1.9350649350649352, 85.44155844155844
876, 402.39665078134374, 10.915083116883117, 2.0259740259740258, 1.5194805194805194, 82.6103896103896
877, 401.9911533133712, 10.905928571428571, 2.272727272727273, 1.5194805194805194, 81.88311688311688
878, 401.5856558453987, 10.455027272727273, 1.9350649350649352, 1.3116883116883118, 79.88311688311688
879, 401.18015837742615, 10.630809090909093, 2.168831168831169, 1.5324675324675325, 79.67532467532467
880, 400.77466090945364, 10.334288311688312, 2.051948051948052, 1.2987012987012987, 78.58441558441558
881, 400.36916344148113, 10.445842857142857, 2.3506493506493507, 1.3896103896103895, 78.31168831168831
882, 399.96366597350857, 10.097389610389609, 2.0779220779220777, 1.3636363636363635, 76.1038961038961
883, 399.55816850553606, 9.759009090909089, 1.8571428571428572, 1.103896103896104, 75.05194805194805
884, 399.15267103756355, 9.947089610389613, 2.220779220779221, 1.5064935064935066, 73.67532467532467
885, 398.747173569591, 9.919010389610387, 2.3636363636363638, 1.6103896103896105, 72.51948051948052
886, 398.3416761016185, 9.763044155844154, 2.2857142857142856, 1.8181818181818181, 70.28571428571429
887, 397.9361786336459, 9.575572727272727, 2.324675324675325, 1.6883116883116882, 69.20779220779221
888, 397.5306811656734, 8.626676623376627, 1.5454545454545454, 1.025974025974026, 66.33766233766234
889, 397.1251836977009, 8.503471428571432, 1.6493506493506493, 0.922077922077922, 65.51948051948052
890, 396.7196862297283, 8.8356974025974, 2.116883116883117, 1.5324675324675325, 64.06493506493507
891, 396.3141887617558, 8.24650909090909, 1.7922077922077921, 0.974025974025974, 62.62337662337662
892, 395.9086912937833, 8.324787012987011, 2.0, 1.4025974025974026, 60.55844155844156
893, 395.50319382581074, 8.297305194805196, 2.142857142857143, 1.4545454545454546, 59.675324675324674
894, 395.09769635783823, 8.170206493506495, 2.090909090909091, 1.5974025974025974, 57.96103896103896
895, 394.6921988898657, 8.069293506493503, 2.0, 1.7012987012987013, 56.77922077922078
896, 394.28670142189316, 7.615771428571431, 1.7662337662337662, 1.4285714285714286, 54.81818181818182
897, 393.88120395392065, 7.790606493506494, 2.5064935064935066, 1.5714285714285714, 53.675324675324674
898, 393.47570648594814, 7.495231168831167, 2.2337662337662336, 1.5324675324675325, 52.0
899, 393.07020901797557, 7.675233766233766, 2.4675324675324677, 1.7402597402597402, 51.896103896103895
900, 392.66471155000306, 7.088832467532468, 1.9350649350649352, 1.4285714285714286, 49.753246753246756
901, 392.25921408203055, 7.279964935064937, 2.2987012987012987, 1.6623376623376624, 49.27272727272727
902, 391.853716614058, 6.94170779220779, 2.012987012987013, 1.5064935064935066, 47.857142857142854
903, 391.4482191460855, 6.826514285714285, 2.1298701298701297, 1.5584415584415585, 46.27272727272727
904, 391.04272167811297, 6.606087012987012, 1.9870129870129871, 1.4675324675324675, 45.18181818181818
905, 390.6372242101404, 6.492206493506495, 2.090909090909091, 1.3896103896103895, 44.311688311688314
906, 390.2317267421679, 5.9920636363636355, 1.5714285714285714, 1.2207792207792207, 42.15584415584416
907, 389.8262292741954, 6.432725974025974, 2.3506493506493507, 1.5974025974025974, 42.03896103896104
908, 389.4207318062228, 6.300694805194807, 2.272727272727273, 1.5584415584415585, 41.285714285714285
909, 389.0152343382503, 5.915496103896104, 1.922077922077922, 1.3506493506493507, 39.896103896103895
910, 388.6097368702778, 5.8494168831168825, 1.9350649350649352, 1.4155844155844155, 38.94805194805195
911, 388.20423940230523, 6.661912987012986, 2.8181818181818183, 2.155844155844156, 39.94805194805195
912, 387.7987419343327, 5.593236363636363, 1.7922077922077921, 1.3116883116883118, 37.61038961038961
913, 387.39324446636016, 5.724316883116883, 2.0259740259740258, 1.4285714285714286, 37.54545454545455
914, 386.98774699838765, 5.432118181818182, 1.8051948051948052, 1.2727272727272727, 36.36363636363637
915, 386.58224953041514, 5.890662337662337, 2.3376623376623376, 1.7272727272727273, 36.64935064935065
916, 386.1767520624426, 5.322559740259741, 1.8051948051948052, 1.2727272727272727, 35.4025974025974
917, 385.77125459447007, 5.8208636363636375, 2.4025974025974026, 1.7922077922077921, 35.532467532467535
918, 385.36575712649756, 5.0770064935064925, 1.6233766233766234, 1.2597402597402598, 33.79220779220779
919, 384.960259658525, 5.480433766233765, 2.2857142857142856, 1.6753246753246753, 33.45454545454545
920, 384.5547621905525, 5.264710389610388, 1.9870129870129871, 1.7272727272727273, 32.077922077922075
921, 384.14926472257997, 5.09360909090909, 2.3506493506493507, 1.4675324675324675, 30.961038961038962
922, 383.7437672546074, 4.882587012987012, 2.1818181818181817, 1.4285714285714286, 29.753246753246753
923, 383.3382697866349, 5.14163116883117, 2.6493506493506493, 1.7402597402597402, 29.194805194805195
924, 382.9327723186624, 4.899194805194804, 2.4675324675324677, 1.6493506493506493, 28.01298701298701
925, 382.5272748506898, 4.545750649350649, 2.2337662337662336, 1.4285714285714286, 26.662337662337663
926, 382.1217773827173, 4.513641558441558, 2.155844155844156, 1.5194805194805194, 26.116883116883116
927, 381.7162799147448, 4.520292207792209, 2.272727272727273, 1.5974025974025974, 25.467532467532468
928, 381.31078244677224, 4.4071103896103905, 2.272727272727273, 1.5584415584415585, 24.675324675324674
929, 380.9052849787997, 4.248571428571428, 2.3376623376623376, 1.4545454545454546, 23.649350649350648
930, 380.4997875108272, 4.235833766233766, 2.311688311688312, 1.5974025974025974, 22.87012987012987
931, 380.09429004285465, 4.092194805194807, 2.207792207792208, 1.5064935064935066, 22.350649350649352
932, 379.68879257488214, 4.267572727272728, 2.4545454545454546, 1.6493506493506493, 22.506493506493506
933, 379.28329510690963, 4.148564935064938, 2.4025974025974026, 1.5714285714285714, 22.0
934, 378.87779763893707, 4.188442857142857, 2.4545454545454546, 1.6103896103896105, 22.01298701298701
935, 378.47230017096456, 4.686310389610389, 3.0, 2.2337662337662336, 21.74025974025974
936, 378.06680270299205, 4.031145454545454, 2.311688311688312, 1.6623376623376624, 20.74025974025974
937, 377.6613052350195, 3.9499805194805195, 2.272727272727273, 1.7532467532467533, 19.662337662337663
938, 377.255807767047, 3.8168233766233772, 2.155844155844156, 1.6363636363636365, 19.4025974025974
939, 376.8503102990744, 3.855766233766232, 2.3376623376623376, 1.6883116883116882, 19.0
940, 376.4448128311019, 4.072184415584417, 2.5714285714285716, 1.948051948051948, 18.948051948051948
941, 376.0393153631294, 4.628094805194807, 3.207792207792208, 2.5584415584415585, 19.01298701298701
942, 375.6338178951568, 3.756393506493508, 2.2987012987012987, 1.7532467532467533, 17.896103896103895
943, 375.2283204271843, 3.2863285714285717, 1.7792207792207793, 1.3506493506493507, 17.207792207792206
944, 374.8228229592118, 3.710357142857142, 2.272727272727273, 1.7662337662337662, 17.493506493506494
945, 374.41732549123924, 4.068303896103896, 3.064935064935065, 2.012987012987013, 17.285714285714285
946, 374.01182802326673, 3.5575051948051937, 2.4805194805194803, 1.6623376623376624, 16.142857142857142
947, 373.6063305552942, 3.5851999999999995, 2.5454545454545454, 1.7142857142857142, 15.948051948051948
948, 373.20083308732166, 3.4329948051948045, 2.3896103896103895, 1.5974025974025974, 15.623376623376624
949, 372.79533561934915, 3.708523376623376, 2.8181818181818183, 1.9090909090909092, 15.311688311688311
950, 372.38983815137664, 3.4507532467532456, 2.5974025974025974, 1.6883116883116882, 14.766233766233766
951, 371.98434068340407, 3.260076623376624, 2.4805194805194803, 1.5844155844155845, 13.935064935064934
952, 371.57884321543156, 3.6788233766233778, 2.935064935064935, 2.0259740259740258, 14.142857142857142
953, 371.17334574745905, 3.2065636363636356, 2.5454545454545454, 1.6493506493506493, 12.96103896103896
954, 370.7678482794865, 3.460937662337663, 2.831168831168831, 1.922077922077922, 13.03896103896104
955, 370.362350811514, 2.9995051948051934, 2.4805194805194803, 1.5844155844155845, 11.64935064935065
956, 369.95685334354147, 3.5653961038961026, 3.051948051948052, 2.1818181818181817, 12.03896103896104
957, 369.5513558755689, 3.1222077922077927, 2.5974025974025974, 1.87012987012987, 10.948051948051948
958, 369.1458584075964, 3.3424857142857127, 2.8051948051948052, 2.116883116883117, 11.064935064935066
959, 368.7403609396239, 3.1346402597402605, 2.688311688311688, 1.9610389610389611, 10.35064935064935
960, 368.3348634716513, 3.0499636363636355, 2.5714285714285716, 1.9090909090909092, 10.181818181818182
961, 367.9293660036788, 3.581118181818182, 3.103896103896104, 2.4545454545454546, 10.636363636363637
962, 367.52386853570624, 3.268201298701299, 2.792207792207792, 2.155844155844156, 10.246753246753247
963, 367.11837106773373, 3.023535064935066, 2.5714285714285716, 1.922077922077922, 9.883116883116884
964, 366.7128735997612, 3.1762623376623376, 2.7012987012987013, 2.090909090909091, 10.012987012987013
965, 366.30737613178866, 2.9692337662337662, 2.4675324675324677, 1.948051948051948, 9.545454545454545
966, 365.90187866381615, 3.490202597402597, 3.038961038961039, 2.4285714285714284, 10.142857142857142
967, 365.49638119584364, 3.7269883116883107, 3.3636363636363638, 2.6363636363636362, 10.2987012987013
968, 365.0908837278711, 3.16248051948052, 2.727272727272727, 2.1298701298701297, 9.623376623376624
969, 364.68538625989856, 2.9937480519480517, 2.6493506493506493, 1.9350649350649352, 9.35064935064935
970, 364.27988879192606, 2.885220779220779, 2.4675324675324677, 1.8831168831168832, 9.142857142857142
971, 363.8743913239535, 3.164867532467533, 2.883116883116883, 2.142857142857143, 9.168831168831169
972, 363.468893855981, 2.6668285714285718, 2.3636363636363638, 1.6623376623376624, 8.636363636363637
973, 363.06339638800847, 2.9020740259740254, 2.6363636363636362, 1.9090909090909092, 8.714285714285714
974, 362.6578989200359, 2.510181818181818, 2.207792207792208, 1.5454545454545454, 8.272727272727273
975, 362.2524014520634, 3.1323181818181807, 2.9220779220779223, 2.155844155844156, 8.714285714285714
976, 361.8469039840909, 2.996258441558441, 2.74025974025974, 2.051948051948052, 8.532467532467532
977, 361.4414065161183, 3.0403350649350642, 2.7532467532467533, 2.064935064935065, 8.818181818181818
978, 361.0359090481458, 2.521827272727273, 2.2467532467532467, 1.5454545454545454, 8.272727272727273
979, 360.6304115801733, 3.239223376623376, 2.961038961038961, 2.272727272727273, 8.948051948051948
980, 360.22491411220074, 2.5592441558441554, 2.2337662337662336, 1.6233766233766234, 8.233766233766234
981, 359.8194166442282, 2.742664935064935, 2.4415584415584415, 1.7922077922077921, 8.428571428571429
982, 359.4139191762557, 2.8367467532467536, 2.5324675324675323, 1.896103896103896, 8.480519480519481
983, 359.00842170828315, 3.0995623376623374, 2.8181818181818183, 2.142857142857143, 8.766233766233766
984, 358.60292424031064, 2.671814285714285, 2.3766233766233764, 1.7272727272727273, 8.311688311688311
985, 358.19742677233813, 3.0350753246753244, 2.7532467532467533, 2.103896103896104, 8.571428571428571
986, 357.79192930436557, 2.88552987012987, 2.6233766233766236, 1.948051948051948, 8.402597402597403
987, 357.38643183639306, 3.1747584415584407, 2.935064935064935, 2.2467532467532467, 8.584415584415584
988, 356.9809343684205, 2.7188584415584414, 2.4545454545454546, 1.8181818181818181, 8.051948051948052
989, 356.575436900448, 3.269761038961038, 3.038961038961039, 2.3506493506493507, 8.61038961038961
990, 356.1699394324755, 2.8770883116883104, 2.6233766233766236, 1.974025974025974, 8.194805194805195
991, 355.7644419645029, 3.0348987012987, 2.831168831168831, 2.116883116883117, 8.2987012987013
992, 355.3589444965304, 2.8322896103896094, 2.5584415584415585, 1.9610389610389611, 8.03896103896104
993, 354.9534470285579, 2.5637753246753237, 2.5064935064935066, 1.6233766233766234, 7.558441558441558
994, 354.5479495605853, 2.9364194805194788, 2.8181818181818183, 2.038961038961039, 7.87012987012987
995, 354.1424520926128, 2.8539831168831156, 2.7662337662337664, 1.9350649350649352, 7.818181818181818
996, 353.7369546246403, 2.7867935064935043, 2.7142857142857144, 1.8571428571428572, 7.766233766233766
997, 353.33145715666774, 2.8226493506493484, 2.727272727272727, 1.9090909090909092, 7.779220779220779
