Extraction [ img/s3/dil5.jpg ] effectuee 2026-05-21 17:17:35.562324
Calibration: -0.4054974679725289*x + 757.6124327252791 [largueur 2543 + 998]

pixel, longueur d'onde, intensite, r, g, b
0, 757.6124327252791, 3.4483702479338842, 5.223140495867769, 2.330578512396694, 4.553719008264463
1, 757.2069352573066, 4.08527438016529, 6.595041322314049, 2.5950413223140494, 5.181818181818182
2, 756.801437789334, 3.678395867768597, 6.12396694214876, 2.239669421487603, 4.677685950413223
3, 756.3959403213614, 4.096150413223142, 6.760330578512397, 2.5454545454545454, 5.099173553719008
4, 755.9904428533889, 4.282801652892562, 6.9421487603305785, 2.7355371900826446, 5.2809917355371905
5, 755.5849453854164, 3.8104413223140527, 6.743801652892562, 2.15702479338843, 4.636363636363637
6, 755.1794479174439, 3.7720008264462823, 6.68595041322314, 2.1322314049586777, 4.578512396694215
7, 754.7739504494714, 4.361945454545455, 7.818181818181818, 2.4628099173553717, 5.082644628099174
8, 754.3684529814989, 4.035551239669424, 7.380165289256198, 2.2148760330578514, 4.644628099173554
9, 753.9629555135263, 4.089009090909093, 7.8429752066115705, 2.0991735537190084, 4.4958677685950414
10, 753.5574580455537, 4.140933884297522, 7.851239669421488, 2.1818181818181817, 4.5041322314049586
11, 753.1519605775812, 4.59397438016529, 8.933884297520661, 2.3140495867768593, 4.958677685950414
12, 752.7464631096087, 4.681461983471072, 9.016528925619834, 2.4049586776859506, 5.041322314049586
13, 752.3409656416362, 4.3625181818181815, 8.785123966942148, 2.0661157024793386, 4.595041322314049
14, 751.9354681736637, 4.763285123966943, 9.297520661157025, 2.3884297520661155, 5.107438016528926
15, 751.5299707056911, 4.520318181818181, 9.214876033057852, 2.074380165289256, 4.809917355371901
16, 751.1244732377186, 5.215711570247933, 9.991735537190083, 2.71900826446281, 5.553719008264463
17, 750.7189757697461, 5.439292561983469, 10.87603305785124, 2.5950413223140494, 5.8347107438016526
18, 750.3134783017736, 5.4895495867768584, 10.950413223140496, 2.6363636363636362, 5.867768595041323
19, 749.907980833801, 5.464835537190084, 11.066115702479339, 2.5289256198347108, 5.900826446280992
20, 749.5024833658285, 5.152790909090911, 10.768595041322314, 2.206611570247934, 5.603305785123967
21, 749.0969858978559, 5.2911132231405, 11.429752066115702, 2.0991735537190084, 5.636363636363637
22, 748.6914884298834, 5.572611570247936, 11.735537190082646, 2.3636363636363638, 5.9421487603305785
23, 748.2859909619109, 5.919942148760333, 12.479338842975206, 2.512396694214876, 6.2727272727272725
24, 747.8804934939384, 5.827068595041324, 12.37190082644628, 2.4297520661157024, 6.1652892561983474
25, 747.4749960259659, 6.269055371900824, 13.330578512396695, 2.5950413223140494, 6.677685950413223
26, 747.0694985579933, 5.567015702479338, 12.570247933884298, 1.9338842975206612, 5.917355371900826
27, 746.6640010900207, 6.127390909090907, 13.446280991735538, 2.3140495867768593, 6.578512396694215
28, 746.2585036220482, 5.625486776859504, 12.818181818181818, 1.9008264462809918, 5.950413223140496
29, 745.8530061540757, 6.689944628099174, 14.603305785123966, 2.5371900826446283, 7.330578512396694
30, 745.4475086861032, 6.594193388429755, 14.512396694214877, 2.43801652892562, 7.239669421487603
31, 745.0420112181307, 6.500200826446285, 14.520661157024794, 2.3057851239669422, 7.074380165289257
32, 744.6365137501581, 6.663271074380165, 14.727272727272727, 2.446280991735537, 7.239669421487603
33, 744.2310162821856, 7.602495867768598, 16.94214876033058, 2.7355371900826446, 8.181818181818182
34, 743.8255188142131, 6.7891074380165275, 16.198347107438018, 1.884297520661157, 7.380165289256198
35, 743.4200213462406, 7.424313223140495, 17.03305785123967, 2.4049586776859506, 8.082644628099173
36, 743.014523878268, 7.278280165289258, 16.785123966942148, 2.330578512396694, 7.8347107438016526
37, 742.6090264102955, 8.04643223140496, 18.239669421487605, 2.7107438016528924, 8.801652892561984
38, 742.2035289423229, 7.636497520661154, 17.75206611570248, 2.355371900826446, 8.314049586776859
39, 741.7980314743504, 8.190358677685953, 19.140495867768596, 2.487603305785124, 8.851239669421487
40, 741.3925340063779, 7.440838842975209, 18.140495867768596, 1.9173553719008265, 7.8347107438016526
41, 740.9870365384054, 8.325409917355376, 19.867768595041323, 2.355371900826446, 8.809917355371901
42, 740.5815390704329, 8.320775206611573, 19.93388429752066, 2.3057851239669422, 8.851239669421487
43, 740.1760416024604, 8.560603305785124, 20.90909090909091, 2.1487603305785123, 9.206611570247935
44, 739.7705441344877, 8.576595867768601, 20.90082644628099, 2.1818181818181817, 9.198347107438016
45, 739.3650466665152, 8.544435537190083, 21.181818181818183, 2.0, 9.115702479338843
46, 738.9595491985427, 8.440255371900824, 21.0, 1.9504132231404958, 8.933884297520661
47, 738.5540517305702, 9.11215702479339, 22.14876033057851, 2.322314049586777, 9.900826446280991
48, 738.1485542625977, 9.09149173553719, 22.1900826446281, 2.2644628099173554, 9.909090909090908
49, 737.7430567946251, 9.471229752066119, 23.322314049586776, 2.256198347107438, 10.314049586776859
50, 737.3375593266526, 9.033626446280993, 22.826446280991735, 1.859504132231405, 9.818181818181818
51, 736.9320618586801, 9.577806611570248, 23.669421487603305, 2.256198347107438, 10.338842975206612
52, 736.5265643907076, 9.74930578512397, 23.96694214876033, 2.347107438016529, 10.59504132231405
53, 736.121066922735, 10.123111570247932, 25.24793388429752, 2.256198347107438, 10.983471074380166
54, 735.7155694547625, 9.908015702479343, 24.884297520661157, 2.1487603305785123, 10.603305785123966
55, 735.3100719867899, 10.750300826446272, 26.74380165289256, 2.4297520661157024, 11.669421487603305
56, 734.9045745188174, 10.142294214876035, 25.90082644628099, 1.9917355371900827, 10.801652892561984
57, 734.4990770508449, 10.830897520661157, 27.636363636363637, 2.1735537190082646, 11.355371900826446
58, 734.0935795828724, 10.6181305785124, 27.537190082644628, 1.8760330578512396, 11.28099173553719
59, 733.6880821148999, 10.943180991735536, 28.520661157024794, 1.8760330578512396, 11.553719008264462
60, 733.2825846469274, 11.306704958677694, 28.818181818181817, 2.2892561983471076, 11.834710743801653
61, 732.8770871789548, 10.910219834710741, 28.876033057851238, 1.6694214876033058, 11.396694214876034
62, 732.4715897109822, 11.58853801652893, 29.66115702479339, 2.272727272727273, 12.181818181818182
63, 732.0660922430097, 12.128070247933888, 30.619834710743802, 2.5785123966942147, 12.826446280991735
64, 731.6605947750372, 11.856172727272725, 30.421487603305785, 2.2644628099173554, 12.578512396694215
65, 731.2550973070647, 12.012189256198353, 31.578512396694215, 2.0165289256198347, 12.190082644628099
66, 730.8495998390922, 12.202635537190085, 31.99173553719008, 2.074380165289256, 12.479338842975206
67, 730.4441023711196, 12.556575206611576, 32.760330578512395, 2.231404958677686, 12.760330578512397
68, 730.0386049031471, 12.514149586776862, 32.63636363636363, 2.2479338842975207, 12.62809917355372
69, 729.6331074351746, 12.536539669421494, 33.36363636363637, 1.9173553719008265, 12.619834710743802
70, 729.227609967202, 12.803306611570243, 33.710743801652896, 2.1404958677685952, 12.900826446280991
71, 728.8221124992295, 13.357377685950418, 35.47933884297521, 2.1404958677685952, 13.12396694214876
72, 728.416615031257, 13.140537190082643, 35.04132231404959, 2.074380165289256, 12.710743801652892
73, 728.0111175632844, 13.530085950413218, 36.66115702479339, 1.884297520661157, 12.859504132231406
74, 727.6056200953119, 13.74430495867768, 37.03305785123967, 2.0165289256198347, 13.082644628099173
75, 727.2001226273394, 14.185127272727273, 38.31404958677686, 2.0991735537190084, 13.165289256198347
76, 726.7946251593669, 14.087416528925615, 38.231404958677686, 2.0165289256198347, 12.950413223140496
77, 726.3891276913944, 14.28473140495868, 39.21487603305785, 1.8181818181818181, 13.12396694214876
78, 725.9836302234218, 14.353297520661162, 39.33884297520661, 1.8429752066115703, 13.272727272727273
79, 725.5781327554492, 15.328704958677681, 40.96694214876033, 2.4958677685950414, 14.198347107438016
80, 725.1726352874767, 14.920591735537192, 40.69421487603306, 2.0165289256198347, 13.801652892561984
81, 724.7671378195042, 15.559498347107441, 42.53719008264463, 2.041322314049587, 14.446280991735538
82, 724.3616403515317, 15.541012396694208, 42.93388429752066, 1.7933884297520661, 14.520661157024794
83, 723.9561428835592, 16.3773388429752, 44.710743801652896, 2.12396694214876, 15.49586776859504
84, 723.5506454155866, 16.359603305785136, 44.79338842975206, 2.0661157024793386, 15.421487603305785
85, 723.1451479476141, 17.09047107438016, 46.94214876033058, 2.12396694214876, 15.900826446280991
86, 722.7396504796416, 16.965219834710748, 46.97520661157025, 1.9338842975206612, 15.694214876033058
87, 722.3341530116691, 17.292731404958676, 48.388429752066116, 1.7272727272727273, 15.925619834710744
88, 721.9286555436966, 17.308804132231405, 48.48760330578512, 1.7603305785123966, 15.636363636363637
89, 721.523158075724, 18.15913140495868, 50.752066115702476, 1.9338842975206612, 16.264462809917354
90, 721.1176606077514, 18.394539669421494, 51.3801652892562, 1.9669421487603307, 16.512396694214875
91, 720.7121631397789, 18.920647107438022, 53.11570247933884, 1.9008264462809918, 16.917355371900825
92, 720.3066656718064, 18.990147107438013, 53.40495867768595, 1.9008264462809918, 16.768595041322314
93, 719.9011682038339, 19.65781900826446, 55.611570247933884, 1.7685950413223142, 17.520661157024794
94, 719.4956707358614, 19.97175123966942, 56.20661157024794, 1.9586776859504131, 17.735537190082646
95, 719.0901732678889, 20.13498099173555, 57.21487603305785, 1.7024793388429753, 17.84297520661157
96, 718.6846757999162, 20.390256198347107, 58.099173553719005, 1.6694214876033058, 17.93388429752066
97, 718.2791783319437, 21.31117603305786, 60.63636363636363, 1.8099173553719008, 18.636363636363637
98, 717.8736808639712, 21.592311570247933, 61.59504132231405, 1.7685950413223142, 18.801652892561982
99, 717.4681833959987, 22.050067768595035, 63.12396694214876, 1.7024793388429753, 19.14876033057851
100, 717.0626859280262, 22.67400991735538, 64.69421487603306, 1.8181818181818181, 19.90909090909091
101, 716.6571884600537, 23.747633057851246, 67.14049586776859, 2.231404958677686, 20.785123966942148
102, 716.2516909920811, 23.364038016528927, 67.30578512396694, 1.6446280991735538, 20.00826446280992
103, 715.8461935241086, 24.480585123966932, 70.01652892561984, 1.9834710743801653, 20.950413223140497
104, 715.4406960561361, 24.49476446280991, 70.86776859504133, 1.5950413223140496, 20.84297520661157
105, 715.0351985881636, 25.24064628099172, 72.79338842975207, 1.859504132231405, 20.975206611570247
106, 714.629701120191, 25.64824380165288, 74.17355371900827, 1.7355371900826446, 21.570247933884296
107, 714.2242036522184, 26.43873966942149, 76.15702479338843, 2.0, 21.94214876033058
108, 713.8187061842459, 26.015583471074386, 76.56198347107438, 1.1900826446280992, 21.33884297520661
109, 713.4132087162734, 26.77036446280992, 78.33884297520662, 1.5454545454545454, 21.47107438016529
110, 713.0077112483009, 27.621587603305777, 80.15702479338843, 1.859504132231405, 22.553719008264462
111, 712.6022137803284, 28.25970578512397, 81.9504132231405, 1.9338842975206612, 23.06611570247934
112, 712.1967163123559, 27.731564462809914, 81.87603305785125, 1.2148760330578512, 22.330578512396695
113, 711.7912188443833, 28.88713553719009, 84.4297520661157, 1.677685950413223, 23.388429752066116
114, 711.3857213764107, 29.465761983471086, 85.68595041322314, 1.9338842975206612, 23.85123966942149
115, 710.9802239084382, 29.18635950413224, 85.9090909090909, 1.4710743801652892, 23.198347107438018
116, 710.5747264404657, 29.570807438016534, 86.63636363636364, 1.7107438016528926, 23.429752066115704
117, 710.1692289724932, 30.56912314049588, 89.09917355371901, 1.8925619834710743, 24.793388429752067
118, 709.7637315045207, 30.47316033057851, 89.38842975206612, 1.6363636363636365, 24.512396694214875
119, 709.3582340365481, 30.700008264462813, 90.41322314049587, 1.56198347107438, 24.198347107438018
120, 708.9527365685756, 31.12145785123967, 91.53719008264463, 1.603305785123967, 24.735537190082646
121, 708.5472391006031, 31.655434710743815, 93.25619834710744, 1.5702479338842976, 25.082644628099175
122, 708.1417416326306, 31.95295785123967, 94.30578512396694, 1.5041322314049588, 25.28099173553719
123, 707.736244164658, 32.39853140495866, 95.84297520661157, 1.462809917355372, 25.371900826446282
124, 707.3307466966855, 32.77247851239669, 96.86776859504133, 1.56198347107438, 25.454545454545453
125, 706.9252492287129, 33.93661570247934, 99.87603305785125, 1.6859504132231404, 27.140495867768596
126, 706.5197517607404, 34.273928925619835, 100.95867768595042, 1.6611570247933884, 27.388429752066116
127, 706.1142542927679, 34.795973553719, 102.41322314049587, 1.7520661157024793, 27.68595041322314
128, 705.7087568247954, 34.564780991735546, 102.85123966942149, 1.2892561983471074, 26.892561983471076
129, 705.3032593568229, 35.946257851239686, 106.09917355371901, 1.8925619834710743, 27.388429752066116
130, 704.8977618888503, 36.08878925619835, 107.23140495867769, 1.6198347107438016, 27.074380165289256
131, 704.4922644208777, 36.41710495867769, 108.53719008264463, 1.5206611570247934, 27.041322314049587
132, 704.0867669529052, 37.39408264462809, 110.9090909090909, 1.7685950413223142, 28.115702479338843
133, 703.6812694849327, 37.886172727272736, 112.90082644628099, 1.5702479338842976, 28.231404958677686
134, 703.2757720169602, 38.853793388429764, 115.53719008264463, 1.6611570247933884, 29.33884297520661
135, 702.8702745489877, 39.84440495867769, 118.34710743801652, 1.8264462809917354, 29.8099173553719
136, 702.4647770810151, 40.627094214876024, 120.46280991735537, 1.9669421487603307, 30.40495867768595
137, 702.0592796130426, 41.294062809917364, 123.17355371900827, 1.6859504132231404, 30.59504132231405
138, 701.6537821450701, 42.22465867768596, 125.8099173553719, 1.7603305785123966, 31.462809917355372
139, 701.2482846770976, 43.397310743801654, 129.20661157024793, 1.8181818181818181, 32.54545454545455
140, 700.842787209125, 44.53416694214877, 132.21487603305786, 2.0, 33.69421487603306
141, 700.4372897411525, 45.8564173553719, 135.74380165289256, 2.2148760330578514, 34.93388429752066
142, 700.0317922731799, 46.02862892561983, 137.26446280991735, 1.7355371900826446, 34.925619834710744
143, 699.6262948052074, 47.17090661157024, 140.10743801652893, 1.9834710743801653, 36.21487603305785
144, 699.2207973372349, 47.47623223140496, 141.89256198347107, 1.6363636363636365, 36.0
145, 698.8152998692624, 49.11286446280995, 146.39669421487602, 1.8677685950413223, 37.35537190082645
146, 698.4098024012899, 50.09183471074383, 149.25619834710744, 1.9173553719008265, 38.1900826446281
147, 698.0043049333174, 51.05356363636362, 151.96694214876032, 2.0165289256198347, 39.00826446280992
148, 697.5988074653447, 51.374839669421476, 153.6694214876033, 1.677685950413223, 39.107438016528924
149, 697.1933099973722, 52.180010743801624, 156.7520661157025, 1.3801652892561984, 39.6198347107438
150, 696.7878125293997, 53.94890247933885, 160.4793388429752, 2.15702479338843, 41.36363636363637
151, 696.3823150614272, 55.25308347107439, 164.28925619834712, 2.1322314049586777, 42.94214876033058
152, 695.9768175934547, 55.154442975206614, 165.32231404958677, 1.5537190082644627, 42.34710743801653
153, 695.5713201254821, 56.80994628099171, 169.29752066115702, 1.9421487603305785, 44.446280991735534
154, 695.1658226575096, 57.37790743801652, 171.17355371900825, 1.8677685950413223, 44.892561983471076
155, 694.7603251895371, 58.95983884297522, 175.0, 2.206611570247934, 46.99173553719008
156, 694.3548277215646, 59.083843801652904, 176.27272727272728, 1.8099173553719008, 46.78512396694215
157, 693.949330253592, 59.75977272727274, 178.80165289256198, 1.5950413223140496, 47.1900826446281
158, 693.5438327856195, 60.367547107438, 180.64462809917356, 1.56198347107438, 47.85950413223141
159, 693.138335317647, 61.74333388429753, 184.01652892561984, 1.8677685950413223, 49.51239669421488
160, 692.7328378496744, 61.68119338842976, 184.67768595041323, 1.4958677685950412, 49.14876033057851
161, 692.3273403817019, 62.51388016528925, 186.98347107438016, 1.512396694214876, 50.32231404958678
162, 691.9218429137294, 63.22025454545456, 188.44628099173553, 1.8264462809917354, 51.06611570247934
163, 691.5163454457569, 63.127386776859524, 188.8595041322314, 1.512396694214876, 50.78512396694215
164, 691.1108479777844, 64.29609008264462, 190.83471074380165, 2.2231404958677685, 52.19834710743802
165, 690.7053505098118, 64.39997107438018, 191.8595041322314, 1.8429752066115703, 52.3801652892562
166, 690.2998530418392, 64.60544628099174, 192.8099173553719, 1.6528925619834711, 52.66942148760331
167, 689.8943555738667, 65.39648016528926, 194.53719008264463, 1.9090909090909092, 53.760330578512395
168, 689.4888581058942, 65.09458677685949, 194.54545454545453, 1.462809917355372, 53.388429752066116
169, 689.0833606379217, 65.69288264462809, 195.88429752066116, 1.6446280991735538, 54.1900826446281
170, 688.6778631699492, 65.98601983471075, 196.5785123966942, 1.6942148760330578, 54.68595041322314
171, 688.2723657019766, 65.80115371900828, 196.72727272727272, 1.3388429752066116, 54.50413223140496
172, 687.8668682340041, 65.84009090909092, 196.77685950413223, 1.371900826446281, 54.54545454545455
173, 687.4613707660316, 66.43273057851239, 197.8181818181818, 1.6859504132231404, 55.396694214876035
174, 687.055873298059, 66.66492479338844, 198.10743801652893, 1.834710743801653, 55.90909090909091
175, 686.6503758300865, 66.39404793388425, 197.86776859504133, 1.5867768595041323, 55.43801652892562
176, 686.2448783621139, 66.21307520661156, 197.51239669421489, 1.512396694214876, 55.16528925619835
177, 685.8393808941414, 67.04114876033059, 199.0082644628099, 1.975206611570248, 56.12396694214876
178, 685.4338834261689, 66.07699008264464, 197.45454545454547, 1.396694214876033, 54.71900826446281
179, 685.0283859581964, 66.45850826446282, 198.47107438016528, 1.421487603305785, 55.27272727272727
180, 684.6228884902239, 66.37965206611574, 197.8595041322314, 1.6611570247933884, 54.950413223140494
181, 684.2173910222514, 66.26941735537191, 198.22314049586777, 1.3636363636363635, 54.56198347107438
182, 683.8118935542789, 66.279473553719, 197.9917355371901, 1.4793388429752066, 54.66115702479339
183, 683.4063960863062, 66.83719173553719, 198.9917355371901, 1.8512396694214877, 55.01652892561984
184, 683.0008986183337, 66.36527107438016, 197.9504132231405, 1.7107438016528926, 54.33057851239669
185, 682.5954011503612, 66.31921239669421, 198.28925619834712, 1.578512396694215, 53.71900826446281
186, 682.1899036823887, 65.89445454545454, 197.27272727272728, 1.5041322314049588, 53.04132231404959
187, 681.7844062144162, 66.25094380165294, 198.08264462809916, 1.6942148760330578, 53.06611570247934
188, 681.3789087464436, 66.03080330578514, 197.58677685950414, 1.6198347107438016, 52.81818181818182
189, 680.9734112784711, 66.06243636363641, 197.9504132231405, 1.5206611570247934, 52.65289256198347
190, 680.5679138104986, 65.49569504132234, 196.68595041322314, 1.3884297520661157, 51.67768595041322
191, 680.1624163425261, 66.30063471074376, 198.03305785123968, 1.9421487603305785, 52.35537190082645
192, 679.7569188745535, 65.68529173553719, 197.08264462809916, 1.5206611570247934, 51.6198347107438
193, 679.351421406581, 65.22403719008261, 196.40495867768595, 1.322314049586777, 50.37190082644628
194, 678.9459239386084, 65.2063132231405, 195.95867768595042, 1.5867768595041323, 50.02479338842975
195, 678.5404264706359, 65.22031157024797, 196.22314049586777, 1.5289256198347108, 49.752066115702476
196, 678.1349290026634, 64.41665041322315, 194.5702479338843, 1.2727272727272727, 48.35537190082645
197, 677.7294315346909, 65.17847355371897, 195.59504132231405, 1.9090909090909092, 49.074380165289256
198, 677.3239340667184, 64.85402644628095, 194.61157024793388, 2.0, 48.33884297520661
199, 676.9184365987458, 64.79608264462804, 194.62809917355372, 1.9586776859504131, 48.0
200, 676.5129391307732, 64.21015123966943, 193.28099173553719, 1.8181818181818181, 47.11570247933884
201, 676.1074416628007, 65.19372148760334, 194.76859504132233, 2.5950413223140494, 47.84297520661157
202, 675.7019441948282, 65.25008760330579, 194.2479338842975, 2.9834710743801653, 47.70247933884298
203, 675.2964467268557, 64.70770247933885, 193.30578512396696, 2.884297520661157, 45.925619834710744
204, 674.8909492588832, 65.12126942148761, 193.17355371900825, 3.7107438016528924, 45.64462809917355
205, 674.4854517909107, 65.89890991735537, 193.79338842975207, 4.694214876033058, 45.77685950413223
206, 674.0799543229381, 66.42652727272726, 193.48760330578511, 5.859504132231405, 45.20661157024794
207, 673.6744568549656, 66.93916115702478, 193.67768595041323, 6.735537190082645, 44.69421487603306
208, 673.2689593869931, 66.75638842975205, 192.8099173553719, 7.140495867768595, 43.28099173553719
209, 672.8634619190206, 68.77582148760328, 194.59504132231405, 9.52892561983471, 44.01652892561984
210, 672.457964451048, 68.55771735537192, 193.48760330578511, 10.074380165289256, 42.19834710743802
211, 672.0524669830754, 68.75042148760336, 193.55371900826447, 10.438016528925619, 41.84297520661157
212, 671.6469695151029, 70.33223801652893, 194.89256198347107, 12.388429752066116, 42.16528925619835
213, 671.2414720471304, 70.48149008264465, 194.60330578512398, 13.008264462809917, 41.04132231404959
214, 670.8359745791579, 71.21767438016526, 194.74380165289256, 14.272727272727273, 40.6198347107438
215, 670.4304771111854, 71.92416942148763, 195.2479338842975, 15.322314049586776, 40.09090909090909
216, 670.0249796432129, 71.89810909090906, 194.36363636363637, 15.925619834710744, 39.074380165289256
217, 669.6194821752403, 72.7166611570248, 195.12396694214877, 16.90082644628099, 39.239669421487605
218, 669.2139847072677, 73.11668181818183, 195.0, 17.727272727272727, 38.81818181818182
219, 668.8084872392952, 74.71710826446281, 196.35537190082644, 19.59504132231405, 39.68595041322314
220, 668.4029897713227, 74.16985702479336, 194.98347107438016, 19.727272727272727, 37.80165289256198
221, 667.9974923033502, 75.9042239669421, 196.35537190082644, 21.867768595041323, 38.396694214876035
222, 667.5919948353776, 75.72388016528923, 195.49586776859505, 22.214876033057852, 37.28099173553719
223, 667.1864973674051, 77.1852132231405, 196.79338842975207, 23.90082644628099, 38.01652892561984
224, 666.7809998994326, 76.98294628099175, 195.9090909090909, 24.28099173553719, 36.603305785123965
225, 666.3755024314601, 78.99668181818183, 197.39669421487602, 26.74380165289256, 37.68595041322314
226, 665.9700049634876, 79.51370330578517, 197.1818181818182, 27.793388429752067, 37.3801652892562
227, 665.564507495515, 81.13352066115702, 198.84297520661158, 29.47107438016529, 38.59504132231405
228, 665.1590100275425, 81.4167785123967, 198.6611570247934, 30.09917355371901, 38.32231404958678
229, 664.7535125595699, 81.59978264462815, 198.6198347107438, 30.56198347107438, 37.65289256198347
230, 664.3480150915974, 82.16908512396695, 198.73553719008265, 31.479338842975206, 37.6198347107438
231, 663.9425176236249, 83.48163223140496, 199.62809917355372, 33.14049586776859, 38.239669421487605
232, 663.5370201556524, 84.3561024793388, 199.96694214876032, 34.396694214876035, 38.553719008264466
233, 663.1315226876799, 84.64169421487607, 199.83471074380165, 35.06611570247934, 37.95867768595041
234, 662.7260252197073, 84.31687851239667, 198.98347107438016, 35.082644628099175, 37.256198347107436
235, 662.3205277517347, 85.77244297520664, 200.03305785123968, 36.90909090909091, 37.86776859504132
236, 661.9150302837622, 85.93832809917353, 199.77685950413223, 37.37190082644628, 37.611570247933884
237, 661.5095328157897, 87.2012024793388, 200.78512396694214, 38.84297520661157, 38.47107438016529
238, 661.1040353478172, 86.60566280991742, 199.900826446281, 38.47933884297521, 37.43801652892562
239, 660.6985378798447, 86.56090826446278, 199.84297520661158, 38.47107438016529, 37.239669421487605
240, 660.2930404118721, 87.0056049586777, 199.8181818181818, 39.239669421487605, 37.247933884297524
241, 659.8875429438996, 87.65603057851241, 200.10743801652893, 40.21487603305785, 37.17355371900826
242, 659.4820454759271, 87.55195123966944, 199.41322314049586, 40.47933884297521, 36.71900826446281
243, 659.0765480079546, 87.8792008264463, 199.72727272727272, 40.85123966942149, 36.85123966942149
244, 658.671050539982, 88.83882644628098, 200.2479338842975, 42.09090909090909, 37.52066115702479
245, 658.2655530720094, 88.70319834710749, 199.6694214876033, 42.289256198347104, 36.82644628099174
246, 657.8600556040369, 89.9119305785124, 200.28099173553719, 43.892561983471076, 37.570247933884296
247, 657.4545581360644, 90.52691900826441, 200.39669421487602, 44.892561983471076, 37.51239669421488
248, 657.0490606680919, 90.43250578512395, 199.48760330578511, 45.34710743801653, 36.72727272727273
249, 656.6435632001194, 91.26218264462804, 199.6611570247934, 46.65289256198347, 36.82644628099174
250, 656.2380657321469, 91.71973801652892, 199.06611570247935, 47.78512396694215, 36.570247933884296
251, 655.8325682641744, 92.27810247933881, 198.97520661157026, 48.8099173553719, 36.429752066115704
252, 655.4270707962017, 91.91260495867766, 197.6694214876033, 49.049586776859506, 35.413223140495866
253, 655.0215733282292, 93.5935504132231, 198.79338842975207, 51.13223140495868, 36.48760330578512
254, 654.6160758602567, 92.6175752066116, 197.22314049586777, 50.53719008264463, 35.107438016528924
255, 654.2105783922842, 93.47013057851237, 197.70247933884298, 51.63636363636363, 35.66942148760331
256, 653.8050809243117, 94.51137520661153, 197.98347107438016, 53.1900826446281, 36.06611570247934
257, 653.3995834563391, 95.66510661157028, 198.60330578512398, 54.79338842975206, 36.30578512396694
258, 652.9940859883666, 95.27386280991736, 197.32231404958677, 54.96694214876033, 35.33884297520661
259, 652.5885885203941, 95.0977024793388, 196.52892561983472, 55.17355371900826, 34.8099173553719
260, 652.1830910524216, 95.56633305785125, 196.17355371900825, 56.12396694214876, 34.95867768595041
261, 651.777593584449, 96.21702396694216, 196.28925619834712, 57.17355371900826, 34.95867768595041
262, 651.3720961164765, 95.81616776859507, 195.099173553719, 57.289256198347104, 33.96694214876033
263, 650.9665986485039, 96.6679834710744, 195.28925619834712, 58.553719008264466, 34.429752066115704
264, 650.5611011805314, 96.83264710743798, 194.8512396694215, 59.14876033057851, 33.95867768595041
265, 650.1556037125589, 97.82983553719012, 195.36363636363637, 60.47107438016529, 34.553719008264466
266, 649.7501062445864, 98.17046694214878, 195.0, 61.29752066115702, 34.239669421487605
267, 649.3446087766139, 98.39827107438018, 194.4793388429752, 62.01652892561984, 33.900826446280995
268, 648.9391113086413, 98.33070909090908, 193.40495867768595, 62.578512396694215, 33.231404958677686
269, 648.5336138406687, 99.46569256198356, 193.65289256198346, 64.29752066115702, 33.68595041322314
270, 648.1281163726962, 99.13592066115703, 192.28099173553719, 64.58677685950413, 32.900826446280995
271, 647.7226189047237, 100.1494669421488, 192.35537190082644, 66.14876033057851, 33.553719008264466
272, 647.3171214367512, 101.17744380165291, 192.4214876033058, 67.81818181818181, 33.80165289256198
273, 646.9116239687787, 101.41610000000003, 192.05785123966942, 68.52066115702479, 33.231404958677686
274, 646.5061265008062, 101.53553305785121, 190.9504132231405, 69.41322314049587, 32.586776859504134
275, 646.1006290328336, 101.75490826446278, 190.6694214876033, 69.96694214876032, 32.396694214876035
276, 645.6951315648611, 102.10632066115701, 189.60330578512398, 71.19834710743801, 31.93388429752066
277, 645.2896340968886, 103.3630818181818, 190.17355371900825, 72.91735537190083, 32.611570247933884
278, 644.884136628916, 103.8549537190083, 189.38842975206612, 74.25619834710744, 32.09090909090909
279, 644.4786391609435, 104.12899173553723, 188.84297520661158, 75.08264462809917, 31.669421487603305
280, 644.0731416929709, 103.62740661157024, 187.58677685950414, 75.0909090909091, 30.520661157024794
281, 643.6676442249984, 104.16863057851238, 187.49586776859505, 76.0495867768595, 30.570247933884296
282, 643.2621467570259, 104.3867603305785, 187.02479338842974, 76.76859504132231, 30.016528925619834
283, 642.8566492890534, 105.61091074380167, 187.4214876033058, 78.51239669421487, 30.735537190082646
284, 642.4511518210809, 105.7579388429752, 186.4793388429752, 79.39669421487604, 29.94214876033058
285, 642.0456543531084, 106.39787190082647, 186.5702479338843, 80.47107438016529, 29.785123966942148
286, 641.6401568851358, 107.52575123966945, 186.6198347107438, 82.32231404958678, 30.016528925619834
287, 641.2346594171632, 107.74097355371903, 185.96694214876032, 83.07438016528926, 29.74380165289256
288, 640.8291619491907, 108.06962644628102, 185.47107438016528, 84.02479338842976, 29.03305785123967
289, 640.4236644812182, 109.15107107438021, 185.98347107438016, 85.53719008264463, 29.388429752066116
290, 640.0181670132457, 109.02738512396688, 184.9917355371901, 86.0, 28.520661157024794
291, 639.6126695452731, 109.55393801652885, 184.83471074380165, 86.92561983471074, 28.785123966942148
292, 639.2071720773006, 110.22220991735534, 184.84297520661158, 88.01652892561984, 29.00826446280992
293, 638.8016746093281, 110.07500578512398, 183.9917355371901, 88.33884297520662, 28.289256198347108
294, 638.3961771413556, 110.71585206611564, 183.95867768595042, 89.4297520661157, 28.380165289256198
295, 637.990679673383, 111.82183223140494, 184.32231404958677, 91.06611570247934, 28.702479338842974
296, 637.5851822054105, 111.49025867768597, 183.28099173553719, 91.25619834710744, 27.545454545454547
297, 637.179684737438, 112.14420991735531, 183.27272727272728, 92.40495867768595, 27.388429752066116
298, 636.7741872694654, 113.02335537190085, 183.47107438016528, 93.80165289256199, 27.388429752066116
299, 636.3686898014929, 113.82957520661157, 183.4214876033058, 95.15702479338843, 27.611570247933884
300, 635.9631923335204, 114.27983719008269, 183.19834710743802, 96.08264462809917, 27.380165289256198
301, 635.5576948655479, 114.46276942148764, 182.55371900826447, 96.78512396694215, 27.05785123966942
302, 635.1521973975754, 114.59980165289254, 182.06611570247935, 97.34710743801652, 26.644628099173552
303, 634.7466999296028, 115.60079421487602, 182.38842975206612, 98.74380165289256, 27.388429752066116
304, 634.3412024616302, 116.4359702479339, 182.61157024793388, 100.0, 27.66115702479339
305, 633.9357049936577, 116.1166917355372, 181.51239669421489, 100.15702479338843, 26.93388429752066
306, 633.5302075256852, 117.0984355371901, 181.67768595041323, 101.68595041322314, 27.239669421487605
307, 633.1247100577127, 117.41861074380165, 181.41322314049586, 102.28099173553719, 27.677685950413224
308, 632.7192125897402, 117.9661214876033, 181.01652892561984, 103.38842975206612, 27.818181818181817
309, 632.3137151217677, 118.84732231404956, 181.2396694214876, 104.63636363636364, 28.537190082644628
310, 631.9082176537951, 118.93120661157029, 180.41322314049586, 105.31404958677686, 27.950413223140497
311, 631.5027201858226, 119.9976214876033, 180.64462809917356, 106.89256198347107, 28.570247933884296
312, 631.0972227178501, 120.1686619834711, 179.9917355371901, 107.59504132231405, 28.165289256198346
313, 630.6917252498775, 120.84514462809918, 179.87603305785123, 108.74380165289256, 28.487603305785125
314, 630.286227781905, 120.58604380165292, 178.73553719008265, 109.06611570247934, 27.545454545454547
315, 629.8807303139324, 122.01475867768593, 179.1900826446281, 111.07438016528926, 28.545454545454547
316, 629.4752328459599, 122.07491818181815, 178.0909090909091, 111.82644628099173, 28.082644628099175
317, 629.0697353779874, 122.4988570247933, 177.79338842975207, 112.67768595041322, 28.198347107438018
318, 628.6642379100149, 123.06318842975203, 177.28925619834712, 113.89256198347107, 28.214876033057852
319, 628.2587404420424, 124.01968760330575, 177.3388429752066, 115.30578512396694, 29.198347107438018
320, 627.8532429740699, 123.85486280991738, 176.08264462809916, 115.89256198347107, 28.024793388429753
321, 627.4477455060972, 124.96999504132233, 175.91735537190084, 117.83471074380165, 28.239669421487605
322, 627.0422480381247, 125.60222148760327, 174.89256198347107, 119.56198347107438, 27.578512396694215
323, 626.6367505701522, 126.65575206611568, 175.20661157024793, 121.0909090909091, 28.123966942148762
324, 626.2312531021797, 126.22083305785124, 172.9090909090909, 121.82644628099173, 26.545454545454547
325, 625.8257556342072, 127.83406776859502, 173.78512396694214, 124.00826446280992, 27.165289256198346
326, 625.4202581662346, 127.88320082644627, 171.87603305785123, 125.27272727272727, 26.09090909090909
327, 625.0147606982621, 127.63739338842976, 170.77685950413223, 125.59504132231405, 25.15702479338843
328, 624.6092632302896, 128.41979173553713, 170.01652892561984, 127.40495867768595, 24.694214876033058
329, 624.2037657623171, 128.66425206611572, 169.71074380165288, 128.04132231404958, 24.363636363636363
330, 623.7982682943446, 128.94997768595044, 167.9917355371901, 129.62809917355372, 23.206611570247933
331, 623.392770826372, 130.0792479338843, 168.67768595041323, 131.12396694214877, 23.611570247933884
332, 622.9872733583995, 130.65526776859502, 166.74380165289256, 133.28099173553719, 22.628099173553718
333, 622.5817758904269, 129.7759776859504, 164.76859504132233, 133.1900826446281, 20.56198347107438
334, 622.1762784224544, 130.50341570247932, 163.36363636363637, 135.23140495867767, 20.115702479338843
335, 621.7707809544819, 131.25851404958678, 163.45454545454547, 136.4297520661157, 20.330578512396695
336, 621.3652834865094, 131.25633223140494, 161.22314049586777, 137.79338842975207, 19.140495867768596
337, 620.9597860185368, 130.6619760330579, 159.16528925619835, 138.1818181818182, 17.322314049586776
338, 620.5542885505643, 131.30934793388428, 157.7603305785124, 140.05785123966942, 17.024793388429753
339, 620.1487910825917, 131.66522809917362, 157.38842975206612, 140.8181818181818, 17.206611570247933
340, 619.7432936146192, 132.13991570247933, 155.38842975206612, 142.77685950413223, 16.52892561983471
341, 619.3377961466467, 132.44146694214874, 154.4214876033058, 143.87603305785123, 16.049586776859503
342, 618.9322986786742, 131.77307933884293, 151.1900826446281, 144.8595041322314, 13.59504132231405
343, 618.5268012107017, 132.55980743801655, 151.26446280991735, 146.3801652892562, 12.47107438016529
344, 618.1213037427291, 132.0873049586777, 148.27272727272728, 147.5785123966942, 10.0
345, 617.7158062747566, 132.42536363636364, 147.5206611570248, 148.87603305785123, 8.256198347107437
346, 617.3103088067841, 131.94476446280996, 144.7520661157025, 149.94214876033058, 5.809917355371901
347, 616.9048113388116, 132.81972148760323, 144.10743801652893, 151.89256198347107, 5.132231404958677
348, 616.499313870839, 131.84119090909087, 140.32231404958677, 152.5702479338843, 2.9834710743801653
349, 616.0938164028664, 132.35728181818186, 138.6694214876033, 154.29752066115702, 2.950413223140496
350, 615.6883189348939, 132.5082561983471, 136.44628099173553, 155.76859504132233, 2.5289256198347108
351, 615.2828214669214, 132.33997024793388, 135.17355371900825, 156.16528925619835, 2.347107438016529
352, 614.8773239989489, 132.01425702479332, 132.1404958677686, 157.2479338842975, 1.8677685950413223
353, 614.4718265309764, 132.844420661157, 130.17355371900825, 159.52892561983472, 2.56198347107438
354, 614.0663290630039, 132.4261950413223, 126.56198347107438, 160.68595041322314, 2.4049586776859506
355, 613.6608315950314, 133.0430586776859, 124.6198347107438, 162.6198347107438, 2.950413223140496
356, 613.2553341270587, 132.02069256198348, 120.01652892561984, 163.35537190082644, 2.2644628099173554
357, 612.8498366590862, 131.6709380165289, 116.32231404958678, 164.56198347107437, 2.669421487603306
358, 612.4443391911137, 130.27834710743804, 111.15702479338843, 164.98347107438016, 1.8264462809917354
359, 612.0388417231412, 129.92903719008262, 107.39669421487604, 166.21487603305786, 2.28099173553719
360, 611.6333442551686, 129.31981239669426, 103.28099173553719, 167.27272727272728, 2.28099173553719
361, 611.2278467871961, 128.3313991735537, 98.81818181818181, 167.86776859504133, 2.2479338842975207
362, 610.8223493192236, 126.7884280991735, 93.48760330578513, 168.05785123966942, 1.7107438016528926
363, 610.4168518512511, 126.42992561983473, 89.6694214876033, 169.32231404958677, 2.0661157024793386
364, 610.0113543832786, 125.61648347107428, 84.6694214876033, 170.4793388429752, 2.0826446280991737
365, 609.605856915306, 125.33210909090913, 80.8099173553719, 171.84297520661158, 2.6859504132231407
366, 609.2003594473335, 124.32496859504136, 75.93388429752066, 172.72727272727272, 2.0826446280991737
367, 608.794861979361, 123.31779256198348, 71.9090909090909, 173.10743801652893, 1.8429752066115703
368, 608.3893645113884, 122.07904628099173, 66.72727272727273, 173.6694214876033, 1.6694214876033058
369, 607.9838670434159, 122.14243966942153, 62.54545454545455, 175.71900826446281, 2.6363636363636362
370, 607.5783695754434, 120.8295388429752, 57.50413223140496, 176.099173553719, 2.3801652892561984
371, 607.1728721074709, 120.14427851239668, 54.15702479338843, 176.62809917355372, 2.4214876033057853
372, 606.7673746394983, 118.79667685950415, 49.51239669421488, 176.8595041322314, 1.5867768595041323
373, 606.3618771715257, 117.65290330578516, 44.68595041322314, 177.31404958677686, 1.8677685950413223
374, 605.9563797035532, 116.62752727272729, 39.93388429752066, 178.0495867768595, 1.5454545454545454
375, 605.5508822355807, 115.83826694214875, 36.00826446280992, 178.58677685950414, 2.1487603305785123
376, 605.1453847676082, 115.28347355371902, 32.12396694214876, 179.55371900826447, 2.487603305785124
377, 604.7398872996357, 113.26170826446284, 27.297520661157026, 178.62809917355372, 2.1735537190082646
378, 604.3343898316632, 112.2675438016529, 23.239669421487605, 179.02479338842974, 2.049586776859504
379, 603.9288923636906, 112.19274545454543, 20.31404958677686, 180.23140495867767, 2.8512396694214877
380, 603.5233948957181, 109.45103719008266, 14.173553719008265, 178.95867768595042, 1.4545454545454546
381, 603.1178974277456, 109.77435619834712, 11.314049586776859, 180.7520661157025, 2.553719008264463
382, 602.712399959773, 109.03745289256196, 7.702479338842975, 181.39669421487602, 2.239669421487603
383, 602.3069024918004, 108.35581404958675, 5.0, 181.61157024793388, 2.239669421487603
384, 601.9014050238279, 107.15436280991737, 2.5702479338842976, 180.92561983471074, 1.603305785123967
385, 601.4959075558554, 108.5505553719008, 2.793388429752066, 182.98347107438016, 2.669421487603306
386, 601.0904100878829, 108.1223223140496, 1.9834710743801653, 182.78512396694214, 2.0578512396694215
387, 600.6849126199104, 108.96149421487607, 2.6611570247933884, 183.71074380165288, 2.87603305785124
388, 600.2794151519379, 107.62823636363636, 1.3553719008264462, 182.38842975206612, 1.4132231404958677
389, 599.8739176839654, 108.90278347107441, 2.4132231404958677, 183.78512396694214, 2.628099173553719
390, 599.4684202159929, 108.64336528925622, 2.049586776859504, 183.6198347107438, 2.15702479338843
391, 599.0629227480202, 108.97801157024796, 2.3636363636363638, 183.98347107438016, 2.396694214876033
392, 598.6574252800477, 108.81798512396693, 1.9669421487603307, 183.98347107438016, 2.0330578512396693
393, 598.2519278120752, 109.1561066115703, 2.074380165289256, 184.47107438016528, 2.206611570247934
394, 597.8464303441027, 109.35295785123968, 1.9917355371900827, 184.86776859504133, 2.1074380165289255
395, 597.4409328761301, 110.26150000000003, 2.6859504132231407, 185.92561983471074, 2.809917355371901
396, 597.0354354081576, 109.98133884297519, 2.1487603305785123, 185.8181818181818, 2.3140495867768593
397, 596.6299379401851, 110.31432892561986, 2.6611570247933884, 186.03305785123968, 2.7851239669421486
398, 596.2244404722126, 110.09965289256199, 2.1487603305785123, 186.01652892561984, 2.330578512396694
399, 595.81894300424, 110.10925371900831, 2.256198347107438, 185.96694214876032, 2.3884297520661155
400, 595.4134455362675, 110.42255950413222, 2.256198347107438, 186.49586776859505, 2.4132231404958677
401, 595.007948068295, 110.47722314049587, 2.396694214876033, 186.5206611570248, 2.396694214876033
402, 594.6024506003224, 110.72867272727278, 2.115702479338843, 187.13223140495867, 2.190082644628099
403, 594.1969531323499, 110.70081074380161, 2.3057851239669422, 186.91735537190084, 2.553719008264463
404, 593.7914556643774, 110.76343388429758, 2.190082644628099, 187.1487603305785, 2.2148760330578514
405, 593.3859581964049, 110.46899669421492, 2.0165289256198347, 186.73553719008265, 2.2148760330578514
406, 592.9804607284323, 110.14311239669425, 1.8512396694214877, 186.32231404958677, 1.9173553719008265
407, 592.5749632604598, 110.53985619834711, 1.9338842975206612, 186.92561983471074, 2.074380165289256
408, 592.1694657924872, 110.93544297520666, 2.0991735537190084, 187.50413223140495, 2.1322314049586777
409, 591.7639683245147, 111.25256611570245, 2.520661157024793, 187.71900826446281, 2.7024793388429753
410, 591.3584708565422, 111.31285867768592, 2.322314049586777, 187.9917355371901, 2.347107438016529
411, 590.9529733885697, 111.21612479338839, 2.3057851239669422, 187.80165289256198, 2.520661157024793
412, 590.5474759205972, 110.27734380165292, 1.5206611570247934, 186.78512396694214, 1.578512396694215
413, 590.1419784526247, 111.28560661157026, 2.5289256198347108, 187.74380165289256, 2.84297520661157
414, 589.7364809846521, 111.3323512396694, 2.190082644628099, 188.08264462809916, 2.396694214876033
415, 589.3309835166796, 111.26141404958686, 2.3884297520661155, 187.79338842975207, 2.743801652892562
416, 588.9254860487071, 111.12472727272731, 2.1487603305785123, 187.73553719008265, 2.4710743801652892
417, 588.5199885807345, 111.2341917355372, 2.4628099173553717, 187.71074380165288, 2.7355371900826446
418, 588.1144911127619, 110.84446363636364, 1.975206611570248, 187.3801652892562, 2.2975206611570247
419, 587.7089936447894, 111.18143966942152, 2.628099173553719, 187.5206611570248, 2.8181818181818183
420, 587.3034961768169, 110.97357438016525, 2.1074380165289255, 187.49586776859505, 2.487603305785124
421, 586.8979987088444, 111.22083305785127, 2.743801652892562, 187.47107438016528, 3.115702479338843
422, 586.4925012408719, 110.73069256198347, 2.0, 187.12396694214877, 2.553719008264463
423, 586.0870037728994, 111.41639338842975, 2.760330578512397, 187.71074380165288, 3.553719008264463
424, 585.6815063049269, 111.28766198347111, 2.2231404958677685, 187.8099173553719, 3.322314049586777
425, 585.2760088369542, 111.26224132231405, 2.2975206611570247, 187.61157024793388, 3.925619834710744
426, 584.8705113689817, 111.52249752066119, 2.2148760330578514, 188.02479338842974, 4.297520661157025
427, 584.4650139010092, 111.35115785123962, 2.4710743801652892, 187.46280991735537, 5.016528925619835
428, 584.0595164330367, 111.16249090909096, 1.8677685950413223, 187.47107438016528, 4.900826446280992
429, 583.6540189650642, 110.93014793388429, 2.15702479338843, 186.78512396694214, 5.636363636363637
430, 583.2485214970916, 111.60377685950415, 2.396694214876033, 187.6694214876033, 6.363636363636363
431, 582.8430240291191, 111.86712396694209, 2.727272727272727, 187.7603305785124, 7.338842975206612
432, 582.4375265611466, 111.24380826446281, 2.0826446280991737, 187.0909090909091, 7.008264462809917
433, 582.0320290931741, 111.37290909090906, 2.3140495867768593, 186.95867768595042, 8.214876033057852
434, 581.6265316252016, 111.5291247933884, 2.3057851239669422, 187.1487603305785, 8.62809917355372
435, 581.221034157229, 111.73072809917349, 2.6363636363636362, 187.099173553719, 9.785123966942148
436, 580.8155366892565, 111.14107933884296, 1.9338842975206612, 186.54545454545453, 9.305785123966942
437, 580.4100392212839, 111.9032826446281, 2.7107438016528924, 187.07438016528926, 11.231404958677686
438, 580.0045417533114, 112.15956033057853, 2.5785123966942147, 187.40495867768595, 12.12396694214876
439, 579.5990442853389, 112.00313636363639, 2.43801652892562, 186.9917355371901, 13.24793388429752
440, 579.1935468173664, 112.20549173553724, 2.272727272727273, 187.28099173553719, 13.96694214876033
441, 578.7880493493938, 112.52076528925612, 2.512396694214876, 187.31404958677686, 15.933884297520661
442, 578.3825518814213, 112.79620413223141, 2.3388429752066116, 187.6694214876033, 16.975206611570247
443, 577.9770544134487, 112.22748016528925, 2.2231404958677685, 186.6198347107438, 17.694214876033058
444, 577.5715569454762, 112.9764661157025, 2.3636363636363638, 187.52892561983472, 19.214876033057852
445, 577.1660594775037, 112.40378264462807, 2.3388429752066116, 186.4214876033058, 19.958677685950413
446, 576.7605620095312, 113.09993305785122, 2.487603305785124, 187.34710743801654, 20.90909090909091
447, 576.3550645415587, 113.27710247933888, 2.8595041322314048, 187.2396694214876, 22.041322314049587
448, 575.9495670735861, 112.79294049586774, 2.165289256198347, 186.7603305785124, 22.082644628099175
449, 575.5440696056136, 112.94860909090907, 2.3388429752066116, 186.60330578512398, 23.801652892561982
450, 575.1385721376411, 113.13766942148762, 2.3140495867768593, 186.74380165289256, 24.801652892561982
451, 574.7330746696686, 113.75270578512395, 2.8595041322314048, 187.17355371900825, 26.553719008264462
452, 574.327577201696, 113.43305289256197, 2.3636363636363638, 186.84297520661158, 26.75206611570248
453, 573.9220797337234, 113.34251983471077, 2.4049586776859506, 186.38842975206612, 28.1900826446281
454, 573.5165822657509, 113.69351487603298, 2.4545454545454546, 186.71074380165288, 29.479338842975206
455, 573.1110847977784, 114.10562396694208, 2.9338842975206614, 186.78512396694214, 31.454545454545453
456, 572.7055873298059, 113.50280165289257, 2.231404958677686, 186.06611570247935, 31.710743801652892
457, 572.3000898618334, 114.37633305785124, 3.0330578512396693, 186.61157024793388, 34.46280991735537
458, 571.8945923938609, 114.04686198347108, 2.6198347107438016, 186.1900826446281, 34.82644628099174
459, 571.4890949258884, 113.5401429752066, 2.2892561983471076, 185.30578512396696, 35.80165289256198
460, 571.0835974579157, 113.80585619834709, 2.1818181818181817, 185.64462809917356, 36.66942148760331
461, 570.6780999899432, 114.61170247933882, 2.8925619834710745, 186.1900826446281, 39.06611570247934
462, 570.2726025219707, 113.87198181818181, 2.0, 185.47107438016528, 38.6198347107438
463, 569.8671050539982, 114.30314628099175, 2.4214876033057853, 185.74380165289256, 39.892561983471076
464, 569.4616075860256, 114.3123553719008, 2.1487603305785123, 185.7603305785124, 40.603305785123965
465, 569.0561101180531, 114.7895272727273, 2.5785123966942147, 185.93388429752065, 42.768595041322314
466, 568.6506126500806, 114.1773123966942, 2.0, 185.19834710743802, 42.70247933884298
467, 568.2451151821081, 114.12323884297521, 1.9917355371900827, 184.93388429752065, 43.611570247933884
468, 567.8396177141356, 114.20823966942152, 1.8181818181818181, 185.11570247933884, 43.87603305785124
469, 567.434120246163, 114.0569752066116, 1.9834710743801653, 184.56198347107437, 44.96694214876033
470, 567.0286227781905, 114.69121487603306, 1.9008264462809918, 185.47107438016528, 46.06611570247934
471, 566.6231253102179, 115.19571652892564, 2.669421487603306, 185.56198347107437, 48.00826446280992
472, 566.2176278422454, 115.03717438016534, 2.3884297520661155, 185.38842975206612, 48.247933884297524
473, 565.8121303742729, 115.17980743801655, 2.5867768595041323, 185.2479338842975, 49.70247933884298
474, 565.4066329063004, 114.82994049586777, 2.0826446280991737, 184.89256198347107, 49.78512396694215
475, 565.0011354383279, 114.9673752066115, 2.1983471074380163, 184.73553719008265, 51.49586776859504
476, 564.5956379703553, 114.8607834710744, 2.0826446280991737, 184.54545454545453, 51.84297520661157
477, 564.1901405023827, 115.03160661157024, 2.3636363636363638, 184.38842975206612, 53.413223140495866
478, 563.7846430344102, 114.74483140495867, 2.0165289256198347, 184.04132231404958, 53.59504132231405
479, 563.3791455664377, 115.33579256198347, 2.8181818181818183, 184.31404958677686, 55.27272727272727
480, 562.9736480984652, 115.26119338842972, 2.446280991735537, 184.2479338842975, 55.93388429752066
481, 562.5681506304927, 115.48235619834712, 2.884297520661157, 183.95867768595042, 58.21487603305785
482, 562.1626531625202, 115.6023520661157, 2.5950413223140494, 184.13223140495867, 59.13223140495868
483, 561.7571556945476, 114.43974793388433, 2.024793388429752, 182.5206611570248, 58.72727272727273
484, 561.3516582265751, 114.64112396694216, 1.9008264462809918, 182.80165289256198, 59.37190082644628
485, 560.9461607586026, 115.35357603305788, 2.5041322314049586, 183.28925619834712, 61.52892561983471
486, 560.54066329063, 114.83157603305779, 2.0082644628099175, 182.69421487603304, 61.31404958677686
487, 560.1351658226574, 115.41936446280984, 2.8016528925619837, 182.92561983471074, 63.19834710743802
488, 559.7296683546849, 115.11271404958683, 2.3636363636363638, 182.6198347107438, 63.231404958677686
489, 559.3241708867124, 114.33730082644627, 2.115702479338843, 181.3801652892562, 63.46280991735537
490, 558.9186734187399, 115.01928016528917, 2.487603305785124, 182.1487603305785, 64.51239669421487
491, 558.5131759507674, 115.02162479338841, 2.677685950413223, 181.82644628099175, 65.69421487603306
492, 558.1076784827949, 114.23790082644629, 1.8181818181818181, 181.04132231404958, 65.11570247933884
493, 557.7021810148224, 114.33304380165288, 2.12396694214876, 180.8181818181818, 66.29752066115702
494, 557.2966835468497, 114.75138925619832, 1.975206611570248, 181.49586776859505, 66.86776859504133
495, 556.8911860788772, 115.14845619834706, 2.5454545454545454, 181.63636363636363, 68.13223140495867
496, 556.4856886109047, 114.60432892561982, 2.165289256198347, 180.97520661157026, 67.7603305785124
497, 556.0801911429322, 114.92346280991738, 2.644628099173554, 180.900826446281, 69.68595041322314
498, 555.6746936749597, 114.24978429752068, 1.6611570247933884, 180.28925619834712, 69.50413223140495
499, 555.2691962069871, 114.44090000000004, 2.239669421487603, 180.1404958677686, 70.4297520661157
500, 554.8636987390146, 114.47248429752068, 1.9338842975206612, 180.28099173553719, 70.78512396694215
501, 554.4582012710421, 115.14149421487603, 2.8264462809917354, 180.55371900826447, 72.9090909090909
502, 554.0527038030696, 114.83251239669416, 2.231404958677686, 180.32231404958677, 72.9504132231405
503, 553.647206335097, 114.60225041322315, 2.371900826446281, 179.60330578512398, 74.26446280991736
504, 553.2417088671245, 114.4616231404959, 2.115702479338843, 179.43801652892563, 74.55371900826447
505, 552.836211399152, 114.89284049586779, 2.4214876033057853, 179.58677685950414, 76.76859504132231
506, 552.4307139311794, 114.45805702479338, 1.9917355371900827, 179.02479338842974, 76.97520661157024
507, 552.0252164632069, 114.8566685950413, 2.5702479338842976, 179.0, 79.08264462809917
508, 551.6197189952344, 114.65911239669421, 2.4297520661157024, 178.6611570247934, 79.46280991735537
509, 551.2142215272619, 115.4801454545455, 3.090909090909091, 179.19834710743802, 82.16528925619835
510, 550.8087240592893, 115.3387909090909, 2.7520661157024793, 179.05785123966942, 82.53719008264463
511, 550.4032265913168, 114.54337107438019, 2.322314049586777, 177.84297520661158, 82.94214876033058
512, 549.9977291233442, 114.47062066115703, 2.1404958677685952, 177.70247933884298, 83.50413223140495
513, 549.5922316553717, 114.59181900826447, 2.2231404958677685, 177.50413223140495, 85.37190082644628
514, 549.1867341873992, 115.04608264462804, 2.396694214876033, 178.0082644628099, 86.30578512396694
515, 548.7812367194267, 115.0362925619834, 2.6115702479338845, 177.64462809917356, 87.52892561983471
516, 548.3757392514542, 114.96960578512395, 2.371900826446281, 177.60330578512398, 87.78512396694215
517, 547.9702417834817, 114.94158429752063, 2.7520661157024793, 177.1404958677686, 88.92561983471074
518, 547.5647443155091, 114.50792314049589, 2.1735537190082646, 176.71074380165288, 88.85123966942149
519, 547.1592468475366, 114.08437603305782, 2.024793388429752, 175.8595041322314, 89.9090909090909
520, 546.753749379564, 114.22072727272723, 1.9834710743801653, 176.01652892561984, 90.40495867768595
521, 546.3482519115915, 114.84417685950416, 2.7768595041322315, 176.2396694214876, 92.64462809917356
522, 545.9427544436189, 114.58638016528921, 2.231404958677686, 176.04132231404958, 92.83471074380165
523, 545.5372569756464, 114.33677933884294, 2.4545454545454546, 175.28099173553719, 93.97520661157024
524, 545.1317595076739, 113.91928760330579, 1.7520661157024793, 174.93388429752065, 93.94214876033058
525, 544.7262620397014, 114.50639917355376, 2.7024793388429753, 175.02479338842974, 96.13223140495867
526, 544.3207645717289, 114.55092066115705, 2.446280991735537, 175.16528925619835, 96.47107438016529
527, 543.9152671037564, 114.38114462809912, 2.520661157024793, 174.67768595041323, 97.29752066115702
528, 543.5097696357839, 113.48479834710739, 1.7685950413223142, 173.63636363636363, 96.76859504132231
529, 543.1042721678112, 114.30757768595036, 2.322314049586777, 174.28099173553719, 99.21487603305785
530, 542.6987746998387, 114.00817107438024, 2.0082644628099175, 173.88429752066116, 99.45454545454545
531, 542.2932772318662, 114.03542561983471, 2.43801652892562, 173.52892561983472, 100.39669421487604
532, 541.8877797638937, 113.56637024793389, 1.834710743801653, 173.11570247933884, 99.99173553719008
533, 541.4822822959211, 114.26509752066119, 2.4132231404958677, 173.6198347107438, 102.00826446280992
534, 541.0767848279486, 113.33703801652885, 1.7685950413223142, 172.53719008264463, 101.13223140495867
535, 540.6712873599761, 113.34417024793386, 2.0991735537190084, 172.13223140495867, 102.41322314049587
536, 540.2657898920036, 113.43218760330578, 2.090909090909091, 172.1900826446281, 102.9090909090909
537, 539.8602924240311, 113.72327190082642, 2.487603305785124, 172.1404958677686, 104.67768595041322
538, 539.4547949560585, 113.47559752066117, 2.12396694214876, 171.83471074380165, 105.03305785123968
539, 539.049297488086, 113.00383471074382, 2.1487603305785123, 170.8595041322314, 105.85123966942149
540, 538.6438000201135, 111.90507355371903, 1.4958677685950412, 169.41322314049586, 105.37190082644628
541, 538.2383025521409, 112.88724132231401, 2.3801652892561984, 170.07438016528926, 108.26446280991736
542, 537.8328050841684, 112.43243057851241, 2.0578512396694215, 169.43801652892563, 108.39669421487604
543, 537.4273076161959, 112.32385619834712, 2.0991735537190084, 168.97520661157026, 109.71900826446281
544, 537.0218101482234, 111.52717933884298, 1.677685950413223, 167.8181818181818, 109.79338842975207
545, 536.6163126802508, 112.16718842975207, 2.330578512396694, 168.0495867768595, 112.50413223140495
546, 536.2108152122782, 112.1700289256198, 2.1074380165289255, 167.98347107438016, 113.45454545454545
547, 535.8053177443057, 112.6576595041322, 2.743801652892562, 168.13223140495867, 115.29752066115702
548, 535.3998202763332, 112.18968512396698, 2.322314049586777, 167.5785123966942, 115.14876033057851
549, 534.9943228083607, 111.31461818181815, 2.0, 166.10743801652893, 115.89256198347107
550, 534.5888253403882, 111.90176280991741, 2.4545454545454546, 166.6611570247934, 117.0
551, 534.1833278724157, 111.37326942148758, 2.2644628099173554, 165.62809917355372, 118.18181818181819
552, 533.7778304044431, 111.16794545454535, 2.0330578512396693, 165.32231404958677, 118.56198347107438
553, 533.3723329364706, 111.6957446280992, 2.553719008264463, 165.54545454545453, 120.67768595041322
554, 532.9668354684981, 110.70540247933887, 1.8429752066115703, 164.28925619834712, 120.32231404958678
555, 532.5613380005256, 111.01332892561993, 2.2479338842975207, 164.19834710743802, 122.4297520661157
556, 532.1558405325529, 110.4800214876033, 1.9338842975206612, 163.45454545454547, 122.40495867768595
557, 531.7503430645804, 110.05794545454546, 1.9504132231404958, 162.38842975206612, 124.14876033057851
558, 531.3448455966079, 110.18529421487602, 2.0165289256198347, 162.45454545454547, 124.75206611570248
559, 530.9393481286354, 110.39119173553716, 2.2148760330578514, 162.32231404958677, 126.71900826446281
560, 530.5338506606629, 110.23843801652889, 2.1487603305785123, 161.92561983471074, 127.59504132231405
561, 530.1283531926904, 110.28748677685951, 2.487603305785124, 161.34710743801654, 130.11570247933884
562, 529.7228557247179, 109.78825867768595, 1.9586776859504131, 160.67768595041323, 130.5702479338843
563, 529.3173582567454, 109.59318429752064, 2.2892561983471076, 160.01652892561984, 131.39669421487602
564, 528.9118607887727, 109.50585702479341, 2.1735537190082646, 159.8512396694215, 131.78512396694214
565, 528.5063633208002, 109.25609917355374, 2.479338842975207, 158.95867768595042, 133.38842975206612
566, 528.1008658528277, 108.23336528925624, 1.884297520661157, 157.58677685950414, 133.04132231404958
567, 527.6953683848552, 108.32983636363637, 2.1322314049586777, 157.2396694214876, 135.02479338842974
568, 527.2898709168826, 108.18587190082644, 2.190082644628099, 156.84297520661158, 135.65289256198346
569, 526.8843734489101, 108.09211652892563, 2.3884297520661155, 156.26446280991735, 137.28925619834712
570, 526.4788759809376, 108.10614132231403, 2.6363636363636362, 156.0, 138.12396694214877
571, 526.0733785129651, 107.2356818181818, 2.272727272727273, 154.52892561983472, 139.01652892561984
572, 525.6678810449926, 106.26186694214876, 1.578512396694215, 153.28925619834712, 138.67768595041323
573, 525.26238357702, 106.62017933884302, 2.256198347107438, 153.1404958677686, 140.8099173553719
574, 524.8568861090475, 106.43790247933883, 2.049586776859504, 152.86776859504133, 141.15702479338842
575, 524.4513886410749, 106.5881661157025, 2.6363636363636362, 152.55371900826447, 142.55371900826447
576, 524.0458911731024, 105.52801239669422, 1.9421487603305785, 151.22314049586777, 141.92561983471074
577, 523.6403937051299, 105.50053305785124, 2.43801652892562, 150.58677685950414, 143.6611570247934
578, 523.2348962371574, 105.74235950413228, 2.603305785123967, 150.71074380165288, 144.71074380165288
579, 522.8293987691849, 105.14008925619831, 2.5785123966942147, 149.63636363636363, 145.02479338842974
580, 522.4239013012123, 104.53547685950406, 2.0082644628099175, 148.92561983471074, 144.87603305785123
581, 522.0184038332397, 104.45122231404959, 2.239669421487603, 148.3801652892562, 146.3388429752066
582, 521.6129063652672, 103.56235289256193, 1.9256198347107438, 147.11570247933884, 145.87603305785123
583, 521.2074088972947, 103.14701487603304, 1.834710743801653, 146.17355371900825, 147.32231404958677
584, 520.8019114293222, 103.0835231404959, 2.12396694214876, 145.77685950413223, 148.0495867768595
585, 520.3964139613497, 102.65465371900824, 2.1404958677685952, 144.8099173553719, 149.22314049586777
586, 519.9909164933772, 101.96381570247937, 1.9256198347107438, 143.7520661157025, 149.17355371900825
587, 519.5854190254046, 102.7428231404959, 3.0082644628099175, 144.0495867768595, 151.63636363636363
588, 519.1799215574321, 101.53074380165287, 2.396694214876033, 142.47107438016528, 150.73553719008265
589, 518.7744240894596, 100.50538016528924, 1.9834710743801653, 140.8512396694215, 151.16528925619835
590, 518.368926621487, 100.5499280991736, 1.9586776859504131, 140.8595041322314, 151.5785123966942
591, 517.9634291535144, 100.63003801652896, 2.2644628099173554, 140.69421487603304, 152.3305785123967
592, 517.5579316855419, 99.94471735537188, 2.165289256198347, 139.64462809917356, 151.98347107438016
593, 517.1524342175694, 99.90755041322318, 2.760330578512397, 138.96694214876032, 153.58677685950414
594, 516.7469367495969, 98.51969338842977, 1.9090909090909092, 137.2479338842975, 152.49586776859505
595, 516.3414392816244, 98.31230330578514, 2.0082644628099175, 136.6611570247934, 153.43801652892563
596, 515.9359418136519, 98.27910578512399, 2.0826446280991737, 136.50413223140495, 153.7603305785124
597, 515.5304443456794, 97.62146611570249, 1.9504132231404958, 135.28099173553719, 154.63636363636363
598, 515.1249468777067, 97.76145867768601, 2.190082644628099, 135.25619834710744, 155.36363636363637
599, 514.7194494097342, 96.94773223140501, 2.2644628099173554, 133.74380165289256, 155.8181818181818
600, 514.3139519417617, 96.80578099173549, 2.190082644628099, 133.46280991735537, 156.21487603305786
601, 513.9084544737892, 95.94159752066115, 2.371900826446281, 131.8595041322314, 156.41322314049586
602, 513.5029570058167, 94.46305867768592, 1.6446280991735538, 129.94214876033058, 155.22314049586777
603, 513.0974595378441, 94.8008983471074, 2.4214876033057853, 129.72727272727272, 157.25619834710744
604, 512.6919620698716, 94.35962396694211, 2.1074380165289255, 129.13223140495867, 157.27272727272728
605, 512.2864646018991, 94.04350909090914, 2.512396694214876, 128.1900826446281, 158.28925619834712
606, 511.88096713392656, 93.19259669421488, 1.884297520661157, 127.19834710743801, 157.5785123966942
607, 511.47546966595405, 92.28998347107438, 1.7355371900826446, 125.7107438016529, 157.71074380165288
608, 511.0699721979815, 91.73179752066116, 1.859504132231405, 124.6694214876033, 157.8512396694215
609, 510.664474730009, 91.01221322314049, 2.165289256198347, 123.07438016528926, 158.9504132231405
610, 510.2589772620364, 90.12644793388425, 1.884297520661157, 121.74380165289256, 158.76859504132233
611, 509.8534797940639, 90.29946611570249, 2.3636363636363638, 121.55371900826447, 160.0082644628099
612, 509.4479823260914, 89.36855371900823, 1.8181818181818181, 120.38842975206612, 159.27272727272728
613, 509.0424848581189, 89.49410413223134, 2.5950413223140494, 119.93388429752066, 160.67768595041323
614, 508.6369873901463, 88.11947768595037, 2.0, 118.0909090909091, 159.6694214876033
615, 508.2314899221738, 87.97354710743804, 2.4628099173553717, 117.3305785123967, 161.0909090909091
616, 507.82599245420124, 86.74720661157028, 1.9834710743801653, 115.63636363636364, 160.31404958677686
617, 507.42049498622873, 86.53918181818182, 2.644628099173554, 114.71900826446281, 161.4793388429752
618, 507.0149975182562, 84.8731644628099, 1.9090909090909092, 112.50413223140495, 160.19834710743802
619, 506.6095000502837, 84.3872289256199, 2.0082644628099175, 111.43801652892562, 161.16528925619835
620, 506.20400258231115, 83.58064380165291, 2.15702479338843, 110.0909090909091, 160.63636363636363
621, 505.7985051143386, 82.85782561983476, 2.15702479338843, 108.69421487603306, 161.48760330578511
622, 505.3930076463661, 81.70136363636364, 1.487603305785124, 107.24793388429752, 160.54545454545453
623, 504.98751017839356, 81.70205454545452, 1.7685950413223142, 106.89256198347107, 161.64462809917356
624, 504.58201271042105, 82.03710495867769, 2.4214876033057853, 106.97520661157024, 162.44628099173553
625, 504.17651524244854, 81.1569909090909, 2.652892561983471, 105.28099173553719, 162.84297520661158
626, 503.771017774476, 79.80793223140496, 2.0, 103.52066115702479, 161.78512396694214
627, 503.3655203065034, 79.33661652892565, 2.1818181818181817, 102.47107438016529, 162.5785123966942
628, 502.9600228385309, 77.98472066115703, 1.8016528925619835, 100.5702479338843, 161.50413223140495
629, 502.5545253705584, 77.1614305785124, 2.0578512396694215, 98.90082644628099, 162.20661157024793
630, 502.1490279025859, 76.62224132231405, 2.1322314049586777, 97.9090909090909, 162.38842975206612
631, 501.7435304346133, 75.65863388429749, 2.256198347107438, 96.07438016528926, 163.05785123966942
632, 501.3380329666408, 74.13375785123965, 1.512396694214876, 94.0495867768595, 162.05785123966942
633, 500.9325354986683, 74.54984545454543, 2.7024793388429753, 93.77685950413223, 163.9917355371901
634, 500.52703803069573, 72.67639834710747, 1.8016528925619835, 91.35537190082644, 162.38842975206612
635, 500.1215405627232, 72.43433388429754, 2.28099173553719, 90.41322314049587, 163.8595041322314
636, 499.7160430947507, 71.85612231404959, 2.330578512396694, 89.44628099173553, 163.63636363636363
637, 499.31054562677815, 71.05643966942147, 2.4628099173553717, 87.9090909090909, 164.1900826446281
638, 498.90504815880564, 70.35919999999999, 2.049586776859504, 87.02479338842976, 163.71074380165288
639, 498.4995506908331, 69.5363834710744, 2.0330578512396693, 85.57851239669421, 163.98347107438016
640, 498.09405322286057, 68.4732438016529, 1.7768595041322315, 84.07438016528926, 163.07438016528926
641, 497.68855575488806, 67.98630330578511, 2.090909090909091, 82.88429752066116, 164.10743801652893
642, 497.2830582869155, 66.89909999999999, 1.8925619834710743, 81.3305785123967, 163.0909090909091
643, 496.877560818943, 66.36832892561983, 2.0, 80.36363636363636, 163.13223140495867
644, 496.4720633509705, 65.64053636363637, 1.9090909090909092, 79.3305785123967, 162.30578512396696
645, 496.0665658829979, 65.0885396694215, 2.206611570247934, 78.20661157024793, 162.47107438016528
646, 495.6610684150254, 63.87348595041323, 1.834710743801653, 76.56198347107438, 161.25619834710744
647, 495.2555709470529, 64.11620413223143, 2.4214876033057853, 76.42148760330579, 162.5702479338843
648, 494.8500734790803, 62.83546446280991, 2.1322314049586777, 74.6694214876033, 161.11570247933884
649, 494.4445760111078, 61.991942975206605, 1.975206611570248, 73.25619834710744, 161.40495867768595
650, 494.0390785431353, 61.74475950413221, 1.9917355371900827, 72.83471074380165, 161.36363636363637
651, 493.63358107516274, 61.53835454545458, 2.5702479338842976, 72.02479338842976, 162.20661157024793
652, 493.22808360719023, 59.557856198347075, 1.7685950413223142, 69.48760330578513, 160.0
653, 492.8225861392177, 58.70782314049587, 2.0165289256198347, 67.94214876033058, 159.8512396694215
654, 492.41708867124515, 58.658969421487626, 2.12396694214876, 67.83471074380165, 159.69421487603304
655, 492.01159120327264, 57.280270247933856, 1.9256198347107438, 65.7603305785124, 158.80165289256198
656, 491.60609373530013, 56.57524214876034, 1.7107438016528926, 64.8099173553719, 158.07438016528926
657, 491.20059626732757, 56.65506942148761, 2.5289256198347108, 64.26446280991736, 159.43801652892563
658, 490.79509879935506, 55.25635867768596, 1.9504132231404958, 62.48760330578512, 157.83471074380165
659, 490.38960133138255, 54.71933305785123, 1.8760330578512396, 61.578512396694215, 158.0
660, 489.98410386341, 54.125580165289264, 1.8016528925619835, 60.768595041322314, 157.15702479338842
661, 489.5786063954375, 54.10751735537192, 2.4297520661157024, 60.1900826446281, 158.3305785123967
662, 489.1731089274649, 52.68010661157023, 1.8264462809917354, 58.3801652892562, 156.71074380165288
663, 488.7676114594924, 52.121534710743795, 2.090909090909091, 57.17355371900826, 157.3305785123967
664, 488.3621139915199, 51.19064132231406, 2.0165289256198347, 55.81818181818182, 156.3388429752066
665, 487.9566165235473, 50.4961975206612, 2.322314049586777, 54.37190082644628, 156.89256198347107
666, 487.5511190555748, 49.69731570247937, 2.2975206611570247, 53.14876033057851, 156.2479338842975
667, 487.1456215876023, 48.50182148760332, 2.0330578512396693, 51.264462809917354, 156.15702479338842
668, 486.74012411962974, 47.33241900826446, 1.9256198347107438, 49.59504132231405, 154.77685950413223
669, 486.33462665165723, 47.99458264462808, 3.0165289256198347, 49.80165289256198, 156.6611570247934
670, 485.9291291836847, 46.87506198347106, 2.190082644628099, 48.578512396694215, 155.30578512396696
671, 485.52363171571216, 45.86390165289256, 1.6446280991735538, 47.18181818181818, 155.05785123966942
672, 485.11813424773965, 45.71483223140497, 2.256198347107438, 46.66942148760331, 154.78512396694214
673, 484.71263677976714, 44.54397520661156, 2.0661157024793386, 44.760330578512395, 154.84297520661158
674, 484.3071393117946, 43.64441983471076, 2.0, 43.49586776859504, 153.63636363636363
675, 483.90164184382206, 43.44690413223139, 2.446280991735537, 42.81818181818182, 154.22314049586777
676, 483.49614437584955, 42.128689256198356, 1.7024793388429753, 41.256198347107436, 152.65289256198346
677, 483.090646907877, 42.00220661157026, 2.3140495867768593, 40.52066115702479, 153.72727272727272
678, 482.6851494399045, 41.30844628099171, 2.0661157024793386, 39.59504132231405, 153.05785123966942
679, 482.27965197193197, 40.86295702479336, 2.6611570247933884, 38.396694214876035, 153.7603305785124
680, 481.8741545039594, 39.19848347107441, 1.7768595041322315, 36.33884297520661, 152.07438016528926
681, 481.4686570359869, 39.0944347107438, 2.4297520661157024, 35.586776859504134, 153.32231404958677
682, 481.0631595680144, 37.66898347107438, 1.8181818181818181, 33.760330578512395, 151.82644628099175
683, 480.6576621000418, 37.535291735537186, 2.371900826446281, 33.00826446280992, 153.07438016528926
684, 480.2521646320693, 35.88345206611568, 1.677685950413223, 30.90082644628099, 151.25619834710744
685, 479.8466671640968, 35.05289752066116, 2.0991735537190084, 29.223140495867767, 151.50413223140495
686, 479.44116969612423, 34.88979090909091, 2.0082644628099175, 29.041322314049587, 151.2479338842975
687, 479.0356722281517, 34.63248099173553, 2.4628099173553717, 28.24793388429752, 151.88429752066116
688, 478.63017476017916, 33.39614793388428, 1.743801652892562, 26.74380165289256, 150.6694214876033
689, 478.22467729220665, 33.195421487603305, 2.479338842975207, 25.834710743801654, 151.6611570247934
690, 477.81917982423414, 32.33464297520661, 2.2479338842975207, 24.60330578512397, 151.05785123966942
691, 477.4136823562616, 30.68134297520661, 1.5289256198347108, 22.34710743801653, 150.05785123966942
692, 477.00818488828907, 30.632489256198355, 1.9669421487603307, 22.024793388429753, 150.1404958677686
693, 476.60268742031656, 30.339323140495868, 2.4710743801652892, 21.132231404958677, 150.84297520661158
694, 476.197189952344, 28.706594214876038, 1.8264462809917354, 19.0, 149.1900826446281
695, 475.7916924843715, 27.50260909090909, 1.7603305785123966, 17.00826446280992, 149.05785123966942
696, 475.386195016399, 27.03916033057851, 1.9504132231404958, 16.165289256198346, 148.83471074380165
697, 474.9806975484264, 26.275502479338854, 2.0826446280991737, 14.75206611570248, 149.06611570247935
698, 474.5752000804539, 25.03753884297522, 1.71900826446281, 13.0, 148.1818181818182
699, 474.1697026124814, 24.37543801652894, 2.1487603305785123, 11.553719008264462, 148.69421487603304
700, 473.7642051445088, 23.9600132231405, 2.512396694214876, 10.59504132231405, 149.03305785123968
701, 473.3587076765363, 23.20172479338842, 2.7520661157024793, 9.049586776859504, 149.71074380165288
702, 472.9532102085638, 21.619760330578508, 1.9008264462809918, 7.107438016528926, 148.06611570247935
703, 472.54771274059124, 20.14106776859504, 1.5537190082644627, 4.925619834710743, 147.2396694214876
704, 472.1422152726187, 19.445341322314054, 1.7107438016528926, 3.6363636363636362, 147.36363636363637
705, 471.7367178046462, 19.37375785123967, 2.4214876033057853, 2.834710743801653, 149.0
706, 471.33122033667365, 18.741264462809912, 2.1487603305785123, 1.9586776859504131, 148.67768595041323
707, 470.92572286870114, 19.276968595041318, 2.7107438016528924, 2.3636363636363638, 149.8181818181818
708, 470.52022540072863, 19.015058677685957, 2.553719008264463, 2.1322314049586777, 149.12396694214877
709, 470.11472793275607, 18.184604132231403, 1.7272727272727273, 1.2314049586776858, 148.64462809917356
710, 469.70923046478356, 18.401585950413235, 1.9090909090909092, 1.487603305785124, 148.7520661157025
711, 469.30373299681105, 18.985747933884294, 2.520661157024793, 1.8760330578512396, 150.27272727272728
712, 468.8982355288385, 18.50427107438017, 2.0, 1.4958677685950412, 149.37190082644628
713, 468.492738060866, 18.70315041322314, 2.2975206611570247, 1.4793388429752066, 150.4214876033058
714, 468.0872405928934, 18.72464628099173, 2.3801652892561984, 1.512396694214876, 150.22314049586777
715, 467.6817431249209, 18.982191735537185, 2.5454545454545454, 1.7851239669421488, 150.64462809917356
716, 467.2762456569484, 18.58072727272727, 2.1487603305785123, 1.43801652892562, 149.9504132231405
717, 466.8707481889758, 18.5144214876033, 1.9834710743801653, 1.3305785123966942, 150.35537190082644
718, 466.4652507210033, 18.924373553719008, 2.4628099173553717, 1.7768595041322315, 150.39669421487602
719, 466.0597532530308, 19.152616528925616, 2.677685950413223, 1.8925619834710743, 151.2396694214876
720, 465.65425578505824, 18.564312396694213, 2.0826446280991737, 1.4132231404958677, 150.10743801652893
721, 465.24875831708573, 18.927192561983464, 2.4545454545454546, 1.6446280991735538, 151.12396694214877
722, 464.8432608491132, 18.833802479338843, 2.3884297520661155, 1.6363636363636365, 150.5206611570248
723, 464.43776338114066, 18.854765289256207, 2.347107438016529, 1.5454545454545454, 151.28099173553719
724, 464.03226591316815, 18.56783719008264, 2.041322314049587, 1.4049586776859504, 150.28925619834712
725, 463.62676844519564, 18.750127272727266, 2.28099173553719, 1.4297520661157024, 151.13223140495867
726, 463.22127097722307, 18.84614958677686, 2.3884297520661155, 1.5867768595041323, 150.88429752066116
727, 462.81577350925056, 18.79059173553718, 2.2644628099173554, 1.4958677685950412, 151.1900826446281
728, 462.41027604127805, 18.834866942148757, 2.322314049586777, 1.5867768595041323, 150.95867768595042
729, 462.0047785733055, 18.717338842975206, 2.1487603305785123, 1.43801652892562, 151.1487603305785
730, 461.599281105333, 18.61306115702479, 2.115702479338843, 1.371900826446281, 150.6611570247934
731, 461.19378363736047, 19.28076776859505, 2.8181818181818183, 1.9173553719008265, 151.86776859504133
732, 460.7882861693879, 18.717736363636366, 2.1404958677685952, 1.4958677685950412, 150.87603305785123
733, 460.3827887014154, 18.65380330578512, 2.1322314049586777, 1.371900826446281, 150.97520661157026
734, 459.9772912334429, 18.701716528925616, 2.1735537190082646, 1.4132231404958677, 151.07438016528926
735, 459.5717937654703, 18.585898347107435, 2.0082644628099175, 1.3305785123966942, 150.91735537190084
736, 459.1662962974978, 19.038195867768604, 2.5041322314049586, 1.7603305785123966, 151.37190082644628
737, 458.76079882952524, 19.05562066115703, 2.553719008264463, 1.6363636363636365, 152.03305785123968
738, 458.35530136155273, 18.66020661157025, 2.1487603305785123, 1.3471074380165289, 151.11570247933884
739, 457.9498038935802, 18.494241322314053, 1.9669421487603307, 1.0991735537190082, 151.41322314049586
740, 457.54430642560766, 18.622183471074376, 2.049586776859504, 1.2975206611570247, 151.29752066115702
741, 457.13880895763515, 18.975210743801657, 2.43801652892562, 1.5454545454545454, 152.099173553719
742, 456.73331148966264, 18.784143801652892, 2.28099173553719, 1.3801652892561984, 151.68595041322314
743, 456.3278140216901, 19.0964785123967, 2.487603305785124, 1.7107438016528926, 152.1818181818182
744, 455.92231655371756, 18.745904132231402, 2.115702479338843, 1.371900826446281, 151.82644628099175
745, 455.51681908574506, 19.27526528925619, 2.553719008264463, 1.8099173553719008, 153.06611570247935
746, 455.1113216177725, 18.803875206611572, 2.074380165289256, 1.462809917355372, 151.97520661157026
747, 454.7058241498, 18.988085950413222, 2.1983471074380163, 1.5289256198347108, 152.92561983471074
748, 454.30032668182747, 18.940261983471075, 2.1735537190082646, 1.4793388429752066, 152.82644628099175
749, 453.8948292138549, 19.163197520661154, 2.322314049586777, 1.6694214876033058, 153.41322314049586
750, 453.4893317458824, 18.728644628099175, 1.9008264462809918, 1.3636363636363635, 152.28099173553719
751, 453.0838342779099, 19.227357851239663, 2.4545454545454546, 1.677685950413223, 153.58677685950414
752, 452.6783368099373, 18.680432231404954, 1.7933884297520661, 1.2479338842975207, 152.73553719008265
753, 452.2728393419648, 19.22468760330578, 2.3801652892561984, 1.5537190082644627, 154.39669421487602
754, 451.8673418739923, 18.805284297520643, 1.9504132231404958, 1.2314049586776858, 153.50413223140495
755, 451.46184440601974, 19.172238016528922, 2.330578512396694, 1.4462809917355373, 154.6198347107438
756, 451.0563469380472, 19.175160330578514, 2.28099173553719, 1.603305785123967, 153.96694214876032
757, 450.6508494700747, 19.10241074380165, 2.1735537190082646, 1.4297520661157024, 154.50413223140495
758, 450.24535200210215, 19.40619256198346, 2.5371900826446283, 1.7107438016528926, 154.76859504132233
759, 449.83985453412964, 19.64741239669421, 2.652892561983471, 1.9504132231404958, 155.34710743801654
760, 449.43435706615713, 18.91766115702478, 1.9834710743801653, 1.3305785123966942, 153.89256198347107
761, 449.02885959818457, 19.184241322314055, 2.2148760330578514, 1.4710743801652892, 154.900826446281
762, 448.62336213021206, 19.469000826446273, 2.4710743801652892, 1.8016528925619835, 155.02479338842974
763, 448.2178646622395, 19.12641900826447, 2.090909090909091, 1.4132231404958677, 155.01652892561984
764, 447.812367194267, 19.16769008264464, 2.190082644628099, 1.487603305785124, 154.73553719008265
765, 447.4068697262945, 19.676971900826437, 2.677685950413223, 1.8677685950413223, 155.96694214876032
766, 447.0013722583219, 19.30790082644627, 2.3140495867768593, 1.5702479338842976, 155.21487603305786
767, 446.5958747903494, 19.206361983471066, 2.165289256198347, 1.371900826446281, 155.73553719008265
768, 446.1903773223769, 19.281896694214876, 2.272727272727273, 1.487603305785124, 155.5206611570248
769, 445.7848798544043, 19.282451239669417, 2.2644628099173554, 1.3884297520661157, 156.05785123966942
770, 445.3793823864318, 19.40803636363637, 2.3636363636363638, 1.5454545454545454, 156.0909090909091
771, 444.9738849184593, 19.469927272727265, 2.3801652892561984, 1.5702479338842976, 156.46280991735537
772, 444.56838745048674, 19.099037190082644, 2.024793388429752, 1.2975206611570247, 155.54545454545453
773, 444.16288998251423, 19.537715702479332, 2.512396694214876, 1.5702479338842976, 156.71074380165288
774, 443.7573925145417, 19.20510082644628, 2.1322314049586777, 1.3801652892561984, 155.76859504132233
775, 443.35189504656915, 19.124766115702485, 2.0082644628099175, 1.2727272727272727, 155.94214876033058
776, 442.94639757859665, 18.875066115702474, 1.8181818181818181, 1.0661157024793388, 155.31404958677686
777, 442.54090011062414, 19.658490909090908, 2.6115702479338845, 1.7768595041322315, 156.44628099173553
778, 442.13540264265157, 19.288463636363634, 2.2231404958677685, 1.4710743801652892, 155.79338842975207
779, 441.72990517467906, 19.50846033057851, 2.4214876033057853, 1.6694214876033058, 156.1818181818182
780, 441.32440770670655, 18.96353636363637, 1.8264462809917354, 1.2479338842975207, 155.13223140495867
781, 440.918910238734, 19.47811570247933, 2.396694214876033, 1.5950413223140496, 156.36363636363637
782, 440.5134127707615, 19.7209479338843, 2.669421487603306, 1.884297520661157, 156.28925619834712
783, 440.10791530278897, 19.33517685950412, 2.1983471074380163, 1.4958677685950412, 156.1404958677686
784, 439.7024178348164, 19.093653719008262, 1.8925619834710743, 1.421487603305785, 155.20661157024793
785, 439.2969203668439, 19.374076859504132, 2.2892561983471076, 1.5206611570247934, 156.11570247933884
786, 438.8914228988714, 18.77904049586777, 1.6611570247933884, 1.115702479338843, 154.62809917355372
787, 438.4859254308988, 19.295696694214868, 2.2892561983471076, 1.4545454545454546, 155.76859504132233
788, 438.0804279629263, 19.089262809917354, 2.0, 1.3801652892561984, 155.099173553719
789, 437.67493049495374, 19.61071900826446, 2.644628099173554, 1.7107438016528926, 156.28099173553719
790, 437.26943302698123, 19.304286776859502, 2.3388429752066116, 1.5867768595041323, 155.03305785123968
791, 436.8639355590087, 19.384099999999993, 2.3884297520661155, 1.7520661157024793, 154.7520661157025
792, 436.45843809103616, 18.941646280991733, 1.9669421487603307, 1.3140495867768596, 154.23140495867767
793, 436.05294062306365, 19.14776859504132, 2.231404958677686, 1.5289256198347108, 154.2396694214876
794, 435.64744315509114, 19.068716528925627, 2.1735537190082646, 1.5537190082644627, 153.5702479338843
795, 435.2419456871186, 19.422755371900834, 2.6115702479338845, 1.8760330578512396, 153.86776859504133
796, 434.83644821914606, 18.777589256198343, 1.9586776859504131, 1.396694214876033, 152.38842975206612
797, 434.43095075117355, 18.98195454545455, 2.272727272727273, 1.578512396694215, 152.4214876033058
798, 434.025453283201, 18.724364462809927, 2.0578512396694215, 1.4545454545454546, 151.36363636363637
799, 433.6199558152285, 18.67677024793388, 2.049586776859504, 1.4049586776859504, 151.22314049586777
800, 433.21445834725597, 18.737614049586774, 2.12396694214876, 1.5702479338842976, 150.71074380165288
801, 432.8089608792834, 18.610359504132237, 2.190082644628099, 1.512396694214876, 149.71900826446281
802, 432.4034634113109, 18.296274380165293, 1.9669421487603307, 1.3140495867768596, 148.5702479338843
803, 431.9979659433384, 18.463291735537183, 2.206611570247934, 1.43801652892562, 148.76859504132233
804, 431.5924684753658, 18.2441652892562, 1.9834710743801653, 1.3388429752066116, 147.94214876033058
805, 431.1869710073933, 18.23528347107438, 2.12396694214876, 1.3388429752066116, 147.49586776859505
806, 430.7814735394208, 18.14369173553719, 2.0082644628099175, 1.421487603305785, 146.5702479338843
807, 430.37597607144824, 18.699879338842983, 2.7768595041322315, 1.8925619834710743, 147.0082644628099
808, 429.9704786034757, 17.939719008264458, 2.0661157024793386, 1.4297520661157024, 144.58677685950414
809, 429.5649811355032, 17.904963636363636, 2.1818181818181817, 1.396694214876033, 144.1487603305785
810, 429.15948366753065, 17.4926603305785, 1.8264462809917354, 1.1818181818181819, 142.5702479338843
811, 428.75398619955814, 17.505526446280992, 1.9256198347107438, 1.2479338842975207, 142.08264462809916
812, 428.3484887315856, 17.207605785123963, 1.7107438016528926, 1.1900826446280992, 140.3305785123967
813, 427.94299126361307, 17.602249586776864, 2.1322314049586777, 1.5867768595041323, 140.64462809917356
814, 427.53749379564056, 17.68541487603306, 2.2975206611570247, 1.743801652892562, 140.13223140495867
815, 427.131996327668, 17.43871900826446, 2.0661157024793386, 1.5537190082644627, 139.55371900826447
816, 426.7264988596955, 16.949285950413227, 1.6859504132231404, 1.3388429752066116, 137.36363636363637
817, 426.321001391723, 17.085317355371895, 2.115702479338843, 1.396694214876033, 137.13223140495867
818, 425.9155039237504, 17.19105123966943, 2.3801652892561984, 1.6363636363636365, 136.13223140495867
819, 425.5100064557779, 17.21156694214876, 2.4297520661157024, 1.6942148760330578, 135.88429752066116
820, 425.1045089878054, 17.062360330578525, 2.347107438016529, 1.6859504132231404, 134.83471074380165
821, 424.6990115198328, 16.774756198347106, 2.272727272727273, 1.371900826446281, 134.12396694214877
822, 424.2935140518603, 16.68904132231405, 2.231404958677686, 1.5454545454545454, 132.58677685950414
823, 423.8880165838878, 16.90995289256198, 2.7024793388429753, 1.7685950413223142, 132.1404958677686
824, 423.48251911591524, 16.42810826446281, 2.3057851239669422, 1.5702479338842976, 129.97520661157026
825, 423.07702164794273, 16.847946280991735, 2.9338842975206614, 2.0330578512396693, 129.62809917355372
826, 422.6715241799702, 16.131537190082657, 2.3140495867768593, 1.603305785123967, 127.18181818181819
827, 422.26602671199765, 15.999154545454543, 2.4214876033057853, 1.5702479338842976, 125.9090909090909
828, 421.86052924402514, 15.488252892561984, 1.9338842975206612, 1.371900826446281, 123.72727272727273
829, 421.45503177605264, 15.663622314049588, 2.371900826446281, 1.603305785123967, 122.92561983471074
830, 421.04953430808007, 15.32663719008265, 2.0578512396694215, 1.5454545454545454, 121.0909090909091
831, 420.64403684010756, 15.570090082644633, 2.4049586776859506, 1.7272727272727273, 121.3801652892562
832, 420.23853937213505, 14.911885950413224, 1.8016528925619835, 1.43801652892562, 118.67768595041322
833, 419.8330419041625, 14.995007438016522, 2.322314049586777, 1.4958677685950412, 117.74380165289256
834, 419.42754443619, 14.667880165289263, 2.1074380165289255, 1.43801652892562, 115.73553719008264
835, 419.02204696821747, 14.856652066115707, 2.5702479338842976, 1.578512396694215, 115.45454545454545
836, 418.6165495002449, 14.382234710743795, 2.115702479338843, 1.5041322314049588, 112.86776859504133
837, 418.2110520322724, 14.128508264462814, 2.1074380165289255, 1.3553719008264462, 111.4297520661157
838, 417.8055545642998, 13.951339669421492, 2.0578512396694215, 1.5041322314049588, 109.2396694214876
839, 417.4000570963273, 14.310942148760333, 2.727272727272727, 1.9090909090909092, 108.55371900826447
840, 416.9945596283548, 13.5252305785124, 1.9917355371900827, 1.487603305785124, 105.7603305785124
841, 416.58906216038224, 13.61439752066115, 2.3884297520661155, 1.5867768595041323, 104.99173553719008
842, 416.18356469240973, 13.246266942148758, 2.12396694214876, 1.4297520661157024, 103.26446280991736
843, 415.7780672244372, 12.987600826446286, 2.1735537190082646, 1.2479338842975207, 101.80165289256199
844, 415.37256975646466, 12.962576033057852, 2.256198347107438, 1.537190082644628, 99.87603305785125
845, 414.96707228849215, 12.556390909090906, 2.12396694214876, 1.3057851239669422, 97.85123966942149
846, 414.56157482051964, 12.331338842975201, 1.9834710743801653, 1.2892561983471074, 96.3305785123967
847, 414.1560773525471, 12.571485950413228, 2.330578512396694, 1.5537190082644627, 96.16528925619835
848, 413.75057988457456, 12.344413223140487, 2.231404958677686, 1.578512396694215, 94.30578512396694
849, 413.34508241660205, 12.184974380165283, 2.5702479338842976, 1.371900826446281, 93.08264462809917
850, 412.9395849486295, 11.640524793388423, 2.024793388429752, 1.2148760330578512, 90.54545454545455
851, 412.534087480657, 11.655526446280993, 2.1735537190082646, 1.421487603305785, 89.22314049586777
852, 412.12859001268447, 11.327898347107435, 1.9256198347107438, 1.3057851239669422, 87.59504132231405
853, 411.7230925447119, 11.302538842975206, 2.1322314049586777, 1.4462809917355373, 86.10743801652893
854, 411.3175950767394, 11.108983471074378, 2.0661157024793386, 1.5867768595041323, 83.85950413223141
855, 410.9120976087669, 11.215009917355372, 2.4628099173553717, 1.7355371900826446, 82.98347107438016
856, 410.5066001407943, 10.748445454545456, 2.074380165289256, 1.5702479338842976, 80.7603305785124
857, 410.1011026728218, 10.857205785123966, 2.487603305785124, 1.6446280991735538, 80.24793388429752
858, 409.6956052048493, 10.468971074380168, 2.190082644628099, 1.4958677685950412, 78.38842975206612
859, 409.29010773687673, 10.90649421487603, 2.8264462809917354, 1.9669421487603307, 78.13223140495867
860, 408.8846102689042, 10.01773801652892, 2.041322314049587, 1.4545454545454546, 75.03305785123968
861, 408.4791128009317, 9.677972727272726, 1.9256198347107438, 1.1818181818181819, 73.7603305785124
862, 408.07361533295915, 9.888540495867762, 2.28099173553719, 1.6115702479338843, 72.46280991735537
863, 407.66811786498664, 10.002661157024797, 2.56198347107438, 1.7768595041322315, 71.87603305785125
864, 407.2626203970141, 9.518290909090908, 2.1322314049586777, 1.512396694214876, 70.11570247933884
865, 406.85712292904157, 9.463395041322313, 2.330578512396694, 1.4462809917355373, 69.45454545454545
866, 406.45162546106906, 9.54976446280992, 2.520661157024793, 1.743801652892562, 68.18181818181819
867, 406.0461279930965, 9.097845454545457, 2.12396694214876, 1.421487603305785, 66.91735537190083
868, 405.640630525124, 9.227711570247934, 2.3057851239669422, 1.8181818181818181, 65.53719008264463
869, 405.2351330571515, 8.81965867768595, 2.1735537190082646, 1.421487603305785, 64.34710743801652
870, 404.8296355891789, 8.461771900826447, 1.8677685950413223, 1.4297520661157024, 61.96694214876033
871, 404.4241381212064, 9.098842148760328, 2.7355371900826446, 2.0330578512396693, 62.17355371900826
872, 404.0186406532339, 8.08359173553719, 1.7685950413223142, 1.322314049586777, 59.46280991735537
873, 403.6131431852613, 7.967718181818182, 1.8264462809917354, 1.2479338842975207, 58.67768595041322
874, 403.2076457172888, 7.9867082644628065, 2.0082644628099175, 1.4958677685950412, 57.09090909090909
875, 402.8021482493163, 8.145223966942147, 2.3884297520661155, 1.5867768595041323, 57.01652892561984
876, 402.39665078134374, 8.001507438016532, 2.3636363636363638, 1.8264462809917354, 54.586776859504134
877, 401.9911533133712, 8.189060330578513, 2.8677685950413223, 2.0, 54.01652892561984
878, 401.5856558453987, 7.379266942148763, 2.12396694214876, 1.4710743801652892, 51.586776859504134
879, 401.18015837742615, 7.380522314049587, 2.2148760330578514, 1.5537190082644627, 50.93388429752066
880, 400.77466090945364, 6.939893388429752, 1.8925619834710743, 1.3636363636363635, 48.892561983471076
881, 400.36916344148113, 6.865442975206612, 2.1818181818181817, 1.2644628099173554, 47.99173553719008
882, 399.96366597350857, 6.954152066115702, 2.3636363636363638, 1.512396694214876, 47.01652892561984
883, 399.55816850553606, 7.021468595041326, 2.5041322314049586, 1.7272727272727273, 46.13223140495868
884, 399.15267103756355, 6.8374867768595, 2.322314049586777, 1.6942148760330578, 45.16528925619835
885, 398.747173569591, 6.677595041322315, 2.3140495867768593, 1.578512396694215, 44.3801652892562
886, 398.3416761016185, 6.502058677685949, 2.1404958677685952, 1.6198347107438016, 43.082644628099175
887, 397.9361786336459, 7.0054950413223125, 2.8181818181818183, 2.0826446280991737, 43.33884297520661
888, 397.5306811656734, 6.680380991735538, 2.553719008264463, 1.8512396694214877, 42.37190082644628
889, 397.1251836977009, 6.058680991735534, 2.0330578512396693, 1.3140495867768596, 41.049586776859506
890, 396.7196862297283, 5.92002561983471, 1.8925619834710743, 1.28099173553719, 40.37190082644628
891, 396.3141887617558, 6.015018181818185, 2.1322314049586777, 1.3801652892561984, 40.06611570247934
892, 395.9086912937833, 6.150659504132232, 2.2479338842975207, 1.7272727272727273, 39.16528925619835
893, 395.50319382581074, 5.973616528925617, 2.1818181818181817, 1.6198347107438016, 38.33884297520661
894, 395.09769635783823, 5.72817603305785, 2.041322314049587, 1.512396694214876, 37.107438016528924
895, 394.6921988898657, 6.370503305785126, 2.7355371900826446, 2.206611570247934, 37.34710743801653
896, 394.28670142189316, 5.496861157024792, 1.884297520661157, 1.5289256198347108, 35.40495867768595
897, 393.88120395392065, 5.831628099173551, 2.56198347107438, 1.7685950413223142, 35.33057851239669
898, 393.47570648594814, 5.2968082644628085, 2.0, 1.4710743801652892, 33.64462809917355
899, 393.07020901797557, 5.617094214876033, 2.446280991735537, 1.7685950413223142, 33.752066115702476
900, 392.66471155000306, 4.673803305785125, 1.4710743801652892, 1.0578512396694215, 31.694214876033058
901, 392.25921408203055, 5.403832231404958, 2.4214876033057853, 1.6859504132231404, 32.37190082644628
902, 391.853716614058, 5.069655371900825, 2.041322314049587, 1.5702479338842976, 31.03305785123967
903, 391.4482191460855, 5.537380991735537, 2.884297520661157, 1.9586776859504131, 30.925619834710744
904, 391.04272167811297, 5.101412396694214, 2.4049586776859506, 1.6446280991735538, 29.975206611570247
905, 390.6372242101404, 5.004404958677687, 2.396694214876033, 1.5702479338842976, 29.52892561983471
906, 390.2317267421679, 4.815493388429752, 2.256198347107438, 1.462809917355372, 28.793388429752067
907, 389.8262292741954, 5.029986776859503, 2.6115702479338845, 1.7355371900826446, 28.33884297520661
908, 389.4207318062228, 4.267714876033059, 1.859504132231405, 1.0991735537190082, 26.90082644628099
909, 389.0152343382503, 4.658379338842974, 2.4049586776859506, 1.5206611570247934, 26.727272727272727
910, 388.6097368702778, 4.404467768595042, 2.0991735537190084, 1.43801652892562, 25.727272727272727
911, 388.20423940230523, 4.828922314049588, 2.5950413223140494, 1.8925619834710743, 25.8099173553719
912, 387.7987419343327, 4.348709917355372, 2.074380165289256, 1.5867768595041323, 24.537190082644628
913, 387.39324446636016, 4.557028925619836, 2.6859504132231407, 1.7024793388429753, 24.165289256198346
914, 386.98774699838765, 3.9736404958677713, 2.024793388429752, 1.2892561983471074, 22.90909090909091
915, 386.58224953041514, 4.168241322314049, 2.2975206611570247, 1.512396694214876, 22.75206611570248
916, 386.1767520624426, 4.391870247933883, 2.5371900826446283, 1.7520661157024793, 22.85123966942149
917, 385.77125459447007, 3.6363008264462797, 1.8677685950413223, 1.165289256198347, 21.0
918, 385.36575712649756, 4.207396694214875, 2.479338842975207, 1.7272727272727273, 21.512396694214875
919, 384.960259658525, 4.149727272727274, 2.479338842975207, 1.8264462809917354, 20.49586776859504
920, 384.5547621905525, 3.563650413223141, 1.9256198347107438, 1.3057851239669422, 19.487603305785125
921, 384.14926472257997, 4.095535537190084, 2.4958677685950414, 1.9504132231404958, 19.33884297520661
922, 383.7437672546074, 3.473947107438016, 1.8512396694214877, 1.43801652892562, 18.214876033057852
923, 383.3382697866349, 3.7726669421487604, 2.3388429752066116, 1.7355371900826446, 18.024793388429753
924, 382.9327723186624, 3.643555371900828, 2.1322314049586777, 1.6528925619834711, 17.859504132231404
925, 382.5272748506898, 3.801586776859506, 2.396694214876033, 1.8099173553719008, 17.74380165289256
926, 382.1217773827173, 3.6928099173553717, 2.3140495867768593, 1.6859504132231404, 17.644628099173552
927, 381.7162799147448, 3.8433644628099155, 2.4710743801652892, 1.8512396694214877, 17.702479338842974
928, 381.31078244677224, 3.8068363636363634, 2.4628099173553717, 1.8429752066115703, 17.446280991735538
929, 380.9052849787997, 3.981742975206613, 2.9008264462809916, 1.9917355371900827, 17.06611570247934
930, 380.4997875108272, 3.2286206611570254, 2.0578512396694215, 1.3305785123966942, 16.074380165289256
931, 380.09429004285465, 3.2899446280991733, 2.206611570247934, 1.3801652892561984, 15.96694214876033
932, 379.68879257488214, 3.3287925619834713, 2.239669421487603, 1.421487603305785, 16.00826446280992
933, 379.28329510690963, 3.738277685950414, 2.925619834710744, 1.8099173553719008, 15.801652892561984
934, 378.87779763893707, 3.4611347107438006, 2.7024793388429753, 1.512396694214876, 15.487603305785123
935, 378.47230017096456, 3.362015702479339, 2.5702479338842976, 1.5537190082644627, 14.75206611570248
936, 378.06680270299205, 3.4850421487603302, 2.71900826446281, 1.6859504132231404, 14.760330578512397
937, 377.6613052350195, 3.6401991735537162, 2.9669421487603307, 1.9090909090909092, 14.322314049586776
938, 377.255807767047, 2.4807471074380163, 1.7024793388429753, 0.8842975206611571, 12.743801652892563
939, 376.8503102990744, 3.29751652892562, 2.6859504132231407, 1.7107438016528926, 13.074380165289256
940, 376.4448128311019, 3.352500826446281, 2.677685950413223, 1.8760330578512396, 12.727272727272727
941, 376.0393153631294, 3.238003305785123, 2.6115702479338845, 1.9008264462809918, 11.768595041322314
942, 375.6338178951568, 2.972371074380166, 2.322314049586777, 1.6694214876033058, 11.388429752066116
943, 375.2283204271843, 3.298234710743801, 2.7768595041322315, 1.9834710743801653, 11.438016528925619
944, 374.8228229592118, 2.8804619834710747, 2.322314049586777, 1.6942148760330578, 10.454545454545455
945, 374.41732549123924, 2.744101652892562, 2.4545454545454546, 1.5454545454545454, 9.677685950413224
946, 374.01182802326673, 2.3878404958677693, 2.090909090909091, 1.28099173553719, 8.867768595041323
947, 373.6063305552942, 3.2221396694214874, 2.9834710743801653, 2.1322314049586777, 9.462809917355372
948, 373.20083308732166, 2.82446694214876, 2.520661157024793, 1.7851239669421488, 8.975206611570249
949, 372.79533561934915, 2.763238842975206, 2.652892561983471, 1.677685950413223, 8.644628099173554
950, 372.38983815137664, 2.592580165289256, 2.4628099173553717, 1.5206611570247934, 8.454545454545455
951, 371.98434068340407, 2.7974454545454543, 2.7355371900826446, 1.7933884297520661, 8.132231404958677
952, 371.57884321543156, 2.4978157024793384, 2.3388429752066116, 1.56198347107438, 7.735537190082645
953, 371.17334574745905, 2.7515504132231388, 2.677685950413223, 1.884297520661157, 7.413223140495868
954, 370.7678482794865, 2.420839669421486, 2.2644628099173554, 1.6115702479338843, 7.0
955, 370.362350811514, 2.8609925619834695, 2.8016528925619837, 2.041322314049587, 7.239669421487603
956, 369.95685334354147, 2.305355371900825, 2.231404958677686, 1.4958677685950412, 6.669421487603306
957, 369.5513558755689, 2.9818438016528894, 2.9669421487603307, 2.1983471074380163, 7.0578512396694215
958, 369.1458584075964, 2.928314876033055, 2.884297520661157, 2.165289256198347, 6.975206611570248
959, 368.7403609396239, 2.698995867768592, 2.6859504132231407, 1.9173553719008265, 6.760330578512397
960, 368.3348634716513, 2.1388768595041294, 2.0578512396694215, 1.4049586776859504, 6.132231404958677
961, 367.9293660036788, 2.5230404958677655, 2.487603305785124, 1.7603305785123966, 6.545454545454546
962, 367.52386853570624, 2.6663999999999968, 2.6115702479338845, 1.9173553719008265, 6.669421487603306
963, 367.11837106773373, 2.8128024793388398, 2.8016528925619837, 2.0330578512396693, 6.859504132231405
964, 366.7128735997612, 2.324713223140494, 2.2892561983471076, 1.56198347107438, 6.347107438016529
965, 366.30737613178866, 2.411296694214873, 2.4049586776859506, 1.628099173553719, 6.462809917355372
966, 365.90187866381615, 2.5905884297520636, 2.5454545454545454, 1.834710743801653, 6.603305785123967
967, 365.49638119584364, 3.158971074380165, 3.1818181818181817, 2.355371900826446, 7.239669421487603
968, 365.0908837278711, 2.40340247933884, 2.3388429752066116, 1.6611570247933884, 6.396694214876033
969, 364.68538625989856, 2.348726446280989, 2.322314049586777, 1.56198347107438, 6.471074380165289
970, 364.27988879192606, 2.4513024793388403, 2.4297520661157024, 1.6611570247933884, 6.578512396694215
971, 363.8743913239535, 2.8938595041322297, 2.8925619834710745, 2.0991735537190084, 6.991735537190083
972, 363.468893855981, 2.3624785123966916, 2.322314049586777, 1.5950413223140496, 6.421487603305785
973, 363.06339638800847, 2.422311570247932, 2.4214876033057853, 1.6528925619834711, 6.3884297520661155
974, 362.6578989200359, 2.182131404958676, 2.15702479338843, 1.4297520661157024, 6.12396694214876
975, 362.2524014520634, 2.540969421487602, 2.5371900826446283, 1.7768595041322315, 6.487603305785124
976, 361.8469039840909, 2.4126983471074355, 2.43801652892562, 1.628099173553719, 6.3884297520661155
977, 361.4414065161183, 2.8743793388429744, 2.9008264462809916, 2.0826446280991737, 6.884297520661157
978, 361.0359090481458, 2.0920462809917333, 2.0165289256198347, 1.371900826446281, 6.0
979, 360.6304115801733, 2.630876033057852, 2.644628099173554, 1.8512396694214877, 6.6115702479338845
980, 360.22491411220074, 2.7747702479338843, 2.793388429752066, 1.9917355371900827, 6.760330578512397
981, 359.8194166442282, 2.6720297520661154, 2.677685950413223, 1.9173553719008265, 6.545454545454546
982, 359.4139191762557, 2.79976611570248, 2.7520661157024793, 2.0826446280991737, 6.619834710743802
983, 359.00842170828315, 2.7902421487603304, 2.7851239669421486, 2.049586776859504, 6.619834710743802
984, 358.60292424031064, 1.831125619834709, 1.8016528925619835, 1.1074380165289257, 5.636363636363637
985, 358.19742677233813, 2.7611347107438013, 2.7851239669421486, 2.0, 6.619834710743802
986, 357.79192930436557, 2.3678925619834685, 2.396694214876033, 1.603305785123967, 6.231404958677686
987, 357.38643183639306, 2.7246677685950393, 2.743801652892562, 1.9669421487603307, 6.578512396694215
988, 356.9809343684205, 2.345979338842973, 2.355371900826446, 1.5950413223140496, 6.190082644628099
989, 356.575436900448, 2.6614363636363625, 2.6611570247933884, 1.9173553719008265, 6.4958677685950414
990, 356.1699394324755, 2.3152677685950382, 2.28099173553719, 1.5950413223140496, 6.115702479338843
991, 355.7644419645029, 2.5365776859504097, 2.5702479338842976, 1.7685950413223142, 6.404958677685951
992, 355.3589444965304, 2.1077727272727236, 2.1074380165289255, 1.3636363636363635, 5.9421487603305785
993, 354.9534470285579, 2.4909834710743795, 2.479338842975207, 1.7933884297520661, 6.115702479338843
994, 354.5479495605853, 2.1428413223140472, 2.0826446280991737, 1.4793388429752066, 5.7190082644628095
995, 354.1424520926128, 2.5484727272727254, 2.5454545454545454, 1.8512396694214877, 6.148760330578512
996, 353.7369546246403, 2.274703305785123, 2.2231404958677685, 1.6115702479338843, 5.8264462809917354
997, 353.33145715666774, 2.516994214876031, 2.5371900826446283, 1.7520661157024793, 6.404958677685951
