longueur,spectre 0,spectre 1,spectre 2,spectre 3,spectre 4,spectre 5
675.7454192972824,0.08903603773562199,0.0936029278748738,0.11343647996824088,0.19599945838353633,0.0630587557792257,0.12293755223741466
675.4856917375789,0.07896838524525669,0.1240231817045452,0.14230665261132097,0.20506595491775095,0.0896362738721014,0.15014426126422417
675.2259641778753,0.10765133989992341,0.12358310731149931,0.15611745447148503,0.22072611765950703,0.07035142345139868,0.14849230142926614
674.9662366181718,0.09156545484315136,0.09449000243433821,0.18633427179837944,0.20306041814060033,0.07737482976879355,0.142888959452119
674.7065090584682,0.09818535860251064,0.11138755839710189,0.13460612574639352,0.18892401687371232,0.06599976529729214,0.13398315075309591
674.4467814987647,0.07410585403170374,0.16816052511330065,0.15772981585400114,0.19340860169371954,0.07355151100344379,0.14466316273578278
674.1870539390611,0.09884525915897914,0.09874707244689111,0.17826842383171806,0.23592562753840138,0.08030103078207326,0.16193869392280885
673.9273263793576,0.11557667140288974,0.07746222033177837,0.13566393951032915,0.18852368726541582,0.08415305409953393,0.15490654238925983
673.6675988196541,0.12233713470840235,0.13526510534836678,0.14663621566131357,0.22353369511454546,0.11096778706358017,0.15423919806217828
673.4078712599505,0.09893954275119911,0.11085573904507852,0.187127231256541,0.20354722036982073,0.07361499968326958,0.12998936749445666
673.148143700247,0.09819035194788917,0.1299624261184428,0.14278092733134198,0.19645972442705975,0.07980487404666586,0.16587006262015835
672.8884161405434,0.07823332150864916,0.1285576563070464,0.14045449208422583,0.20481635950642393,0.1070308471857664,0.14904106084119184
672.6286885808399,0.15024831360672083,0.1056338585987089,0.13183362942435653,0.19512716787326814,0.10884891703630958,0.16535008150159983
672.3689610211363,0.08378086626700866,0.10336118425914732,0.12994513488538098,0.1804166062290535,0.10445566011253415,0.14403215713431775
672.1092334614328,0.0747254463238825,0.11635349522760659,0.15538123571088244,0.18200357561400285,0.10596489864609848,0.14638224601296412
671.8495059017293,0.07957020789179058,0.12640196840515622,0.16019496469550884,0.18563390058029375,0.0911471633187089,0.15064743431718605
671.5897783420257,0.08738146333550859,0.12255275784028384,0.16932223493300638,0.1830374661651067,0.12357725251705956,0.14973860182359516
671.3300507823222,0.07405345866243615,0.09252372517783171,0.16630001441488743,0.17751120564091022,0.0940104090952114,0.11600256024600418
671.0703232226186,0.08874548297281705,0.13234980160290538,0.14555382179877746,0.1838584653576262,0.051342593270189536,0.15619404079124946
670.8105956629151,0.08949716015090196,0.112483326363966,0.1328318269970486,0.19618115200633718,0.09230623654272603,0.1644485354068499
670.5508681032115,0.10047907928073194,0.12606599316350042,0.17327812256035285,0.18204437667914214,0.09892380821424453,0.1705978444616901
670.291140543508,0.09364717668696748,0.09459552328409664,0.15503628852303722,0.18192409163199383,0.08439985669125766,0.14414538385016504
670.0314129838046,0.07544016559753702,0.11713005089392214,0.15745448509995266,0.22330318259849202,0.10823582046936649,0.14256987232248516
669.771685424101,0.11163761569826414,0.13835397254625437,0.144567364726224,0.17478911939974892,0.09004722036451447,0.17991791292395357
669.5119578643975,0.10637176900940576,0.1271032182168435,0.15787504834119412,0.185209517612559,0.08228640237947409,0.1510751747371564
669.2522303046939,0.07347456508936236,0.10916762250349114,0.14062630710616877,0.20583410236425476,0.12128175867350356,0.1802686417114927
668.9925027449904,0.0951470910880596,0.13352321199323477,0.14988603179930898,0.2045642770222517,0.07103946742858698,0.15202469540493743
668.7327751852868,0.10544029503023215,0.119407562680666,0.13746322473896266,0.2013234748335646,0.08410595595516905,0.17314243636698273
668.4730476255833,0.11051989993799652,0.11409387423211986,0.12324535426294063,0.1747843278687657,0.09107444520169217,0.1797030615850991
668.2133200658798,0.08733718461676789,0.11663030259544349,0.1081722790607409,0.1984758829948965,0.0788612588592079,0.14442876391873483
667.9535925061762,0.08714530735344113,0.1208753724730863,0.10120927861101894,0.21031967135606458,0.07727596364810885,0.14257168530847505
667.6938649464727,0.11123368814934778,0.11487040694646793,0.13588758126985453,0.21010197002130532,0.08653356235692951,0.19722345990667509
667.4341373867691,0.1070009629279396,0.09478638247800938,0.14346405924097716,0.2104960561001608,0.08805771403107174,0.1630446780115087
667.1744098270656,0.08263588740350941,0.13224777399709398,0.14599481892321625,0.19494972386931836,0.08399067178352938,0.1612220225180417
666.914682267362,0.10423663081943946,0.10425161788642914,0.13726246475556453,0.19127763733788838,0.08329733878079609,0.17672656478650783
666.6549547076585,0.09961021513384212,0.11612196029300124,0.1316636635100367,0.1948594556969332,0.07101596348777202,0.16940789478391516
666.395227147955,0.12286172423498012,0.12981085879408752,0.1351079774352877,0.21368685615104893,0.0627748038523252,0.16393014724622146
666.1354995882514,0.0954757183982103,0.13795877033299678,0.1683655196084282,0.2051505942875634,0.0628086301172708,0.1683021150048013
665.8757720285479,0.08126339658633962,0.11477980363526029,0.14183595981910638,0.18609900211581462,0.04235204372545331,0.1774500134433654
665.6160444688443,0.10512385252430595,0.11380087515092853,0.14244105687284206,0.19662219629470887,0.06279975675136817,0.19508734578266254
665.3563169091408,0.1145103388500799,0.1420688281864914,0.10876056681026264,0.22300305980392662,0.06918505435329031,0.18137019213866729
665.0965893494372,0.10304909082707689,0.13299082363921025,0.1539806995668161,0.1805556789709353,0.05835422708361762,0.14779072065393017
664.8368617897337,0.09294954461846089,0.13060277995604758,0.1414918369509509,0.19671341691793415,0.07717501272589257,0.19499834572966923
664.5771342300302,0.06101547479899998,0.13573476489930067,0.13349619012536026,0.2122062543157357,0.06583935597608266,0.1959483441100306
664.3174066703266,0.09091167186459569,0.13957069545546866,0.1363195867109317,0.20452946790091076,0.07143105595071582,0.18146240694720633
664.0576791106231,0.0820231061100266,0.13217621058439882,0.14511410391804885,0.20356386406410057,0.055732578269505006,0.1715014543714891
663.7979515509195,0.08084031029624932,0.11884874309386555,0.13716501567662986,0.22273918867956388,0.0859614411136111,0.17735710458222273
663.538223991216,0.06196756922907873,0.13749750092486304,0.1646833188955769,0.17885146833186982,0.06740643459521606,0.17693917544267612
663.2784964315124,0.09967759649820022,0.12849142168037592,0.15476045287271092,0.22199597524733042,0.05904282813626194,0.17934343599175506
663.0187688718089,0.08696654237401523,0.13401243130018076,0.11999347110770026,0.2085097080302119,0.07536795655060609,0.18840490188803866
662.7590413121054,0.06853931285964547,0.132719665448974,0.13624758129220918,0.21721522332191226,0.08247602524815333,0.17802482317549917
662.4993137524018,0.10093795756193574,0.14948032631495217,0.14279239065668342,0.20199056051298422,0.06883035107514227,0.17442110477548414
662.2395861926983,0.09226980734934843,0.13275698528247357,0.13290191194185885,0.2011167960006713,0.052214140357280586,0.1504693896231286
661.9798586329947,0.09983415764629043,0.12241930994054247,0.1434456766850561,0.2100707704312214,0.05977985078873919,0.17528370330510695
661.7201310732912,0.09159604969557095,0.15039409928197756,0.14977116461642095,0.19878954619183892,0.0642873064370128,0.19767463695550982
661.4604035135876,0.09591368584766644,0.11198269747018216,0.11401939811973097,0.19363133038130248,0.0805162541383118,0.15404882780562193
661.2006759538841,0.10400634567654005,0.1200752382260757,0.11814613324812416,0.17763418804657657,0.08596789814555503,0.16067860488874416
660.9409483941806,0.11319996929448693,0.1244094254795933,0.13607380128422816,0.19598981932237505,0.08185842214252737,0.18793210696397133
660.681220834477,0.11586213252451003,0.08797359096603143,0.13543741623098784,0.18006847064984646,0.06644155519306928,0.17827383045418796
660.4214932747735,0.0898287731049108,0.13347746178478959,0.12157960461146897,0.182237784521465,0.10237417284628868,0.17393866170522088
660.1617657150699,0.08824657017802226,0.1381328056509299,0.1453919897025157,0.19541961434433483,0.09120720477499696,0.164750637943587
659.9020381553664,0.10464472666182899,0.10632670741925698,0.13240396194359003,0.1927079213933453,0.0955830391432473,0.17553131964401208
659.6423105956628,0.07744767674497798,0.12823908946228574,0.13338801196298403,0.21192137057939392,0.07528065064162802,0.1830776928145224
659.3825830359593,0.09953222059218476,0.12597426520894128,0.1254705774188863,0.2126379222321767,0.10748744112848989,0.1745991353599479
659.1228554762558,0.09655061217303074,0.12584102685200377,0.1292156948687721,0.20191982814539197,0.09772583450893638,0.18192558097578299
658.8631279165522,0.08670993422762246,0.11972773583598843,0.15952720728890887,0.22064903268476785,0.10443708388746456,0.18663428728963796
658.6034003568487,0.09365068928230678,0.12986363985629207,0.1458711425143939,0.19590840847112378,0.09934518266138621,0.16669865763652622
658.3436727971451,0.09689059085421468,0.13521628775164055,0.14297465598492287,0.2352597458898517,0.07852352748730439,0.18101819461583396
658.0839452374416,0.10131968745232686,0.12694946313036665,0.163693893095772,0.21376215415771357,0.11521137566086141,0.17471509160239243
657.824217677738,0.09542556794633818,0.12499058650780427,0.14756128402435134,0.19712945669056642,0.1276894173450438,0.18548062470733465
657.5644901180345,0.09997326426349278,0.1229756427320005,0.15436454581617845,0.21463600409637873,0.10236505061952823,0.19613848798587435
657.304762558331,0.0990009867248373,0.1373040551313505,0.15455102541051755,0.2091521823552818,0.09957221685883444,0.1816684601882664
657.0450349986274,0.09896856994983534,0.1139391555195851,0.1574133407215504,0.223998179118231,0.13356199532251797,0.17666469142351027
656.785307438924,0.09416165081280896,0.1317383586305034,0.15625021535921085,0.20679264209693912,0.12102013329832943,0.19688827898278746
656.5255798792203,0.08343060533259081,0.13955505406609386,0.15229290045511146,0.22335401267883032,0.06594061634232307,0.19965244594297057
656.2658523195169,0.10311972667587241,0.1454100410392172,0.14706852499906564,0.23510198397369095,0.1337916761553524,0.1911987792411809
656.0061247598132,0.10211645721241135,0.12239352950755557,0.15121695966618073,0.2075135911383815,0.11408505861705874,0.16041037822649526
655.7463972001098,0.10615480755276731,0.13126412219338202,0.1555355311935639,0.23149607027092953,0.10064506000758307,0.18936360886377313
655.4866696404063,0.10298020971981744,0.1280645086222786,0.17289002894192604,0.23713663854086817,0.10280663007879011,0.18984752923952702
655.2269420807027,0.09183523764075957,0.13630425279287084,0.17638731800802196,0.236398355706835,0.1026241998845875,0.20138659915389057
654.9672145209992,0.11747276644118033,0.15380427689391354,0.15039622459974566,0.2304561252332922,0.12884492811047318,0.1878902571095896
654.7074869612956,0.11563895394106521,0.13710817890391502,0.15147593340104015,0.2291469657478097,0.127940791370507,0.19373363100276259
654.4477594015921,0.10891832536078142,0.14929470345656687,0.18189038721317294,0.23987241435639015,0.11076098609637546,0.18351946662636348
654.1880318418885,0.10139908044694378,0.1327548956382426,0.17666764104620453,0.23593692585987447,0.1351113619387308,0.22121694956873708
653.928304282185,0.10848094732656807,0.13846116877949588,0.17955416950645717,0.23710479182738978,0.12168857930150936,0.18105236701765892
653.6685767224815,0.09671210070541111,0.14296378451664302,0.18525100415583132,0.21925064287795068,0.11698514978564127,0.17170131838463673
653.4088491627779,0.07413139487578436,0.1465746168944398,0.17229479132195244,0.2216710410742981,0.13429790580625628,0.17797010170317415
653.1491216030744,0.10085786485536007,0.13321468833653158,0.18005517829981985,0.253127132564654,0.1535507710340061,0.19171508175945712
652.8893940433708,0.10127499274451077,0.1446058786550354,0.19550130983393962,0.22688953705828915,0.13632962814247246,0.22710846665050086
652.6296664836673,0.09667930184229508,0.16268988688743222,0.1963247398546241,0.24708259394235643,0.13740461200103848,0.21426716481997715
652.3699389239637,0.12151494554888922,0.16474278328215228,0.1951892601932689,0.24128617848995576,0.142738947482825,0.19031660310210563
652.1102113642602,0.11105964612344119,0.1399802755256983,0.19460305774652764,0.24397654648465494,0.1539221611658337,0.20371486179810183
651.8504838045567,0.10680700933047124,0.16669258613702392,0.19411533401365894,0.25214329540247166,0.16704096147482145,0.23617743132564595
651.5907562448531,0.10925632827907877,0.1779202546257951,0.24210349725862113,0.24406068462646713,0.15306590953872107,0.21134676880769465
651.3310286851496,0.11480636510360084,0.16600549326868624,0.21154226969221665,0.25390129336357864,0.17075591119642017,0.20807870530974343
651.071301125446,0.1246181906642845,0.18474690396427537,0.2037845464578573,0.24642009989019328,0.17923433706518718,0.22546674863838728
650.8115735657425,0.1171025884036091,0.18198849066108558,0.2005053345353231,0.2646993071320111,0.1811206640022656,0.22069151945087456
650.5518460060389,0.11930381765293468,0.18823100685838481,0.2344059843948644,0.2713554772825194,0.17950476524095232,0.19845370068801457
650.2921184463354,0.12281639144477877,0.19053476113281134,0.2165577684719379,0.2697641214076972,0.1886853034912357,0.2205011928781108
650.0323908866319,0.12142786757176785,0.197971269350712,0.2072775044262725,0.28156701691520075,0.18129836362344437,0.23549787708354294
649.7726633269283,0.12964306271332976,0.1902637832810035,0.22485958663112493,0.28710218504700147,0.1776393116555893,0.19880045417318418
649.5129357672248,0.11502364560679153,0.19007623500472584,0.24493527973965393,0.29669064524887984,0.20130546016162537,0.23414049005203774
649.2532082075212,0.13590635710762863,0.19646141444304457,0.24073436622417552,0.27378295498243316,0.18037489736590193,0.234077906839771
648.9934806478177,0.11903769476494515,0.19807365215494455,0.24872208787127315,0.29227228157772106,0.18179882164324007,0.23269317773016146
648.7337530881141,0.12915908957753733,0.20802969809112723,0.24982628277032312,0.2802123110227518,0.18845979024959386,0.2287866063333512
648.4740255284106,0.12469628814613033,0.21249657027169275,0.2464459125657585,0.2842536383349818,0.19880246188856823,0.23755222476322047
648.2142979687071,0.1300410063400554,0.2000711750459819,0.24281429949557035,0.3075402604220632,0.1843332621761439,0.21883697302908206
647.9545704090035,0.13002095071417993,0.19481599268075223,0.2570302077443141,0.2910589840878569,0.19036904444674632,0.24362413876516686
647.6948428493,0.12484938130754956,0.2095527928867137,0.24987633539909554,0.2836081851832415,0.20171109845362317,0.2270074020184637
647.4351152895964,0.11351004303694712,0.20131758030573677,0.22213229841949858,0.3134002008854553,0.1911108830056979,0.21702123547393048
647.1753877298929,0.11385328499719848,0.2198748495574248,0.26009082857575105,0.29424045743382166,0.1725451454639486,0.2826282376792067
646.9156601701893,0.11456989065876043,0.20571390226278488,0.24291298871641348,0.3153194809117611,0.18971233129446702,0.2273660906847449
646.6559326104858,0.10716849430328473,0.21121209926563791,0.24889177810982963,0.30754722604923757,0.19537731959377044,0.2241310481682939
646.3962050507823,0.09098617101192895,0.23159942038041212,0.23314713538606832,0.3019354411281511,0.18263624380543506,0.2533096613996566
646.1364774910787,0.10307381448415112,0.21673635992411958,0.27213845579913826,0.30531159726638085,0.1883914481227875,0.26181298093382105
645.8767499313752,0.09976450777493287,0.21396085540642074,0.25689846519278975,0.2918002750506094,0.20065484665281824,0.22476387613612467
645.6170223716716,0.09518619282642075,0.2202785897179152,0.25850074223121217,0.3109906100782428,0.2008609875556799,0.21653652950373914
645.3572948119681,0.0910231041045468,0.2281093062560301,0.2429072517094729,0.32176735269755036,0.20373437033318817,0.22530262891316477
645.0975672522645,0.0894738773552414,0.24455369567411264,0.2721679158032209,0.3250723512893052,0.1930419199400102,0.2328152908115701
644.837839692561,0.08387294840884744,0.22992740343377188,0.26215626117412943,0.2953360701159655,0.19296231164659056,0.2269462270444312
644.5781121328575,0.09890282760986772,0.22101784006505595,0.28639429803813726,0.2974144341131923,0.17945504601037887,0.24677534744931304
644.3183845731539,0.09593407137531194,0.24399196112921673,0.2678861811069252,0.3169940836217371,0.1812154976160074,0.22925734613667917
644.0586570134504,0.07280461148419545,0.24486519773185406,0.2824522328095391,0.31293503893097213,0.18617215181646185,0.24373294636210707
643.7989294537468,0.09571254496670005,0.21959692615113904,0.2841486134656921,0.29336495976988725,0.18195088925215933,0.2348329176258437
643.5392018940433,0.08710214793275403,0.2149892073254113,0.27074225359997767,0.3143326219871957,0.20940841723939357,0.23921343776254175
643.2794743343397,0.08027570640210571,0.21490377019624146,0.2768023750918635,0.30640688240159897,0.18063434901386924,0.2592241148604567
643.0197467746362,0.07477809141265916,0.2204071030023325,0.28315479160577756,0.3103076648933453,0.17589440148856414,0.27063393565558547
642.7600192149328,0.0847199738070247,0.1891470772618476,0.28022428720123904,0.2994395452063784,0.17753814543923244,0.2232584773630273
642.5002916552291,0.06403755573721728,0.1965172292267298,0.2855219380392105,0.2816094629019107,0.18822357793249284,0.2336947190362361
642.2405640955257,0.0780939851187469,0.20076646353408092,0.2737217309580069,0.29058168311201105,0.19073654297443798,0.22953786315199515
641.980836535822,0.07803058495802168,0.18975377863268442,0.2842249977564954,0.2816510778013191,0.1794670783151006,0.22052686594751317
641.7211089761186,0.0731216443359121,0.1913820206421119,0.29760142318882626,0.2907559696423939,0.1701173513564336,0.2236408610589895
641.461381416415,0.06667538675894827,0.17892241969498385,0.2963587417865802,0.2758464720814663,0.17887883046738864,0.2175215571473789
641.2016538567115,0.0861908937994638,0.1749345095687551,0.28264628920643614,0.2896145479010605,0.16995350997465183,0.23953807158727142
640.941926297008,0.06874336267446184,0.19294045196907547,0.28980974785127167,0.28611200449699575,0.17192961595768907,0.2324908039046783
640.6821987373044,0.042354054289734336,0.175100733027226,0.2974710535854301,0.26250969734918644,0.16285760427089305,0.23254796313396828
640.4224711776009,0.05109236547623426,0.17831583715618407,0.29787091542024713,0.2748803728146281,0.16367980862633824,0.22304325343411216
640.1627436178973,0.07658956821567028,0.19337968936394678,0.28636586886000354,0.2532509360298644,0.18119601641610394,0.22348718773925302
639.9030160581938,0.0601292669886622,0.1798727443927489,0.2704239143852123,0.24776899216186551,0.16563385328718824,0.20843010885094435
639.6432884984902,0.054746481926929325,0.1706080197783405,0.2977687710641735,0.2500061711892621,0.16626846918039878,0.2219747982237592
639.3835609387867,0.020195134948043307,0.18551655103169606,0.29187876105708566,0.2625783781482506,0.17794146825620402,0.19253484335250368
639.1238333790832,0.018648696231244603,0.16999308198413315,0.27728192876270413,0.24760035947064948,0.1747923223528949,0.2101960288787561
638.8641058193796,0.057115817657159375,0.1822719092636828,0.29016993224008897,0.2578743175140244,0.17199229420805254,0.19961005674359053
638.6043782596761,0.0490359701943928,0.16710057423434907,0.29233469652785604,0.25358930030958843,0.1699492122565843,0.195824958302481
638.3446506999725,0.04062069219660389,0.164391085164605,0.29109732941112026,0.23573852172366724,0.1739565966973984,0.22551911197215518
638.084923140269,0.049462343949803526,0.1678075461546447,0.28442182723716,0.2359237163149752,0.1763356677278135,0.2079930712186057
637.8251955805654,0.045230049074995914,0.18367711706962261,0.2747554488247943,0.2117484589624307,0.1577632898234237,0.21487596721010638
637.5654680208619,0.0453036436600239,0.14855708937650958,0.24914438583649032,0.2248525454692199,0.1665342344655768,0.2046918316870442
637.3057404611584,0.03169020229827372,0.16091922434027411,0.271739410095214,0.23828085864559045,0.1358364120297725,0.2053628699285917
637.0460129014548,0.03724486511867266,0.15024805226633206,0.270301633891225,0.24755564927826273,0.15234081030977387,0.20269105327510617
636.7862853417513,0.030959152625939443,0.148918079572209,0.263088403530262,0.24063373359826953,0.1484809401409084,0.21428832200184594
636.5265577820477,0.035625409531988145,0.15724682868222772,0.26667752886606727,0.2024625892997243,0.17362073991906096,0.21010631431325888
636.2668302223442,0.02565636899831006,0.15707456326503344,0.24606098953850228,0.1958173130576216,0.1466426546858579,0.17567928012366357
636.0071026626406,0.023367596366276507,0.13040818466463128,0.2698753692699477,0.21933941993572112,0.14188625136875005,0.18215722307919915
635.7473751029371,0.02330017281182319,0.13666206793218624,0.26269024915914574,0.20383016464924114,0.16135573880916237,0.2163590814776082
635.4876475432336,0.03301808211359408,0.14902230633715932,0.27380877030994055,0.20840582964734347,0.14437055954162323,0.19956932264468522
635.22791998353,0.008779221727373795,0.13929998303840951,0.2519391248167993,0.22792406390044412,0.16050643249883173,0.1745515178564498
634.9681924238265,0.01538528176943282,0.13508003183996614,0.24374863702173777,0.20674274973353207,0.14998426491411593,0.18902170817803535
634.7084648641229,0.011623106935097856,0.14859692475280434,0.2735888619074428,0.20738250419925983,0.13788379370462664,0.21447559399979718
634.4487373044194,0.020401674954287945,0.14318586086524507,0.2478660733556486,0.17635105857187522,0.1375075297214585,0.19446094920975932
634.1890097447158,0.00943373873056983,0.13362503007162485,0.24697750485846512,0.19928381556661318,0.13357939735600266,0.1963766262406918
633.9292821850123,0.013427660322725923,0.12495004979857711,0.22528519301262787,0.20092952923157292,0.13702251178714012,0.18318903935491512
633.6695546253088,0.010467495180840409,0.13296473153440194,0.2512216848272924,0.18394062046751525,0.13729888543301566,0.19271071245621957
633.4098270656052,0.019354672804922635,0.1382532066447883,0.24496922500890603,0.19767047396994902,0.12888364276702566,0.209971512996462
633.1500995059017,0.0076437367254694735,0.15250058325216811,0.21861414968292245,0.18113290092753112,0.1150094790520643,0.19188205730790006
632.8903719461981,0.01744814803433666,0.12690359864137543,0.21119301831057904,0.18647980929541288,0.11092379879080351,0.18727857069884155
632.6306443864946,0.01760131082928537,0.11736938839121187,0.2522087365151293,0.16822987212557386,0.1160815462270798,0.1957426928014539
632.370916826791,0.007996161562356809,0.11816433686765059,0.20317307683254968,0.18928217728636862,0.13392365616474367,0.19546287059438158
632.1111892670875,0.020809875275623644,0.13425727911588284,0.23456102727414863,0.1892491833102961,0.10326459933821362,0.20296891027855768
631.8514617073839,0.020182458718208483,0.12002790656171396,0.21678934472505357,0.17843034669830266,0.1255885482250081,0.1797999208887443
631.5917341476804,0.028394771324546618,0.11352909915746055,0.20960238896035185,0.14318821613060323,0.12624677475722104,0.1853623882516694
631.3320065879769,0.027732187212980517,0.12020596882476273,0.20580379994753611,0.18443308458743135,0.1221575253163247,0.19308984357367215
631.0722790282733,0.0162573691962132,0.12247358091120417,0.20124310736384274,0.16369450183718154,0.1282675168207734,0.1887845544894926
630.8125514685698,0.02361302885614723,0.10398877451627428,0.19423090637471502,0.17072614900991706,0.12394507944380273,0.1747929559584016
630.5528239088662,0.018629593483788703,0.10486164784416194,0.18584585706966794,0.1571512916717603,0.12337552034963567,0.1708482159058959
630.2930963491627,0.02903544432310457,0.11290649725034986,0.20772943438077643,0.17052188715108224,0.12994556502649993,0.1737555926991055
630.0333687894591,0.01303566906557785,0.09686613841209865,0.19615362568455857,0.18111872785961247,0.11247453326810823,0.20242655789735775
629.7736412297556,0.018871705463363222,0.11801657539720908,0.19881290453403708,0.1664788064688353,0.10918624592758289,0.15067166277535504
629.5139136700521,0.02850460699925201,0.11102909519215137,0.20022699363947827,0.15495857960408163,0.1136557926453888,0.14571492458816368
629.2541861103485,0.007008480335677649,0.1091189693223568,0.19620088248850398,0.16653091859641322,0.11993074929975713,0.17899461565415933
628.994458550645,0.01498416313552706,0.10854369839251546,0.21022483513019913,0.1674431592188691,0.11322763308007602,0.1890945960431054
628.7347309909414,0.002584050751300182,0.11259376423996109,0.20796011990652963,0.17108832886249992,0.10103322010677963,0.15560086800298137
628.475003431238,0.003860786379656969,0.11428235252499798,0.18045581363529678,0.1571941979451136,0.11586301165238591,0.16962397304061966
628.2152758715343,0.01052055161986934,0.09766597574307398,0.18400171733332701,0.1774502911880276,0.12449078096485898,0.17678686225278575
627.9555483118309,0.010151133492557435,0.10616219036288417,0.21657612354506214,0.16329837829640206,0.12132990005988789,0.1656860169290867
627.6958207521274,0.01023060966991863,0.1005755122054345,0.20665335944263988,0.14466532524565104,0.12296013102716381,0.1728805103944615
627.4360931924238,0.00807927085679392,0.10064178145435147,0.1987100619725038,0.16808992884114435,0.12142931176919383,0.15543594999258126
627.1763656327203,0.004637654977601087,0.1218632960345272,0.20199082600748652,0.17342239335028423,0.13568947354772176,0.16390515896032684
626.9166380730167,0.001917128890142905,0.09935701337091288,0.19620659555718953,0.15060723350285465,0.11895291593034377,0.1700257703573384
626.6569105133132,0.01930521492642316,0.0958560571140814,0.1837911170824084,0.14272679538347277,0.0853716906888027,0.16743559474527026
626.3971829536096,0.0024510998502542537,0.10261274955593759,0.17153783766315767,0.17059713838922796,0.11804911714290023,0.15507198482075443
626.1374553939061,0.011905383764098292,0.096713307058254,0.17956300004021075,0.16545455942436083,0.09118938655128118,0.14328015354541498
625.8777278342026,0.014940701107688525,0.07934059305558822,0.1852570232702917,0.16018316094594717,0.10343061427173539,0.15833552246303753
625.618000274499,0.0013933084658088039,0.09067632368732867,0.17481250119255748,0.16414814759692364,0.10568448731583457,0.15723276225763383
625.3582727147955,0.005331946811750807,0.080025348064081,0.16321394659913888,0.15587272995088142,0.11299343418193575,0.14516318404412754
625.0985451550919,0.006938934749248799,0.08610275150920686,0.18061592276019456,0.18047177812425738,0.11022508367464173,0.15633674855359775
624.8388175953884,0.013882768414114188,0.12042646660814767,0.17751746336522192,0.18462359955023924,0.09678635342563979,0.135524096182489
624.5790900356848,0.023223630823431783,0.10660817671598116,0.1917508637425297,0.1717555417541103,0.09496263824546253,0.1413680484897662
624.3193624759813,0.018373411252176543,0.1013398653036386,0.15308251800383654,0.15640728708122095,0.10900391958753368,0.15353142068077918
624.0596349162778,-0.0010698381414146962,0.08677381275824142,0.17145117396207218,0.16250965290777397,0.09203910137775172,0.13811067563290505
623.7999073565742,0.01229696195947938,0.10412494175554297,0.17945407692099913,0.16240893159306297,0.10285462924490353,0.15690023178104814
623.5401797968707,0.01996516938807076,0.10092381305412464,0.14710126484296102,0.16407128951986394,0.10640349249773583,0.13836525767414745
623.2804522371671,0.01300643895507668,0.10493885385893972,0.1373708867041768,0.1873743249215057,0.10081156035570878,0.14312505630062963
623.0207246774636,0.02978574879093493,0.09483380979632174,0.1436956183745155,0.1733742950500158,0.0880891668759888,0.15380235722211166
622.76099711776,0.020706925237289488,0.11203345395516662,0.15606619773807445,0.14723971878080763,0.1019333507370817,0.13581379159142132
622.5012695580565,0.011121318588741557,0.09801062554959979,0.14218917087746985,0.16775131997928544,0.10730818427650572,0.14117030426241442
622.241541998353,0.019938687372551472,0.10781786779735522,0.14014636228874158,0.1795381033799749,0.10051257727317862,0.14875471693216769
621.9818144386494,0.02126918041796119,0.09810171602389547,0.15307491258051,0.14856915306308097,0.09616189623838425,0.1272956245054169
621.7220868789459,0.010746382967698599,0.10445785624514461,0.15505312545557706,0.18025511894293908,0.09728060271490165,0.14822698256956782
621.4623593192423,0.018530512442363766,0.09856809283467295,0.16526659440034883,0.16498545138491025,0.10720150608195528,0.14857631344348113
621.2026317595388,0.01369590548144719,0.09698188226114095,0.1698572352260878,0.18031700186361427,0.11406193625483202,0.15332470117712094
620.9429041998352,0.013778360801002447,0.1010999159149318,0.15600090712280726,0.1587527632909292,0.10748385247268485,0.14567012064068602
620.6831766401317,0.005059094085024305,0.09359258587006665,0.16475490171908652,0.17019709178566542,0.10375879088266127,0.13825176663727481
620.4234490804282,0.0055523318606239104,0.0832841670758685,0.17491944126026826,0.15622516621183882,0.09630013968916433,0.14554317620360463
620.1637215207246,0.01153527435464823,0.0836346845069832,0.18420814982403724,0.17323982919797015,0.09786793260232159,0.14196389085749156
619.9039939610211,0.020204592338036308,0.10230078389946756,0.17179082936107748,0.1587968342844809,0.10129356061641237,0.12984168484211775
619.6442664013175,0.002945191185673204,0.09173446299610026,0.17411882084600647,0.16486757440558766,0.10676976336698128,0.1285823749201097
619.384538841614,0.013504204798165085,0.10000008194599526,0.17964318629329704,0.16719502360913993,0.11906125985922038,0.1388897881414082
619.1248112819104,0.013395723138591855,0.08719692194520735,0.17965322584964769,0.15042093544265656,0.10978944208232523,0.14890058543063073
618.8650837222069,0.012287585371340618,0.09851343066812975,0.1837938381027997,0.1647178325216972,0.10976886841209141,0.13674870855090876
618.6053561625034,0.01125323782371447,0.08967190448302781,0.18658244030635823,0.16625481761453315,0.11578569200511779,0.11971882391980958
618.3456286027998,0.03062232639990616,0.07153609706553,0.1889393263431216,0.16623907929736922,0.13640867701953513,0.15098627237298415
618.0859010430963,0.026127240439404745,0.07070613344060687,0.16552012887068943,0.18355576610869836,0.12584798817030077,0.12780555426984772
617.8261734833927,0.008407355385367885,0.08888913596840443,0.173578776868913,0.18339057744488535,0.144788460670628,0.12467722164411792
617.5664459236892,0.03815118951257661,0.10150450963357067,0.18084344240077413,0.17538741070317274,0.13397100953824678,0.12192750078822588
617.3067183639856,0.01608364961309815,0.07336577192689962,0.1635553491567156,0.1512517884683254,0.1372872045421134,0.11814171075398727
617.0469908042821,0.019641398616373897,0.07956093329689798,0.172853961565551,0.1673238594893266,0.13091636873557103,0.1150457978185761
616.7872632445786,0.017525522988857456,0.08061407722527293,0.17275920832723562,0.17114789131010263,0.13570793791170907,0.13292398780598272
616.527535684875,0.034705332164837885,0.08480561384639787,0.18444993151247008,0.17242744357199039,0.14452199231453533,0.12086713740840829
616.2678081251715,0.019842103037945542,0.06906050678328564,0.18380664028275115,0.16614076870891903,0.13994983267910804,0.11892852346041673
616.0080805654679,0.028467670522176258,0.08407557813014437,0.18360816213814338,0.18786285302035843,0.1303268663228946,0.12010249902404493
615.7483530057644,0.02527764657351911,0.08042935709300573,0.17625213281277602,0.1879469862733498,0.14496642119843542,0.12990229774126832
615.4886254460608,0.036588012281572775,0.09364400324485013,0.18245199613114635,0.1820448251243378,0.16711121766426215,0.11812653050026443
615.2288978863573,0.02964292672624756,0.09314582569997186,0.1641145501910327,0.18420491737908531,0.14267137170655483,0.13690297180169891
614.9691703266539,0.029255988767280375,0.0789200949349612,0.16657456642554117,0.19112883683624643,0.14638107669226527,0.12318240264185515
614.7094427669502,0.015400973333190144,0.08676585874072415,0.16364908983450877,0.18561435703033702,0.13707588400898973,0.12328651232223495
614.4497152072468,0.02553032163428528,0.0974822930017733,0.17692424844578167,0.21164340523774394,0.1465904280994274,0.12194486256656747
614.1899876475431,0.034955701496418086,0.09584965846045147,0.16478919109427234,0.18767201956999865,0.1221606369305556,0.12622245561412868
613.9302600878397,0.022770983555774317,0.08581950416593785,0.17818611689423297,0.17985737416824937,0.13273323160610256,0.1198179668677205
613.670532528136,0.03632959784920555,0.0931519661682694,0.1610793387874001,0.20575194477022976,0.15115988944204886,0.1207745937111996
613.4108049684326,0.04865839283612133,0.08665168027039352,0.16224962899049422,0.21899044343369747,0.14834378917705818,0.11891695703866478
613.1510774087291,0.028319228791213704,0.09300904134739357,0.1678066919878241,0.18888536557662033,0.15074941806499192,0.12638323088966166
612.8913498490255,0.036183193250629866,0.07010344470895413,0.15491170409297395,0.19658425844262273,0.14274434722439558,0.13547937351672018
612.631622289322,0.036624358740635465,0.09410911954854749,0.15154904819911308,0.2097066292317768,0.14276910036018156,0.1237604928852622
612.3718947296184,0.037058992736820215,0.0954005940626268,0.15451789315983236,0.20440108680917263,0.14399759963933503,0.1181090359252155
612.1121671699149,0.03683038520284326,0.08962284947845375,0.17074757338349297,0.20204245642204172,0.14868698263564165,0.11917198611912537
611.8524396102113,0.032484701954293115,0.10750179296485039,0.1663606910058586,0.206689447629023,0.14621857554489706,0.13626504433685369
611.5927120505078,0.028045885126455228,0.10158440022677243,0.15779822342383826,0.19767629871326559,0.15099343393949438,0.12944391070511563
611.3329844908042,0.031198555079916212,0.11173896129095201,0.16496191164169274,0.20712618877939473,0.14093538913005776,0.14670420278563434
611.0732569311007,0.03450456050586475,0.10652245624540656,0.18078363318459142,0.21475944672600716,0.1537159909782706,0.14737161479095667
610.8135293713972,0.02600917759432788,0.12173756793580462,0.1684760585278575,0.21901249313394408,0.15740992028374926,0.156062147490294
610.5538018116936,0.032242315322989046,0.11578353945638242,0.16683423880759374,0.21302517084582331,0.1496052333968912,0.13616492283155981
610.2940742519901,0.026449018391340166,0.0936128878681752,0.16030020312459275,0.21130610666836241,0.15548544317383348,0.14341546452211393
610.0343466922865,0.03303499782229534,0.11205358120379288,0.15739380213615708,0.22050957625225828,0.15481330423909362,0.13942569845323113
609.774619132583,0.037432893592613634,0.11448074276943485,0.16914389263684987,0.2063217560115165,0.15783327736554761,0.1216202099958535
609.5148915728794,0.027728405045412314,0.11338649078310012,0.16645290096600462,0.22283747255548275,0.14786616734983732,0.11840207540365826
609.2551640131759,0.03325590051065,0.12017531259889846,0.16476540299320017,0.2204050273512143,0.15868696304297064,0.13871130271393464
608.9954364534724,0.03814875250039118,0.11292961684194694,0.1619366716427232,0.22254042770526455,0.16143360439206525,0.1351703965477514
608.7357088937688,0.025294239795537195,0.10710460460537376,0.16205663206090296,0.2072139432979381,0.16206483739079255,0.13636111842834184
608.4759813340653,0.03932756739433385,0.10362606742611663,0.1680840124275848,0.2325848758312488,0.1792058245471898,0.13819906459703596
608.2162537743617,0.03976009980867008,0.11955940062551948,0.167343523883744,0.22541445816630837,0.16972929199421455,0.14967946364446363
607.9565262146582,0.036621253750790735,0.10896614416318325,0.17418021766582398,0.21594881492266327,0.17241582940908656,0.14431984017796862
607.6967986549546,0.025947615383855017,0.1239630556041223,0.1771123851355448,0.22827212285262594,0.18945959082757324,0.14580371186320962
607.4370710952511,0.03392750015597229,0.12119447088236376,0.17908679379093986,0.24375949076735712,0.17548974365286024,0.14478507719621217
607.1773435355476,0.03383648859228922,0.10750284144136353,0.19184036506139837,0.2391383913297051,0.18763077332814615,0.1453573676469913
606.917615975844,0.03362150375404616,0.11608033472610756,0.17574460078603182,0.22398504013847204,0.1877097768396894,0.13683668375181782
606.6578884161405,0.04126716563554699,0.11251961855918297,0.17620731503587592,0.21469711402423752,0.1756331181955903,0.15032075352023397
606.3981608564369,0.03469757565504312,0.12653044668134542,0.20560997974761622,0.22680991639657122,0.1894231941462993,0.157989321049148
606.1384332967334,0.04147063555294568,0.13950695157904144,0.18330834192269674,0.22719958548021393,0.17993833203844428,0.16167006079503468
605.8787057370298,0.039313901570347955,0.12846481181647054,0.17660840772257777,0.23411499526645252,0.18323679844987095,0.14776051453368996
605.6189781773263,0.039929908149157596,0.12428698628789128,0.1826839981443883,0.23337878514908905,0.19471922262489003,0.1568953127902953
605.3592506176228,0.04895715539376819,0.12607927184381032,0.19513974466617234,0.24072299278900441,0.1908654310266566,0.14864677925464498
605.0995230579192,0.05192986863171042,0.13048010627167034,0.19027526434743858,0.2565455523025015,0.1934235087465895,0.14716604206474534
604.8397954982157,0.04069614067955573,0.13386576904013564,0.18718155149189486,0.25889163629773,0.18776052502763807,0.1525291298569725
604.5800679385121,0.04352125858666492,0.13036168240383236,0.20635249277137357,0.2561559738064862,0.1998501838594133,0.14527609002762581
604.3203403788086,0.03963694965865059,0.15041685046061415,0.20248105437973463,0.2549064366142749,0.2124014679848085,0.15404157113546957
604.060612819105,0.04203234294770348,0.13038981406670566,0.19434325450988155,0.2625262429145352,0.19987019485536528,0.14867059457264267
603.8008852594015,0.042610970005460026,0.13402786942055286,0.20139398068366784,0.2606695842508344,0.20466540966694774,0.1588678461119972
603.541157699698,0.042177689187292394,0.15755039063549914,0.2166167380387174,0.2722342612914095,0.22253298498851698,0.15422252597328293
603.2814301399944,0.03997133909536375,0.13602131676034923,0.2186597707947779,0.26958263337038074,0.22148371393645888,0.1400760561526279
603.0217025802909,0.03835197074978489,0.1450536055247952,0.20004001529121276,0.27902449097711673,0.21770818298361846,0.15542825741326385
602.7619750205873,0.0314380181736791,0.14406436391769661,0.21112542981183777,0.28341091380423855,0.22045438909378837,0.16642203173521833
602.5022474608838,0.04118803327348359,0.14280485369123275,0.21687086547971943,0.2752532956270426,0.23524362734998572,0.1554108312773168
602.2425199011802,0.04556233657287939,0.14635323109741658,0.2104658169608166,0.27404658017364164,0.23742388986543547,0.15234837406032145
601.9827923414767,0.04362213479982262,0.14814763679409965,0.21598224304588057,0.27029457234390863,0.24057284261621747,0.1577742320573468
601.7230647817732,0.03601145094371002,0.1521010959627267,0.21901879275926872,0.267894701078149,0.23244558989287603,0.16642308791639876
601.4633372220696,0.03442615491881826,0.1515693577295361,0.22857598364629705,0.28170036500013307,0.23119059773766132,0.16510705369981557
601.2036096623661,0.04392868745121776,0.14712709469638705,0.22628629342775217,0.28016064221222353,0.24473853248883767,0.16989275710810126
600.9438821026625,0.037734157112139025,0.15499208279321122,0.23801875714741233,0.2766746558506821,0.2583968080922567,0.1778089807908704
600.684154542959,0.04471578866495323,0.16480720886850908,0.21804331968595778,0.28841094686897545,0.255686315881702,0.15808258754256693
600.4244269832554,0.04358611324024557,0.16613651384774605,0.21966823828352292,0.3088367501920017,0.2506644512283338,0.17666281888348562
600.164699423552,0.05076647423100308,0.15434757133485902,0.22173505770350746,0.28929202944837046,0.2554666572981829,0.18631964030731937
599.9049718638485,0.04757146500103878,0.16047765404250403,0.23437681564923832,0.298869617092692,0.2631826038754464,0.1753018417268972
599.6452443041449,0.04850095462589184,0.1589448366334951,0.21386741066673604,0.3018823455980999,0.2530290730143384,0.16832023512597089
599.3855167444414,0.04697040626160383,0.1636182742105993,0.22086735767971652,0.294411383702329,0.248492029095851,0.17551050305724636
599.1257891847378,0.05239965262863956,0.1621701801594858,0.23263286672842753,0.3111417673383475,0.2706657664510896,0.1802701841051541
598.8660616250343,0.057813557029726036,0.16549475635074498,0.22360387742814178,0.30593795224666415,0.26638098537389726,0.1763615478878937
598.6063340653307,0.058916375708232986,0.17185978401437083,0.23259406220584428,0.30359990214980637,0.26669443843002527,0.17090746139803256
598.3466065056272,0.04900054255112336,0.1839442340658597,0.23490825375773985,0.3041299872487295,0.27557513881667234,0.17993060711219572
598.0868789459237,0.059652013534403706,0.17503448695853355,0.23911957383870797,0.3123110700156027,0.2792743011537982,0.1816621317177871
597.8271513862201,0.051981444676291136,0.16496458093841634,0.23294666659290578,0.31795797504890067,0.2938215444397256,0.17633377616772808
597.5674238265166,0.05522563033766265,0.16766430352031406,0.24624289144845385,0.3122531829059092,0.26789051086076837,0.1858794316898771
597.307696266813,0.05448692033987339,0.16768410274837756,0.24961270256651563,0.3221608955019022,0.28424825872845666,0.1796736154796379
597.0479687071095,0.054236407323190475,0.17827588784003298,0.2525295886861433,0.3096511754578674,0.27431499171218654,0.18950218465580787
596.7882411474059,0.05532098071869823,0.16979588684291136,0.24667193186893582,0.3225434014058843,0.2875442592686978,0.2025231963468929
596.5285135877024,0.051794988997475554,0.18463549789921838,0.24670268458522082,0.333065354960281,0.29075920389390586,0.17698970514661191
596.2687860279989,0.05378702484023152,0.176288906556039,0.2517247241182858,0.33248985762942074,0.2922124623287561,0.19355080978568215
596.0090584682953,0.049776252872423175,0.18785039303422293,0.26368724902662316,0.3379381952788123,0.29451392380912933,0.18905693839243637
595.7493309085918,0.06274531369516417,0.18452039573826512,0.2648642341985107,0.3286021967814525,0.29521435799685497,0.2043274845086978
595.4896033488882,0.06695005595123829,0.19733664341865778,0.2552609612464958,0.3374822288880474,0.3023618388903253,0.18708860407455105
595.2298757891847,0.0682540817890993,0.18562982501774344,0.26032600396282185,0.3538319795357804,0.3055052846214162,0.19395381232954045
594.9701482294811,0.05820262511640049,0.18634726800351306,0.2669311502091421,0.33429569765329054,0.3143057832695968,0.20026130425293592
594.7104206697776,0.06810622629962725,0.19984852966672187,0.27760998913875434,0.33625011309595676,0.30910375171368876,0.20137576036700702
594.4506931100741,0.07103130675262687,0.18835167038973924,0.2716720340855408,0.3382129430181689,0.3151400526435414,0.2066823934360232
594.1909655503705,0.0656296979098735,0.18795093488426406,0.280007447629237,0.35211893563522895,0.3179780881923393,0.20623454917037823
593.931237990667,0.061898204618962144,0.1954496770019488,0.2819820474581669,0.3551231809472811,0.32596152495342967,0.20954875728825129
593.6715104309634,0.06601304981188061,0.19478078312512925,0.28467503936981126,0.3483370382666943,0.32372079648126284,0.2084321442318712
593.4117828712599,0.07095985400686458,0.19404941922449945,0.28560064532280294,0.35797159467954165,0.3243131165893683,0.21432604480960643
593.1520553115563,0.07934323639559943,0.19461737894039238,0.28080720852558266,0.36576462778988095,0.320481917106969,0.2134133116239036
592.8923277518528,0.06838012465570861,0.19379095554696615,0.2874770307876269,0.35422953230661713,0.3400245781647744,0.2185236566310168
592.6326001921493,0.06930602452819185,0.204149041537984,0.2864018038171725,0.35296852245456684,0.32993758625648667,0.22664357173307872
592.3728726324457,0.07632456644316811,0.19845991290892384,0.29175140597768423,0.36220320274284423,0.34881074100844756,0.20649553810402838
592.1131450727422,0.0747312896752044,0.21187534179747006,0.3082891669594408,0.36750461556030584,0.34135775141243485,0.2229073606226694
591.8534175130386,0.0735047575841261,0.21529152556524564,0.2974716818738467,0.3650161162712801,0.3544439485553184,0.21580547257536112
591.5936899533351,0.069611343725257,0.2150377458126148,0.29992371323983846,0.3732260675355806,0.3593536913299991,0.22976700553974716
591.3339623936315,0.07211772011159398,0.20891211421070247,0.30115774018180663,0.3667642587640077,0.3560263595589718,0.22589953077115146
591.074234833928,0.07326502754945256,0.2240729049520869,0.30073314743466073,0.36998493023316864,0.3578150140912355,0.22223270496538122
590.8145072742245,0.07614350823540836,0.2231621129871062,0.3056549047030215,0.3831849822106295,0.3512805175511944,0.22510697646118183
590.5547797145209,0.07711421059118782,0.22457244879343594,0.3127829407395353,0.3753104573559429,0.3552531418339539,0.23465785982598994
590.2950521548174,0.0754656119996187,0.2114569374693011,0.31055994593575903,0.3852324565405526,0.3654676043807054,0.24549160168628803
590.0353245951138,0.07615317819289953,0.22284650881067616,0.3092447498395786,0.3704703846243307,0.36710590624980155,0.23474850231581282
589.7755970354103,0.08326872352439323,0.22976217926458617,0.3220294885091319,0.39131717200839505,0.3772387373498896,0.22002819357669307
589.5158694757067,0.07508292790615731,0.2348483310860921,0.3249254174620206,0.3895330012126052,0.3684762881645071,0.23617143741098104
589.2561419160032,0.07360562936774112,0.2198736571311712,0.32687560571759106,0.3782157967311008,0.36853128411487673,0.24481961025011578
588.9964143562997,0.07690843042145233,0.23667906117731777,0.3311661449996574,0.39371244062949634,0.37906574497627493,0.25166652420695784
588.7366867965961,0.08043356086447807,0.22854263990208826,0.32566525965604876,0.40549943588480136,0.36883851024553227,0.2459961671544608
588.4769592368926,0.07379703878120869,0.2379811074397252,0.3291488693945959,0.4052624733222085,0.37772429546026076,0.23764303410847812
588.217231677189,0.07364713139452654,0.237934142679182,0.3345120458620415,0.41558345255539136,0.38922752097999974,0.24736959271705192
587.9575041174855,0.08069714176442187,0.23259991361124802,0.34081651743420804,0.4126384037350192,0.40538052995918433,0.26518496285868814
587.6977765577819,0.08252218854916626,0.24254804170509744,0.3469664894156905,0.4238884225413033,0.3944840605377821,0.25217336842360377
587.4380489980784,0.07712845136907834,0.24598951344544231,0.33400634917920635,0.42377537028869855,0.40614121829143257,0.2609115514161158
587.178321438375,0.07394057078688034,0.23981888038940544,0.34746564225430415,0.4364854154146873,0.4140418915248964,0.2634691813755212
586.9185938786713,0.06707452968056356,0.24300652629003172,0.3474957229080815,0.4239798305056739,0.4067439323962527,0.2587508340702794
586.6588663189679,0.0805330655713055,0.24591529573710252,0.3500549946495768,0.4347621196488901,0.4132572029334142,0.26324412791674195
586.3991387592642,0.08615994601745008,0.24938357893313876,0.35439993895121846,0.42840154029520555,0.42369385331196896,0.2799336535690148
586.1394111995608,0.07786120670753947,0.24622080258807283,0.36019076458983046,0.4294309635358738,0.4189058052453555,0.2762680714392285
585.8796836398571,0.08191434616559543,0.24119998345865556,0.3616015701946841,0.4361444344589845,0.41027952029537085,0.27293305254290634
585.6199560801537,0.08146305493113803,0.24295578017002437,0.37277753689575877,0.4305493597828347,0.42836048116608105,0.26768743610179985
585.3602285204502,0.08366509555102218,0.255207297372056,0.36794161544386905,0.42722385316351547,0.42346804546915257,0.27121969803087465
585.1005009607466,0.0891200723957111,0.24960419468459427,0.37284282944347946,0.43850482953087383,0.4242682512844004,0.28566485986467666
584.8407734010431,0.08407090905583753,0.2579206298675495,0.3771446690788565,0.4335702879344882,0.4319879535622353,0.28610172462245687
584.5810458413395,0.0898885148154175,0.2622629375402098,0.37391305083327214,0.4374044071585175,0.4281567449709541,0.2806899382657364
584.321318281636,0.08993061721447343,0.25708859083365215,0.38327993802652827,0.4483944204144441,0.43638782561639916,0.29249861329562366
584.0615907219324,0.08769165073425302,0.25946945936378046,0.38446073898891436,0.4599391099975681,0.4337305631631419,0.29419677659484145
583.8018631622289,0.09222079334883101,0.2635799430312345,0.3755711558623089,0.4544542659839094,0.43378025381104424,0.29661180429252865
583.5421356025254,0.09798102717234976,0.268198169643896,0.38369527490714994,0.45812150458506734,0.4397337193460649,0.3012215565842362
583.2824080428218,0.08597276274997756,0.26764350647064905,0.3857667892545228,0.4660670048623191,0.4530156147822926,0.2930779174779656
583.0226804831183,0.08956933385381946,0.26799869210245203,0.3877127344259659,0.4575709557346322,0.44770837954899445,0.30083055130946207
582.7629529234147,0.08941624911374148,0.27083681381088853,0.3891006860193587,0.47466350939645646,0.4551563675636751,0.30717614442775193
582.5032253637112,0.09149981648611973,0.26269947277889505,0.3937036463804984,0.4519512623761228,0.44700826210609684,0.31170608375618025
582.2434978040076,0.0884714050699401,0.2743962237139354,0.3994067053517818,0.4595227032369978,0.4647717267333694,0.31271712068869484
581.9837702443041,0.08906084509155131,0.27873194127289647,0.39487556715095834,0.47203430491597825,0.4536399294799892,0.312689053828589
581.7240426846006,0.0875523473749369,0.28745092482984635,0.39715604934294807,0.4785252291841131,0.4508166703615334,0.31012754218696753
581.464315124897,0.08991631679299833,0.2797683794871935,0.3951514441650418,0.4676141895454925,0.4685744555866981,0.31231245537435104
581.2045875651935,0.08377063003417087,0.28135243683311745,0.404290296071334,0.47953870366428714,0.46834259249764904,0.3162864274354632
580.9448600054899,0.08019409409375598,0.2790905415533085,0.4058719059898882,0.4805911723197571,0.4751682681500589,0.31495078518928843
580.6851324457864,0.07999265719064526,0.28431188141206254,0.4103323109743737,0.48138962941309155,0.48097202156043145,0.3178417784602223
580.4254048860828,0.0759610107947503,0.2843290977459939,0.40462774900240595,0.4798492892625814,0.47273847573488004,0.31716539717047565
580.1656773263793,0.07775612922438702,0.2794323064865861,0.4126549857815376,0.48286358258347295,0.47945373023939586,0.3074006250527181
579.9059497666758,0.07830487395681981,0.27304146550267955,0.4131500658921317,0.47814436938407046,0.4852390276896651,0.3243677827934848
579.6462222069722,0.07323545312447446,0.28541606680576137,0.41692457847298403,0.4881798934657267,0.4830467443061497,0.3245256765213183
579.3864946472687,0.0821435621303935,0.287131279493221,0.4236740021356238,0.48033002011498444,0.4869438135073169,0.3247937106088491
579.1267670875651,0.07886001114720469,0.2842206954741825,0.40997386757829224,0.47929239109662647,0.49331609812732924,0.32030741553882225
578.8670395278616,0.0812314545915318,0.2832894352593522,0.4135938004216103,0.48572203453250457,0.48574610754203834,0.33267507514142025
578.607311968158,0.07854893339403601,0.28272836745297014,0.41405807417116947,0.49221788308050096,0.4892375413005027,0.3331135587792143
578.3475844084545,0.07250079523027557,0.2828527393263105,0.4190968416438286,0.48703298676842094,0.48949385597105344,0.33195950474665004
578.087856848751,0.07562178085026186,0.28657971546706895,0.4298412673946739,0.5020983451616957,0.5077921834882108,0.3365627392654685
577.8281292890474,0.07377073995344481,0.2785808444066927,0.4230757832973365,0.4880281555025442,0.4878107151026229,0.3369299115641867
577.5684017293439,0.07544935932805628,0.2819678444380457,0.4174687943960601,0.4924572063546993,0.5029044253955621,0.335456980731684
577.3086741696403,0.06957248763715382,0.28243350121298627,0.4207129746962444,0.4959027400753758,0.5065391391892716,0.33895938009507515
577.0489466099368,0.07188358991741377,0.2847888213232792,0.42422100311552846,0.4921772012501225,0.5104675733553731,0.3359098482468407
576.7892190502332,0.07325540328196223,0.2792009450469033,0.43503955051754156,0.49178846156561146,0.5038766203542938,0.33676517108364334
576.5294914905297,0.07077497964949742,0.2909457537147367,0.43212815284238,0.48916418002575635,0.4984700610256034,0.3343028300866003
576.2697639308262,0.06687519313037821,0.2951676309088815,0.43019115947281583,0.49094425840802736,0.49162165279402464,0.35223052014815853
576.0100363711226,0.06420025836093342,0.29386361877904543,0.43744023401876925,0.4924912847315277,0.4982832097807709,0.3515037555420727
575.7503088114191,0.06885582517090547,0.2896955847376742,0.4353717203153297,0.480168817175257,0.507009331633414,0.34426391548158963
575.4905812517155,0.07308873381686218,0.2940069908993414,0.4363263850105595,0.49384694329158985,0.49828713383206513,0.35122812297718936
575.230853692012,0.06978527036293679,0.2889386734275133,0.43611102721493217,0.48905518071260135,0.498643883722253,0.35619552084591194
574.9711261323084,0.0719755102348072,0.2926579624918814,0.4314805413935017,0.48635521248498415,0.5037318492671057,0.3690137616350217
574.7113985726049,0.07289168764710117,0.29077212094757693,0.4308180491928375,0.49157526405746044,0.5022461190776121,0.35987531590566285
574.4516710129014,0.06478871688814421,0.2979433969447888,0.43903203429874715,0.49219481308467145,0.50494019489089,0.3489626528186586
574.1919434531978,0.06777088231256732,0.2940146474872323,0.44915038949877617,0.49027080337305967,0.49803070103701536,0.3644533353972238
573.9322158934943,0.07430524692213326,0.29132167233060624,0.4476351065253404,0.4968653682096342,0.507452821084181,0.3672213645110081
573.6724883337907,0.06961310513728881,0.29350567077811485,0.44718063820602194,0.49586872303276197,0.5050320255763225,0.35563461548394776
573.4127607740872,0.0710982625480079,0.2952066103252013,0.4459059178363624,0.4920134679933056,0.5104638539604753,0.3616516452981301
573.1530332143836,0.06972795173624545,0.2867622499488468,0.448536344042883,0.49214181605289464,0.5036108285240805,0.36207182414250927
572.8933056546801,0.07341771183812988,0.2854621500962856,0.4454506346932725,0.49353182111069205,0.5202946959532908,0.3686044597817894
572.6335780949767,0.07034300987211287,0.28731978990777274,0.443117236886884,0.499434313009131,0.5136526041718508,0.36325283111865425
572.373850535273,0.07360562310182978,0.28421571419431796,0.4466510902205564,0.49967692596557034,0.5146434766543904,0.3734676260294623
572.1141229755696,0.07339985677165503,0.2908587326742022,0.4428067072814416,0.494237567360804,0.521512179396307,0.3714840411598632
571.854395415866,0.07086304932661776,0.2966688727197992,0.44910402021545703,0.4942949786123983,0.517515613156367,0.3770975381217545
571.5946678561625,0.06899814827148684,0.2887656543219735,0.4504820815177326,0.5073797735022494,0.5161441746947079,0.3712930749711954
571.3349402964589,0.07040696763158868,0.2873404687021437,0.4564588318014769,0.5005668176174204,0.5285556074983381,0.37935347458316365
571.0752127367554,0.07079791762797494,0.2944919129785457,0.453839294522069,0.49126920317707723,0.5140127931391145,0.3838859320243506
570.8154851770519,0.07033956030172835,0.28893257473184125,0.45736161452460894,0.4951795832173784,0.5209138803587469,0.3821567857287232
570.5557576173483,0.07058574746535126,0.281510411103653,0.45294861256237623,0.4927070389913559,0.5206289144689675,0.3745497217329614
570.2960300576448,0.06438501930143882,0.2864288995308735,0.45164272449446907,0.4846738649862746,0.5232371406918955,0.3814096995856027
570.0363024979412,0.06654343119625149,0.28085890700019905,0.4476416143089961,0.49184556152001224,0.5238407446380441,0.38538866963831764
569.7765749382377,0.06652135059041564,0.2773080093020371,0.45385476224242244,0.4851591776661085,0.5250609798056287,0.37786349781877243
569.5168473785341,0.06262501473268951,0.2807689982705367,0.45252401799743486,0.4911623667416466,0.5271787517931756,0.37799711802225855
569.2571198188306,0.061345162703489046,0.27494257679980194,0.4477399094357297,0.4898287634716687,0.5236220690132771,0.38205595880545107
568.9973922591271,0.05896797985975731,0.27802862983110266,0.45231242552690554,0.48730089634197304,0.5270137912449515,0.385842522952097
568.7376646994235,0.05996536988097132,0.281856434217137,0.4560912628455463,0.488766036615149,0.5304603258057596,0.3937596936062975
568.47793713972,0.05599188459327238,0.28010960135711654,0.4466919093003419,0.4852361120958559,0.5334725023670797,0.3883401154655989
568.2182095800164,0.05620114336210001,0.2744289417284621,0.45034637851154247,0.48864724624289674,0.5448085056628487,0.3905090593278346
567.9584820203129,0.06370731265020223,0.2825799007471692,0.4495396658131172,0.4847378789374062,0.5379292215101042,0.3901692685627397
567.6987544606093,0.055145917872713966,0.27810221173515304,0.4488703632628714,0.48553969112048456,0.529971616230892,0.3932640026609091
567.4390269009058,0.05308048593312557,0.2787347424709168,0.45792127633792457,0.48340215710726336,0.5280307364335091,0.4048665839715408
567.1792993412023,0.060193110638402485,0.2837367571814314,0.4596152781164478,0.4955341686122481,0.5361492086380815,0.39722069838371926
566.9195717814987,0.056429457804555015,0.2840490202789991,0.4545874612848654,0.49226205515615484,0.5359134364525903,0.3999660137525283
566.6598442217952,0.058879077090556384,0.28369639219405485,0.45768385856906196,0.4934499025334868,0.5255370799485649,0.39774424707160977
566.4001166620916,0.05732805688811239,0.2914096348374119,0.45121602046877657,0.4770829524454572,0.5358233540964327,0.3999462352247686
566.1403891023881,0.05899997516926883,0.28320567244455075,0.45413251649899833,0.478280723188198,0.5298546332124463,0.40740187987457666
565.8806615426845,0.055605600454732215,0.28986393481336453,0.4499979992895,0.48215296093169446,0.5283805941327915,0.4068676261335741
565.620933982981,0.05621283576675423,0.29339698628546396,0.4547744699263634,0.4878238107261428,0.5276002955828866,0.410756576127526
565.3612064232775,0.05522912171443842,0.28988013891915165,0.4565344838774578,0.4846929473223153,0.5350049183825907,0.3990936421605555
565.1014788635739,0.05392345686070735,0.29259791040858885,0.44829502656937764,0.4844861345517196,0.530284351739415,0.40558355336229224
564.8417513038704,0.054965543937002835,0.2851609825496769,0.45256293734844855,0.4828074404671976,0.5297852155475019,0.40836479031625683
564.5820237441668,0.051607334665326875,0.28270946287663207,0.4545332839092915,0.48873307155534074,0.5265607976129243,0.41242397633218475
564.3222961844633,0.05249941626841293,0.27776247799733805,0.449511283606746,0.47560417553267775,0.5327969958569392,0.4082463757977254
564.0625686247597,0.05185353757600443,0.27901713235216913,0.45127282046082995,0.47910453203479697,0.5226931169646682,0.40836719632816354
563.8028410650562,0.046905374934499304,0.277746283230032,0.45291531862321227,0.4761889141614027,0.5233373142460552,0.4084416621535233
563.5431135053527,0.0435168302792888,0.2741904336818659,0.45247386911099036,0.47767568040031416,0.5303758612925179,0.4155729880697111
563.2833859456491,0.049077469172330204,0.268423057606234,0.4476150190875419,0.4641728876312339,0.5208531830367475,0.41096766393003226
563.0236583859456,0.04655427403339545,0.2756015137557926,0.4478025033900124,0.47712438438207666,0.5163472630617818,0.4165032132036202
562.763930826242,0.04523994284107563,0.2661336223717875,0.4449651723102182,0.4700983440119611,0.514943177157128,0.4217183448558686
562.5042032665385,0.048272454182565504,0.2715582087115675,0.4604281810100269,0.47671526352058097,0.5227216052145741,0.4155496119028521
562.2444757068349,0.04472941321765456,0.2702172203506872,0.4562129258263633,0.4693204248393004,0.5148952190410285,0.4071389095755943
561.9847481471314,0.04486398821136384,0.26801784467798984,0.4533168581346586,0.476390836798508,0.5188086838115749,0.3963732024860459
561.7250205874279,0.04391606165510521,0.26807921250022143,0.4458013649841976,0.47841602017110635,0.5114172281487512,0.4066318298156407
561.4652930277243,0.045451126527364716,0.26460299221693584,0.45085693528684745,0.47219466486582296,0.5122502768555756,0.40074775437586563
561.2055654680208,0.04459217193330431,0.26558526151629663,0.44757737362156297,0.46633075094268994,0.5028928607743702,0.40243131610886784
560.9458379083172,0.042273791823377815,0.2724405442776848,0.4461444613744672,0.462794679716254,0.5029112060747729,0.39684440105637553
560.6861103486137,0.04159771526892908,0.26825023780336976,0.4413335474968795,0.456943552108927,0.5130746565225971,0.39955951416223223
560.4263827889101,0.039763179141224625,0.2675364316930057,0.44375910425542336,0.4544120864299553,0.5151091419888225,0.4069083420443949
560.1666552292066,0.04089645689412578,0.2698914682578691,0.43747277757938813,0.46154678193628446,0.5034808584991267,0.41474146585135985
559.9069276695031,0.041840558919154766,0.2695399316507759,0.440907950651017,0.4621384982829085,0.5115052202992391,0.40999874345930093
559.6472001097995,0.0412866190876343,0.2698071174795935,0.437216906790002,0.4506944126537621,0.5066404367544413,0.40746524941213386
559.387472550096,0.03630649582439598,0.26828072844068557,0.43585636365751856,0.45195585968730656,0.5102146456223161,0.41421137827973553
559.1277449903924,0.03820041583762483,0.26619924170896725,0.437671141741781,0.45361407402557513,0.5079320929350069,0.40926198053908336
558.868017430689,0.03671418795745962,0.265536054131043,0.43465893443635445,0.4534771307186491,0.5147479015994192,0.4080422300533921
558.6082898709853,0.036189195430837214,0.26050498734426014,0.42966233610924354,0.45075473222595086,0.5063520266772779,0.41118812252172354
558.3485623112819,0.037017837442712455,0.26297119911696426,0.43197857394085326,0.45619932708392263,0.5088663004622171,0.4145040684860644
558.0888347515784,0.03541252599308498,0.2595829078928992,0.43047522858954435,0.4523016994067364,0.5065518625003078,0.414503197803413
557.8291071918748,0.03879699624875654,0.2543678159410366,0.42781760572643857,0.45366578087765175,0.5014546719961472,0.4106815780295169
557.5693796321713,0.03465048905264912,0.2523137938907437,0.43134321880749166,0.43839713549117065,0.5064305695059363,0.40428842608831916
557.3096520724677,0.03502921585346964,0.2593409687639223,0.43229025107400487,0.45168087210981717,0.5110374365156807,0.4095211067881629
557.0499245127642,0.03187868618188799,0.2553418243464479,0.431139339046766,0.4488948327187158,0.5025710929644047,0.4060072199455532
556.7901969530606,0.034245823594904974,0.25748632532619514,0.4340351842081337,0.45044247234938584,0.5007313814009048,0.40681606267764975
556.5304693933571,0.032440869331224136,0.25987651197462824,0.42420099126024274,0.44981958116334025,0.4995308917897215,0.4109085052663135
556.2707418336536,0.03299768357206908,0.2600019913053533,0.4272440297075105,0.4446297289958363,0.5032685783617792,0.41279289412898995
556.01101427395,0.03116731854431001,0.259533905026629,0.4311460833626292,0.44881034202566567,0.5031421283676568,0.4062922225433086
555.7512867142465,0.029340354825282213,0.2587251562941826,0.43005548668628746,0.44545833199948587,0.504187651671088,0.40475352166892586
555.4915591545429,0.030132396761447702,0.25405377478123914,0.4270061015586889,0.4437065080088872,0.5015252475440294,0.4105454791939416
555.2318315948394,0.027123070013204794,0.25587688792087104,0.42938965671390905,0.44699994480104666,0.5012467874374993,0.41203556477024206
554.9721040351358,0.02446516088005617,0.25744723949090703,0.42896442183771494,0.4442376040018529,0.5004425513999692,0.40054339512878395
554.7123764754323,0.028789187678790167,0.25265452581802506,0.42719403488470126,0.43859464041431656,0.5058027828573196,0.40841300137616926
554.4526489157288,0.026909850484964307,0.2524732222028265,0.42610504678985234,0.44659209014883294,0.5069073520780168,0.41200008896859536
554.1929213560252,0.028591076602990644,0.2485297877783227,0.4239067117252726,0.4507139677829017,0.5002042272379258,0.40741793622841943
553.9331937963217,0.0322671418496843,0.25057557832382604,0.4233697090678483,0.4374613987371244,0.4960220149603317,0.4100351438137085
553.6734662366181,0.030312483675251592,0.24755150354640867,0.4260817353543836,0.44271762287182737,0.504605406931382,0.4167821049115747
553.4137386769146,0.026685791850613715,0.24855519382376287,0.41791939006393874,0.43598190007352666,0.5025951321431705,0.4091502699707898
553.154011117211,0.023808120760900928,0.25360638342984004,0.42856394427674366,0.4495751345404535,0.5024837511239294,0.4088341888392
552.8942835575075,0.024444167164628293,0.250746348579913,0.4258287626597132,0.4498372319221853,0.49677947325871996,0.4096325445681829
552.634555997804,0.02563758594386726,0.24868441021098592,0.41882236450123417,0.4419551319639127,0.5030376819423572,0.4080798194930992
552.3748284381004,0.023793983033737857,0.24525866765236065,0.4186177461366991,0.44470993622781424,0.49080555800902353,0.4113368704562693
552.1151008783969,0.025495023371424636,0.2429756182263694,0.42288177515109965,0.4439828653569017,0.49914522671508005,0.4098666290582242
551.8553733186933,0.023323861615694604,0.2375825307790266,0.42243319277486613,0.4420453720030497,0.5024562011712703,0.41058476504451824
551.5956457589898,0.01751833989937957,0.23752709280468334,0.42496620308674954,0.4488598723696693,0.5022133649200663,0.4125611615019073
551.3359181992862,0.01651272422083824,0.23729875054782723,0.42381230170494216,0.4385561075285934,0.48940291508795064,0.410399174564595
551.0761906395827,0.01733443103309513,0.24335346382407563,0.4214479826943914,0.4413198912182533,0.5003529962067161,0.4148649336411721
550.8164630798792,0.01631080498686182,0.23547080246704388,0.4214301706532065,0.4474021049086954,0.5053078529824424,0.40808754524815266
550.5567355201756,0.012513842304720855,0.22924357339468268,0.41821130594261857,0.4439797305607921,0.49536143839506747,0.41450757096280816
550.2970079604721,0.01693176094816591,0.23052800062407408,0.41751598593952327,0.43883970880416334,0.4937257012561504,0.4118590326743158
550.0372804007685,0.014130611795868662,0.22976236972420383,0.4177811984824924,0.44749099191778685,0.49340479920714503,0.4112405274983666
549.777552841065,0.01393773878882097,0.22740694910886122,0.42523612714127057,0.4451503530814771,0.500424943751673,0.41423904014876683
549.5178252813614,0.015997986745309636,0.22445537711004285,0.4172057617578793,0.445640159029609,0.4916832758556656,0.4139253027802792
549.2580977216579,0.019407131929805137,0.22125135704612184,0.4202013825560693,0.4398731859394109,0.4869232869856418,0.41016181931326406
548.9983701619544,0.015629048882801356,0.22128698767753946,0.4186437501611464,0.44516831883870317,0.5018726382379791,0.4141391769941256
548.7386426022508,0.014299783554931065,0.22278606519574343,0.4158302489594221,0.4436418775750813,0.49655717422469026,0.4189163934547477
548.4789150425473,0.016596238361682142,0.21959304430935106,0.41816984575274607,0.4392605554278277,0.4973121678869831,0.4240609840671017
548.2191874828437,0.016487714849378263,0.2200096783161878,0.415749184504028,0.4417372640365387,0.506471963229166,0.4150103671781045
547.9594599231402,0.020672328899844158,0.22034722431042097,0.41455909026206195,0.44595859657852427,0.5051315109083799,0.4152825265188137
547.6997323634366,0.02116072722101535,0.2228848762024624,0.4129975522792503,0.4516187061471792,0.5094914518318568,0.42063253643768844
547.4400048037331,0.01684916142070979,0.22346716217482201,0.4153325572224008,0.44970135870549455,0.5165062791314825,0.4185919388087097
547.1802772440296,0.01895790713226121,0.21996797150370975,0.415365328770975,0.4510809221754156,0.5061417553211108,0.4138821903309983
546.920549684326,0.0196483243850412,0.22784883690167929,0.41451800880085043,0.4561091511466831,0.5084781909647241,0.417389545740695
546.6608221246225,0.022183377260499532,0.21864523916461634,0.41558850113577583,0.4574124633413089,0.5134840352090725,0.422498810097058
546.4010945649189,0.024881515270041527,0.2140405594394829,0.41227185953847295,0.4568174526205672,0.5175700013227409,0.41767108676009324
546.1413670052154,0.02307905630537587,0.22042449126176458,0.41666287699046456,0.4598360425701741,0.511029046134415,0.41171580592265045
545.8816394455118,0.02040232835420397,0.22342923012090407,0.41594707523387553,0.46210100913150837,0.5268499375787853,0.41823417002931196
545.6219118858083,0.021142223560482478,0.22419258178524362,0.4122268881635859,0.46288045088900204,0.5273830455084464,0.4224922691669205
545.3621843261049,0.022091417206518603,0.2179238482818486,0.4160430364174523,0.4698059971775646,0.5283572676678073,0.41593925321328257
545.1024567664012,0.02546078609852458,0.22096197770598408,0.4167198717491232,0.47119993003945637,0.5276794202127526,0.42111482608442524
544.8427292066978,0.020394571329798928,0.22703180101918863,0.4196049103618565,0.4682978123473542,0.5308437697170262,0.4263100408307393
544.5830016469941,0.021426709831401314,0.22004795447362996,0.41403161671715094,0.48107742837046397,0.5237705006308764,0.4152699490587878
544.3232740872907,0.022307878916616734,0.22248785399624513,0.4161655349161819,0.48612238177406947,0.5284095761818837,0.4196454268699398
544.063546527587,0.021321150795838163,0.21866210414211562,0.4182396996902467,0.4723107157776158,0.5366282005602422,0.4103152189022178
543.8038189678836,0.021705776013620115,0.225013091654956,0.41865330214817964,0.4783586351351239,0.5436624704653049,0.4203104284808544
543.5440914081801,0.019376484186456287,0.2239972287871733,0.41916473611978294,0.47991451394860046,0.5441659581492981,0.41193558452049484
543.2843638484765,0.018098621553423757,0.2243575932769373,0.42605615800364366,0.48893977937738964,0.5491606553838915,0.42171754418493373
543.024636288773,0.02436282259620291,0.21910432103157773,0.4241457395112997,0.4898866365697027,0.5473238215359898,0.4162840491201841
542.7649087290694,0.020968744404137048,0.22235311499064447,0.42457154314119216,0.48846372790627895,0.5509885321797847,0.41107319266739534
542.5051811693659,0.015447318921538004,0.22404389278675824,0.42889412800539833,0.4908716407746472,0.5464258792206448,0.41765841872690507
542.2454536096623,0.021985332289834986,0.22745154259452696,0.428544872779344,0.4951988307838108,0.5687280560273064,0.41825089042199787
541.9857260499588,0.01687520396078211,0.22295728535451462,0.4282993644244244,0.49852443393386026,0.5627267332701404,0.41132786229455115
541.7259984902553,0.01713280811023194,0.2282044833273346,0.4320110914898106,0.4890301877518439,0.5572277031576559,0.4150802933330205
541.4662709305517,0.012090507270241128,0.22809378927937865,0.42467053101948415,0.5027488237798426,0.5649625539422224,0.4107855454766649
541.2065433708482,0.013040031009669169,0.2305210584523585,0.4407222233330064,0.5100876342959519,0.5705630505222216,0.40416720642292053
540.9468158111446,0.016243408523229086,0.22384322150646024,0.4289919191457457,0.5149499519794855,0.5630884323014267,0.4010768833472912
540.6870882514411,0.015117964222617738,0.2240506133084258,0.43073542452795255,0.5165541300593652,0.5731076854552621,0.39836547571708375
540.4273606917375,0.01314815149314712,0.2258982249230056,0.43241256074632745,0.5293221561802914,0.5700635510754074,0.3940954042133805
540.167633132034,0.017123445352194167,0.22741943213401739,0.43034944934066305,0.5209425830571882,0.5778286737397474,0.4073285839307866
539.9079055723305,0.012041617283675365,0.22821340747457006,0.43964968562951684,0.5193897837828576,0.5710903093252296,0.3987677473512529
539.6481780126269,0.012208900063997724,0.21911824667034252,0.4248859461760921,0.5369616086372175,0.578041344753041,0.39185093285735595
539.3884504529234,0.01746860957874535,0.2197254126183004,0.43306444532194316,0.531217192265598,0.5750158865877362,0.39126092472488383
539.1287228932198,0.016219435845639434,0.22471497149202171,0.4456673722123627,0.5190939781000525,0.575893431071974,0.39267913389716375
538.8689953335163,0.016361299297276723,0.22619073829668102,0.44124687163155224,0.5349389427728113,0.5838323688441185,0.39318885225327904
538.6092677738127,0.013090499610542454,0.22211533247198154,0.42722131332922386,0.5400777612608071,0.5827222215381253,0.390376781875275
538.3495402141092,0.015733555202745875,0.22223109796452567,0.43524260074968574,0.5293522664614818,0.5775300343390986,0.39096345909145236
538.0898126544057,0.015165880180017445,0.22590990847983322,0.44407364672926536,0.5342647917651651,0.581079153698426,0.393264367090874
537.8300850947021,0.011728288673784445,0.21732866229487546,0.4378123531086574,0.5282025179287538,0.5767046621044684,0.3878016346640839
537.5703575349986,0.015274535984932903,0.22046629746336363,0.4383016100778076,0.5274796633154779,0.5946524613681449,0.3903041095144987
537.310629975295,0.014132916533197228,0.2213475157755492,0.4472722898870374,0.5415100010102188,0.6030376443203374,0.3857441729748297
537.0509024155915,0.012735623967465044,0.2174236942452611,0.44353232236488793,0.5306417686696998,0.616720559631347,0.37768905786109885
536.7911748558879,0.01947940595243052,0.22271262775885503,0.4504351440026671,0.5333810528302607,0.6014097904525697,0.38452918730386143
536.5314472961844,0.017603137539735036,0.22287800082486703,0.44590329540192664,0.5438124370446561,0.6138118654944789,0.3798512016031029
536.2717197364809,0.015214732437384422,0.22309830206883416,0.44293534377225613,0.5407321401927607,0.6112370446377711,0.3710116869754251
536.0119921767773,0.022369702851090165,0.22427214224516237,0.45325544076520513,0.5501565872195738,0.6166307102690191,0.3759017896921915
535.7522646170738,0.0212781682268682,0.2257796489264266,0.44063521561297714,0.5440640486806261,0.61064875915592,0.37709602961585226
535.4925370573702,0.02040606228630773,0.23089205415887612,0.4456762599369439,0.5613128247588234,0.626086618763843,0.36799202838547757
535.2328094976667,0.02739181505279747,0.2251041538052666,0.4416141481800063,0.5521103324984816,0.6221712913434031,0.37196922384341474
534.9730819379631,0.023887099752912113,0.22422845330148122,0.4441347274962103,0.5574274509478787,0.6286074857453379,0.37199800640770325
534.7133543782596,0.025921467669347813,0.22602381596219898,0.44255363988616503,0.5706003342688922,0.6376948752265658,0.36771933879483126
534.4536268185561,0.0227685487299415,0.22724808231737503,0.4527045685645023,0.581451576958165,0.6324789607439039,0.3747024307148003
534.1938992588525,0.02785867570459044,0.2256688337816712,0.44955733384078317,0.5746398708684297,0.6350233856118054,0.37745214259239585
533.934171699149,0.02426355832077151,0.22453420660415993,0.4482807608224005,0.5785815634175819,0.6602713664100637,0.36226152771078257
533.6744441394454,0.028517434796807798,0.23109950251619107,0.45659574852281976,0.5817884966137814,0.6567613030364082,0.3656465344464685
533.4147165797419,0.026615428587125536,0.2334263232729537,0.4510083399584212,0.5776376665114986,0.6528459981331487,0.3652654412196742
533.1549890200383,0.030196236424090257,0.23604562505963278,0.45081872756954605,0.5815596592067325,0.6500853836120931,0.36715440879868644
532.8952614603348,0.03141985381649942,0.237468197839611,0.454726811823266,0.5826073041704326,0.6575985527120866,0.360403763200353
532.6355339006313,0.03189167738346974,0.23022137739706036,0.4598706411971026,0.5847040584641657,0.6575910513521961,0.3557665904665656
532.3758063409277,0.029068951016688927,0.2322084153626653,0.4559782661624718,0.5925772355494632,0.6639219783016018,0.3533352347918087
532.1160787812242,0.03235358697346235,0.23119782404768394,0.4529711525140211,0.5883535529671393,0.6657170482749938,0.35583002109127226
531.8563512215206,0.02715512893462899,0.23444276724313906,0.46007879900839366,0.6045416215625655,0.6676900003247891,0.3501106821299549
531.5966236618171,0.035577197939373466,0.22550760916572798,0.453401437098845,0.604186006333196,0.6565177125516901,0.3537304065405892
531.3368961021135,0.03204604886720064,0.2242039094109292,0.45802558325387266,0.6047143824408167,0.6724903061529486,0.35260919185830925
531.07716854241,0.03437970014397346,0.22612157469000857,0.45270874466156585,0.5985052140583212,0.6638835202236214,0.33382821509167865
530.8174409827066,0.028868875024478054,0.22622621019404623,0.4564342598024092,0.6132677607873638,0.6601044170159744,0.34047492844143934
530.557713423003,0.032577055553327065,0.22899697298967367,0.4545176652018613,0.613002685125913,0.6593886713185769,0.34823147817523664
530.2979858632995,0.034011808172895744,0.22911562380954215,0.4554073939310281,0.613749434735733,0.6745634802760442,0.34254864289235615
530.0382583035959,0.03082546257898391,0.2261008308002948,0.45658791271481647,0.6175775492748093,0.6987149175356385,0.3328951575696647
529.7785307438924,0.031852222186100516,0.23130423259680716,0.45444278739668204,0.6132568282865571,0.6860165447734583,0.3447075394093231
529.5188031841888,0.03443026422356506,0.23117346283758497,0.4577569260864955,0.6241739330549327,0.6840554328046381,0.3419575759348339
529.2590756244853,0.0341284399117067,0.23261782639780532,0.4550235205002964,0.6257997395853804,0.6778295105778883,0.3402627326711705
528.9993480647818,0.032906078622420204,0.2349303157165497,0.45482273282921537,0.6258400279957468,0.6895744640056974,0.33590242263916803
528.7396205050782,0.033631283155219335,0.23037389984020162,0.45719252347246525,0.6266972140546637,0.7111456282818834,0.34381232631521025
528.4798929453747,0.03768050858115062,0.23525719833255557,0.4519553164660651,0.6428052535219242,0.691191931901111,0.34095431651893593
528.2201653856711,0.034283009651064116,0.2401274979788391,0.46191472209895545,0.6453101536849812,0.7180388181783877,0.3415488654303647
527.9604378259676,0.034155520001890295,0.2373024342122942,0.451584844024883,0.6426046506783363,0.7003322638300166,0.3405057894771939
527.700710266264,0.035094100011118734,0.23249656682468697,0.4475946384362969,0.649967323737928,0.7159726287733993,0.34730175227064936
527.4409827065605,0.03730301963507208,0.23005871101768943,0.44582620173145254,0.638830989706122,0.7060369675499515,0.3418120447354685
527.181255146857,0.03293048816225389,0.23448955407277164,0.46179554724001814,0.6518930025773408,0.7196310323475623,0.3380558756279889
526.9215275871534,0.03625499650756383,0.23038383220366004,0.4562317715451685,0.6408615928410997,0.732431827198632,0.3332683369924778
526.6618000274499,0.031252309318094064,0.22572689179018357,0.4493840451725997,0.6534904006985295,0.7295276491561634,0.3459373655632649
526.4020724677463,0.0322583341990631,0.23037712825908746,0.45230093770288293,0.6557053557662266,0.7159106148334082,0.3405047156742412
526.1423449080428,0.028646210709949885,0.22680625565811283,0.4592199710834989,0.6689863335416926,0.7116986673852135,0.32062601199585467
525.8826173483392,0.03338497969458819,0.22014535944430602,0.4627945792160516,0.6531209511950407,0.7227408696592348,0.3387633773384462
525.6228897886357,0.0343767318529084,0.23157975900273062,0.46442949033506636,0.6633810958908992,0.7422548647849058,0.33512248729698946
525.3631622289322,0.036518452691979064,0.22937481927228745,0.45303551974789313,0.6703798979316848,0.7273465775114839,0.3278196426963183
525.1034346692286,0.033347726670017286,0.22916256421654294,0.45670810953919566,0.6741933095581868,0.7477289554229167,0.32543665101954394
524.8437071095251,0.035075123463444366,0.2258414754859729,0.45166411835549236,0.6580695703549583,0.7449285756802612,0.3269306411949404
524.5839795498215,0.033578248157697874,0.2250602612127114,0.45498652578760707,0.6665950442705668,0.7435400441543991,0.3292230728189197
524.324251990118,0.0358146986157436,0.2281074580643444,0.4600305704187535,0.6700545165618331,0.7534180539077032,0.3233645316494395
524.0645244304144,0.03874687530605502,0.231689772630385,0.4692442218998687,0.6765088415092646,0.7545800275854174,0.333632745415049
523.8047968707109,0.03994262060040347,0.22820640733143474,0.46450231605989356,0.6749839744720165,0.7443239596832646,0.32846124977147156
523.5450693110074,0.03955140692809537,0.23235286048089532,0.4676077215503427,0.6881501065111312,0.7527361968369013,0.326587722468201
523.2853417513038,0.04332548078667583,0.23189206197550424,0.4604041348068649,0.6834440895916496,0.7472161349473789,0.33016066663640764
523.0256141916003,0.04597244575661087,0.2286170834776738,0.46325016746370623,0.6866001407594974,0.7474019896475639,0.33953356173456684
522.7658866318967,0.03846678612197425,0.2278791812741073,0.46531099531736,0.6921300279480622,0.7402245627260303,0.3322227916127765
522.5061590721932,0.04286102311949343,0.2238067630319784,0.4802378601426225,0.7092332101493869,0.7609984617484057,0.32041938882328797
522.2464315124896,0.04295157327711774,0.22815292323382974,0.47522479363338405,0.6929563626570536,0.7510225716712681,0.32319644551879606
521.9867039527861,0.03786609565908913,0.227934042789857,0.47069526496553815,0.6826383615663651,0.7620633386474964,0.34044713263808396
521.7269763930826,0.04177453054601907,0.22224496672244148,0.4701376574050383,0.6980667075388461,0.7675411669482978,0.3394197851719187
521.467248833379,0.043346524891582264,0.2253288277915766,0.47856768216971374,0.7101841996076903,0.7843505981461283,0.3297337917344511
521.2075212736755,0.03980663023237746,0.2284263264193327,0.4643906497309834,0.7084437274659493,0.7737230395505813,0.3429069240569578
520.9477937139719,0.04346610827397542,0.2235203918167375,0.46491312936095575,0.7075605504926494,0.7716137008459776,0.3408922402788858
520.6880661542684,0.04347018101218004,0.2220747473922921,0.4737483189798154,0.7007763596997564,0.773936872378985,0.3244978857829484
520.4283385945648,0.045330451460700624,0.22423689628907514,0.4689685061161075,0.699690308381816,0.7966275041754136,0.3312130473325748
520.1686110348613,0.04581949273812231,0.21540487818982015,0.4686889099764807,0.6986179977850162,0.7810509951556681,0.34171355959110744
519.9088834751578,0.04555638039384586,0.21476406675425713,0.470991777465963,0.6976012706875782,0.7840719861928082,0.3314987699638282
519.6491559154542,0.04382885107326759,0.2131003664549157,0.46843510154304263,0.7009562912034977,0.7750570194616682,0.33753692968235344
519.3894283557506,0.04747120439574352,0.21427740711711513,0.46657624485477267,0.6974129092823953,0.7963433986706523,0.3396921395016876
519.1297007960471,0.045897786365237746,0.21480354513925198,0.4619557438651093,0.7046385863445437,0.7837921272764332,0.3215668575996097
518.8699732363436,0.05201627576077468,0.2178568489472271,0.45940669311711174,0.6991441491539009,0.7923643787316197,0.31507691498551765
518.61024567664,0.04693397129182438,0.21553549738389818,0.4649647078092995,0.7098919116776771,0.7964921572120578,0.32691204236790955
518.3505181169365,0.04854722863626587,0.21376425421120274,0.462545046995077,0.7043753007388653,0.8028655314794739,0.32194743983388907
518.090790557233,0.043589572356664705,0.20710929242302004,0.4670859203196736,0.7077430670875982,0.7965568316956448,0.3150371392679827
517.8310629975294,0.04573338424240843,0.2153457826654256,0.46588907495686266,0.7003039542144718,0.7986673081127268,0.3190841755262545
517.5713354378258,0.04691596024069,0.20960800079635555,0.4635855614036161,0.7076614831913963,0.7860966384013107,0.3246530223971803
517.3116078781223,0.0431507603120906,0.20546899389688172,0.4604802684727303,0.7150673552668496,0.8070975781525496,0.3209903348472993
517.0518803184189,0.0407059974307193,0.20505897114328112,0.46095733512786047,0.7230101984229614,0.7952521408659184,0.31599727833497954
516.7921527587152,0.04014457824429833,0.21226554956783825,0.4623081680167066,0.7177666541761702,0.785666107855794,0.31211233530862614
516.5324251990118,0.03793272175802161,0.2095084482757158,0.46083969221530957,0.7193067861624779,0.8053211888456466,0.31532849028931553
516.2726976393083,0.03726223629214613,0.20644778438021136,0.46283616530860433,0.711615300896266,0.8082613627743835,0.31522782314986875
516.0129700796047,0.03456814741880324,0.2092686658074414,0.4577098911035917,0.7125157556703843,0.8017849512257066,0.31663424173919547
515.753242519901,0.03560004540796915,0.21354001840696346,0.4589173218304105,0.7076440525880684,0.7987882982036424,0.3233392530593587
515.4935149601976,0.030914364518872445,0.20983175175979085,0.4564128010327873,0.6990498629585398,0.8001643432991004,0.3229579445162548
515.2337874004941,0.0355306594948784,0.22238917259632882,0.4539802654056735,0.6991624150768948,0.7923144963638816,0.32187084034578356
514.9740598407905,0.03769721305660255,0.21878884557288433,0.46382229456590607,0.7261144239438603,0.7993021239818413,0.32298844522052517
514.714332281087,0.03593032079765245,0.21622547368379996,0.4608080157172148,0.7087931478986775,0.8046048888866177,0.33113517800586156
514.4546047213835,0.025101492438713305,0.20764186160017534,0.4493049814333686,0.7116457782284258,0.8019343599350413,0.3267235655345677
514.1948771616799,0.02969972218148761,0.2135581345841111,0.45403628815862135,0.7273070397413556,0.7991541067070248,0.32853070524148503
513.9351496019763,0.03215866925031569,0.2150464223671164,0.4645828118248515,0.7219577887699387,0.802563089788787,0.3383817988733417
513.6754220422728,0.03440988599270575,0.21981983881200634,0.45469608138584383,0.7283761269505694,0.8013369571522254,0.34486263591028365
513.4156944825693,0.03263001541126424,0.2128921313322189,0.4512034147661593,0.7216866631619889,0.8051248917682161,0.33433871109511965
513.1559669228657,0.026230628828572283,0.20840227154827368,0.4594872193537522,0.724028721101099,0.8225323216138399,0.34793159591130773
512.8962393631622,0.03629802794629991,0.20774998345452664,0.45432339635823965,0.7233518829787617,0.800930873528749,0.34045327557452415
512.6365118034587,0.03588480186536906,0.20883913958592,0.4594047356408385,0.7322500591545932,0.802192580645273,0.3461141538596857
512.3767842437551,0.03029001255778266,0.21393116023876332,0.45505967622795473,0.7250887976536586,0.822480133930871,0.3605618527824663
512.1170566840515,0.03263332383968051,0.2086173986708804,0.463652765614096,0.7237950176847073,0.8254955983085607,0.3577306583314199
511.857329124348,0.035265121832388356,0.21357280672263795,0.46147614296386286,0.7137623113033692,0.8290220261284362,0.3494588896456141
511.5976015646445,0.035313801599110343,0.21740726179277434,0.4610056236351043,0.7200553971257023,0.826242046861112,0.35994223077131726
511.3378740049409,0.03520985894121689,0.222727731691461,0.4633378918971123,0.7430139080572038,0.82725915221259,0.3574751425866445
511.0781464452374,0.03836085391381074,0.2141067858759514,0.4826499567945231,0.7437594666600963,0.8509374957556853,0.35190461234704984
510.81841888553384,0.04088529175066097,0.22220502308781495,0.4705042389433314,0.7414612727302894,0.846957658143888,0.3558752569898274
510.5586913258303,0.04058486869930771,0.2181022491408986,0.471434759534535,0.7297896397175216,0.847270138190154,0.36840563932540593
510.29896376612675,0.039715957772180316,0.23096422431114483,0.4799283451474915,0.7416021811038064,0.8417559646632163,0.3527036489977255
510.0392362064232,0.043425932389127925,0.22756362175798822,0.47005885873631514,0.7394415379110499,0.8421982514008775,0.38205878756285894
509.7795086467197,0.04431208488459838,0.22982398456622993,0.48095310702242333,0.7515507484163251,0.8607827880574256,0.3822710734738745
509.5197810870161,0.04363123752212278,0.22918624092414508,0.46998398997161184,0.7443876676784865,0.8671570631063744,0.3883703587514232
509.2600535273126,0.04778615856669655,0.23688161908378955,0.47413068709235334,0.7428905167570057,0.8541229510610181,0.3817740603161379
509.00032596760906,0.04579535982045227,0.24107305314015695,0.47884657985889156,0.7488517221202092,0.8544550893985038,0.39477546251413376
508.7405984079055,0.045208629406721046,0.23640584827259195,0.48146713929641166,0.7471408224236382,0.8499997136336492,0.3918475195275474
508.48087084820196,0.050116757522501235,0.23452123532554972,0.48283597909229964,0.7554429012139563,0.8614766468489835,0.3884389215887629
508.2211432884984,0.04699701865379162,0.24839463512028834,0.48376681404923366,0.755160888403649,0.8641580261184818,0.39766295016673836
507.9614157287949,0.04772049664397263,0.24329520483320796,0.48870270002660476,0.7640404333430518,0.8754249972397291,0.39681283533592715
507.7016881690913,0.050395157361836126,0.2489447525330347,0.4902737936756286,0.7620455246059294,0.8667535885967217,0.3889410471625365
507.4419606093878,0.046977468812861065,0.2515723095105901,0.49835563103451963,0.748201628667054,0.8863783760442907,0.3932222148815135
507.18223304968427,0.05310036982391466,0.24517152153722013,0.5004206616973415,0.763238597382573,0.8706298676565861,0.40848078170753843
506.9225054899807,0.05254138973720201,0.25202594385223664,0.5018675706516422,0.7668585447268084,0.8565686112852567,0.40644145849385
506.6627779302772,0.04471393304995755,0.2551743401801602,0.5033628503812212,0.7573733440688076,0.8820201454809838,0.40793577901475886
506.4030503705736,0.04697067827287642,0.2590889631658392,0.506869533186718,0.7663286469591585,0.9027855767058597,0.4138538701527254
506.14332281087013,0.05283981426356039,0.2581873519749946,0.5020594263164995,0.7724252721747055,0.8884413771937284,0.41702299485038474
505.8835952511665,0.05030891573964906,0.25742627907017035,0.5100375725513956,0.7678595822622978,0.9023195220903721,0.4157285714790841
505.62386769146303,0.04265312105512009,0.2674222214681381,0.5115193332615303,0.774407714359043,0.8943468332162345,0.42637250033118923
505.3641401317595,0.05010399013752807,0.26271131955378724,0.5175873117794356,0.7722530010766507,0.8851341148196034,0.42143116542389275
505.10441257205594,0.05591816013362715,0.2725912129786411,0.4975527623605996,0.7849213791631431,0.8965100135975964,0.4262329032918405
504.8446850123524,0.05134105197922112,0.2745144782215708,0.513983879948049,0.7904042897144332,0.9150661298705438,0.43299252360402735
504.58495745264884,0.05260819649974604,0.2791959875174933,0.5192743613628186,0.7804614354651319,0.8897473589908734,0.43901953715774805
504.32522989294534,0.04894960696155249,0.2810664811886448,0.5158591360907022,0.7814027168600846,0.9084346876570654,0.4341066858378829
504.06550233324174,0.049291501203696214,0.27439332188039167,0.5161769801158731,0.7923247290145368,0.9213773444968731,0.4456728007766806
503.80577477353825,0.05255802487117564,0.2824700702988513,0.5178838334672249,0.7978478443075443,0.9046872129221454,0.4536381683831106
503.5460472138347,0.05257824755406009,0.28511383707964183,0.5108518476842431,0.7860848967830583,0.9113071520597276,0.45584401009551795
503.28631965413115,0.04974221746973488,0.284068433386478,0.5148432283561353,0.793381048577627,0.9145752647257702,0.4676805565540256
503.0265920944276,0.05674019238305485,0.28110813071884455,0.5226014065926269,0.7956339455122668,0.8947348188326895,0.4691088544443952
502.76686453472405,0.059640338600404026,0.283299012334512,0.5231162625506137,0.785026653058721,0.9086588766145026,0.46399948557382453
502.50713697502056,0.05457283828796246,0.2866548716054451,0.5238757961767793,0.78089171505003,0.9068046895145871,0.4767736072072712
502.24740941531695,0.05062050019345126,0.29243321032018477,0.5126489435276611,0.7999619134808746,0.9200005089858997,0.478405094500134
501.98768185561346,0.05053867839390799,0.29524404161808077,0.5351916812712574,0.7892372135262529,0.9277016829658656,0.48156918824740386
501.7279542959099,0.058443214000576026,0.2824813248996331,0.5347397442429793,0.7992941286294604,0.9139731581198138,0.4808273324947031
501.46822673620636,0.054903725473647975,0.29017510374621636,0.5218078433054416,0.8002317391424929,0.9192982920898236,0.4911149267029838
501.2084991765028,0.05276496590108735,0.2899703057836396,0.5335195623303735,0.7974784072335227,0.9227307391650701,0.4958142880234974
500.94877161679926,0.05458387689018725,0.29199362150888636,0.5336593908717833,0.8005755892025564,0.928044172845748,0.4837676673082602
500.68904405709577,0.05428575265134313,0.29443990378366686,0.5475693863488194,0.8065297475447237,0.9231749592785002,0.4936058373848786
500.42931649739216,0.05490330802393615,0.29223907751650025,0.5350130751672058,0.8025021357188677,0.9075508853835259,0.4934086471439533
500.1695889376887,0.05614923634878109,0.29102782623289847,0.54506329275797,0.8051977682925799,0.9474986521239366,0.49663258708711927
499.9098613779851,0.055995506649133,0.2932164737389992,0.5401147254882088,0.8171701814063396,0.9353545068081291,0.48736305931620894
499.6501338182816,0.05280366011058382,0.2988807049095278,0.5461763303614195,0.8200814238975243,0.9312651316980857,0.4992563555678796
499.390406258578,0.05662518628611654,0.2917471390747345,0.5519890493511459,0.8157497541171101,0.9406257932012149,0.5092627976192754
499.1306786988745,0.05918066068268849,0.29480993780024717,0.5625199479951749,0.8166395527701638,0.946639403968841,0.5083287794894435
498.870951139171,0.052037684557143395,0.2966030512666011,0.554575098257834,0.8222827658147406,0.9444200502488562,0.5006000995650726
498.6112235794674,0.05870245594552591,0.295513598746749,0.5620816628121786,0.8409591856954314,0.9582495013801561,0.514943687473682
498.3514960197639,0.05135047394878111,0.29577018909469405,0.5642626157372992,0.8330979010365218,0.9678381488757306,0.5106797097716319
498.09176846006034,0.06037163048953472,0.294230633500638,0.5613378811957086,0.8267167860515537,0.9792614039491214,0.5132268934649151
497.8320409003568,0.05500282529619746,0.2998973299615524,0.5724825317885355,0.837164317257521,0.9764623895569324,0.5194226961710579
497.57231334065324,0.058623547613970414,0.2926872946272546,0.5698537410607037,0.8430952887993325,0.9875488963998932,0.5234648168734737
497.3125857809497,0.05736122811391674,0.29286368556915826,0.5681341360973395,0.8365989186217114,1.0088162396941955,0.5132946642002588
497.0528582212462,0.05789790436299335,0.30057738584809596,0.5881977595474035,0.8603951125286871,1.005703586985268,0.5118714699093032
496.7931306615426,0.05836292107012643,0.29696929407945966,0.586145897380473,0.8424713820632403,1.0205562090582194,0.5127735311943971
496.5334031018391,0.05588811734716164,0.2835039672917777,0.5809644786730628,0.8561824873792886,1.0051827410389735,0.5140849374688533
496.27367554213555,0.05762215309391099,0.2933762816401153,0.5782364728223509,0.8665669550527638,1.012553416722052,0.5192078064934982
496.013947982432,0.05439523931321126,0.2890662530410311,0.5841512079147321,0.8592979623040895,1.0275452719598093,0.5273967210989889
495.75422042272845,0.06456129225981792,0.2919876336130929,0.5790881861856844,0.8661274446639804,1.021255448812469,0.522369540375604
495.4944928630249,0.05995113416782137,0.29503227507434143,0.5863499639428226,0.8599410147701854,1.034873003010085,0.5171855862492897
495.2347653033214,0.051741291067396666,0.2920971927013961,0.5916286159415945,0.8711936987564513,1.028283272767787,0.5220098426017271
494.9750377436178,0.05264955997751479,0.292378439536918,0.5990880813201638,0.8861485378784186,1.0326399738031553,0.5351414939109398
494.7153101839143,0.0578351559338449,0.2884120804902341,0.5964555723143821,0.8844012902770002,1.0346743850540936,0.5318451116121371
494.45558262421076,0.05766939585481247,0.2977017363467409,0.5871146922272037,0.8814170887533924,1.0387663950294037,0.5285517955545337
494.1958550645072,0.05772586841796385,0.29726475575394684,0.5875036287824823,0.8817789196266597,1.0520284672400861,0.5324196191622708
493.93612750480366,0.05681646116711457,0.2927752017648113,0.5851134002311902,0.8753228956289488,1.0608683582628864,0.5307069354615804
493.6763999451001,0.05337099392281954,0.2925871082371674,0.5902350626132008,0.8776891328731701,1.064964588770919,0.5289420993175166
493.4166723853966,0.05330021358101895,0.29337051143988657,0.5973506387855223,0.8764482109985102,1.072519801515803,0.5314238662081268
493.156944825693,0.05395191952832902,0.28505402791149204,0.5897455173096268,0.8741305864075104,1.0645196034090387,0.535948437705697
492.8972172659895,0.05807554193124894,0.2958999394938377,0.5919840844205404,0.8827764657711057,1.0718519329978644,0.5405913624066486
492.637489706286,0.056620611462182224,0.2941431691499861,0.5869515873182617,0.8853542160323558,1.0818514889023316,0.5371622816822788
492.3777621465824,0.05960135500452453,0.2945193421912692,0.5967093592299056,0.8913193634400152,1.0760551797689206,0.5432113981979194
492.1180345868789,0.05684065057715934,0.2984979105403212,0.5890859334380206,0.87047575926806,1.079340203510903,0.5431525226607907
491.85830702717533,0.05764033827090031,0.29907834854344034,0.5967598259690885,0.8905953443041815,1.0777735882185062,0.5444560488658936
491.59857946747184,0.060742230148026974,0.29363187094994986,0.5971690873803329,0.8835409396796546,1.0730887370929472,0.5404779272365314
491.33885190776823,0.057043096654420554,0.29472281305503023,0.5974110058445539,0.88170278824032,1.0790422007904747,0.5441694309792513
491.07912434806474,0.05808110724027414,0.29392393875166517,0.5949378343060232,0.8900691848616746,1.0761548615373602,0.5375269327150891
490.8193967883612,0.05837496965043688,0.2929612441361082,0.5999981401158657,0.8984851247309859,1.0788777188850867,0.5416723986639046
490.55966922865764,0.06119046265777871,0.28851341302245814,0.5996119494046476,0.8865934271408611,1.0874079426151144,0.5469274894113157
490.2999416689541,0.05927934009541893,0.292712291119694,0.5997391393617136,0.8804046557765368,1.0651568222363241,0.54513538691848
490.04021410925054,0.06108498255959219,0.2897657137213304,0.6017302440946848,0.8978911397212492,1.0716643721461219,0.5446744926961403
489.78048654954705,0.059531591628417056,0.29276027302552493,0.5992519336490362,0.8978221704975484,1.0842762083190034,0.54814600113749
489.52075898984344,0.0615953697669355,0.29189201463894343,0.5920009422340352,0.8945104297213101,1.0912049160827477,0.5518016488019195
489.26103143013995,0.05887777110335038,0.30090499546529337,0.5967927331998124,0.8920498805789081,1.0730406553774126,0.5605948775997794
489.0013038704364,0.060542128867005746,0.29416635886979736,0.5982730583639405,0.8960010132078432,1.0824204037728569,0.5441316617429576
488.74157631073285,0.058185905490669064,0.28896268506529876,0.5953924056252982,0.8920170448614243,1.0659413149482475,0.5532637692531661
488.4818487510293,0.06168227587297468,0.2918535157539641,0.5915025524302274,0.8945394323269514,1.093247912336153,0.5522914549999227
488.22212119132575,0.06447942921161151,0.29081350095730213,0.5950479464012071,0.8995447781953625,1.1021008696280519,0.5563222896939896
487.96239363162226,0.05516034380461522,0.2969485964602647,0.5989322926789306,0.8903556452731191,1.0826434234940188,0.5662171330845038
487.70266607191866,0.05661338374107023,0.29555462512417435,0.5976987786855078,0.8918423178740736,1.0997663792860435,0.5635521434466444
487.44293851221516,0.058131422941352366,0.2875244926710441,0.6099217621677501,0.8910817098918998,1.0964497422141901,0.560461738805884
487.1832109525116,0.051156791581609934,0.2869744461124558,0.5992944033806935,0.9002327289413053,1.0830982377587532,0.5613401149615157
486.92348339280807,0.056863263133688766,0.2969753536180251,0.5891963566571176,0.8964820971886709,1.0965451919068536,0.5610302902107231
486.6637558331045,0.058691328930028736,0.2927145081729366,0.6000306400397285,0.8998969496475343,1.090899332643428,0.5575340039842142
486.40402827340097,0.05387955422659606,0.292011806035275,0.5967305294344648,0.8965371493067644,1.0948413352646178,0.574739424043266
486.1443007136975,0.051097175897319026,0.2896865086895698,0.5934155009037761,0.9206962983373299,1.100791974653234,0.5756565574475405
485.88457315399387,0.05871979511845141,0.29468252605071427,0.5955317285575468,0.9082165464853744,1.094205370540203,0.568254951165585
485.6248455942904,0.05661605455584928,0.29316175122505417,0.6107388858146607,0.9153022828119171,1.08797405180384,0.5729575612538954
485.3651180345868,0.053001411541768344,0.2997148507435226,0.5938959668430832,0.9060582026791554,1.1072410102604495,0.5715383517469703
485.1053904748833,0.059020780471236496,0.29836829336096404,0.5997891051512617,0.9167369353423886,1.1027410479410478,0.5741525305474878
484.84566291517973,0.0612311450572289,0.29591558944352864,0.6063284795249316,0.8987626817053851,1.0752074662707891,0.5754148232774668
484.5859353554762,0.05642737199401701,0.29932366391231185,0.6075896483298148,0.9125384895916953,1.1044347095943556,0.5663416330042051
484.3262077957727,0.0628710759799345,0.30003466519608163,0.6064544940751064,0.9061139093220851,1.1008170224519935,0.570593019045512
484.0664802360691,0.06324160017025161,0.30274849928912195,0.6090255186107566,0.9150532044102769,1.1025529083717283,0.5716293463569425
483.8067526763656,0.055683988627762526,0.2961355336663528,0.6082092067158802,0.9094388645027839,1.104053680863397,0.5726719285220209
483.54702511666204,0.05538329032907951,0.3013627205970935,0.6099689147531451,0.9180266361769037,1.0914470094656592,0.5751058336821446
483.2872975569585,0.06437369602141238,0.30435939163467335,0.6221415973367902,0.9166768486721305,1.0703726354446563,0.5796702805957483
483.02756999725494,0.06737465679141237,0.30004241489880357,0.6068435256217439,0.9154155782562191,1.121831449445743,0.5738298417195714
482.7678424375514,0.06084119353533932,0.30118057454459385,0.600132785917757,0.9041467682545357,1.0918921988375245,0.5700755393940005
482.5081148778479,0.061746706966069355,0.30422128006638754,0.6056484001102347,0.9106191774403507,1.0913715111575257,0.582837399475825
482.2483873181443,0.06261028750554465,0.30415455787189516,0.6003285484481911,0.9140262218181688,1.0885014957500154,0.5699639902706913
481.9886597584408,0.056838837242873176,0.30378275895519063,0.6075571679734101,0.91002009543398,1.0967577846735712,0.5803498357948411
481.72893219873725,0.06005868655587131,0.29831100956396994,0.6096659364894319,0.9067880490007301,1.0829779415995473,0.5820685172562252
481.4692046390337,0.06277708700680623,0.3023481941921152,0.6157236122650126,0.909419714146723,1.1032270383962002,0.5776091955611269
481.20947707933016,0.05850991417804784,0.30335063846734994,0.6123191537870376,0.9127445262939636,1.0866504302785058,0.5818727586107971
480.9497495196266,0.06265813592582771,0.30414732100249153,0.6125939225534885,0.9138260426880763,1.0920053651838426,0.5882817386253266
480.6900219599231,0.056730371686571406,0.3027138281262671,0.6101652454130471,0.9271223479412894,1.0865038135997473,0.5889727003295531
480.4302944002195,0.061433385868939594,0.3012420651843162,0.6142411262590961,0.9092668955220119,1.0991386031083172,0.5912777524141516
480.170566840516,0.061545755781195574,0.2995944369672669,0.611839245008892,0.9243843841549022,1.094035814094772,0.5860002280285258
479.91083928081247,0.060971604475459025,0.30147557841868716,0.6197677948000394,0.9195762345633326,1.0868996729056897,0.6047109688566511
479.6511117211089,0.06483089665558507,0.29979335882723757,0.6200192025487391,0.9111540100943148,1.0813534562459333,0.6078256311039588
479.39138416140537,0.06168166393219808,0.2965465870080127,0.6211263993420845,0.9146576959823436,1.0914776304652685,0.6036423439852864
479.1316566017018,0.061958428430170416,0.29443260909694535,0.6100195405765494,0.9082034424205357,1.1030744466240845,0.6007720999238125
478.8719290419983,0.05734838653844897,0.3049668663486425,0.6141992599120302,0.9194563118930978,1.0980682472441854,0.5997103697254736
478.6122014822947,0.0598966577561388,0.30392333791574205,0.6192119556954512,0.9195083969381069,1.0968583485215415,0.6127332681496108
478.35247392259123,0.062090603438383865,0.29874982144264856,0.6125995522354984,0.911914599145457,1.0821159701877299,0.6098719282017162
478.0927463628877,0.06156796770474172,0.3065275900275775,0.6097504173841541,0.9054401923874233,1.0842450831781785,0.6019522254611845
477.83301880318413,0.0599588310749509,0.3098407245864458,0.6138227791183651,0.9119520494071292,1.10934474278298,0.6092028154637462
477.5732912434806,0.06551152802681878,0.30512270621905063,0.6080915104122884,0.915928051431201,1.0896187367386874,0.6151920629113693
477.31356368377703,0.06483818701822262,0.3050878362579507,0.6181267923556216,0.9177775426510396,1.0855764327762945,0.6055853491641461
477.05383612407354,0.05634871451835673,0.30735576554589744,0.601967838255262,0.9025502998912721,1.0837987858198592,0.6044209705516371
476.79410856436994,0.05844300814697823,0.30678999903217624,0.6002574739507741,0.9107536369364849,1.0973940206089667,0.613250630956791
476.53438100466644,0.058495608631394656,0.3067243013565452,0.6135144831633367,0.898324029498781,1.088333308347757,0.6018206035856309
476.2746534449629,0.061582256640579904,0.30745665082284035,0.6157117316444345,0.911905646779428,1.082230819669134,0.6035864497762973
476.01492588525934,0.05629497788480192,0.3054692411027627,0.6107858127509413,0.9036351570262563,1.095426093322815,0.5998683406391913
475.7551983255558,0.06508270001702209,0.311224726848117,0.6167348579372224,0.9160776145182317,1.0894894880353116,0.6150124885850599
475.49547076585225,0.06103422308998041,0.3039456754842847,0.6143063656197488,0.9160938452671805,1.1014466675395103,0.5986541692122211
475.23574320614875,0.06054634558950339,0.3188982286440015,0.614154261466323,0.923216852958277,1.0900806499283862,0.5992449286879843
474.97601564644515,0.06231360452941648,0.3175995928424884,0.6071655106843423,0.9007365964784138,1.0887856904543194,0.6083577944854959
474.71628808674166,0.06181126575416751,0.3074692220554171,0.6067592002570967,0.8988299816754236,1.0983668666265316,0.6125098149276428
474.45656052703805,0.05891041945263905,0.3063625000109764,0.6110145446479016,0.9079374782097325,1.077132692571143,0.6115167487261602
474.19683296733456,0.06228557777413383,0.3110350220928614,0.6163082816992599,0.906606818184832,1.0959181715630784,0.6190308093073666
473.937105407631,0.059786604382928925,0.3109008014324886,0.6027123983835588,0.9048185477932509,1.0956816282032902,0.6142918810595114
473.67737784792746,0.05998450662120752,0.31591083693922023,0.6107901612153612,0.9065586591675923,1.1009507922906294,0.6012751178619696
473.41765028822397,0.05776630833476297,0.3111904232536004,0.6094297801983541,0.8756309358259003,1.0796708468364462,0.6220390253580135
473.15792272852036,0.05760395948717154,0.3033537458543668,0.6124415346639506,0.8967176448564462,1.09802269758159,0.6214014415668576
472.89819516881687,0.05954989578574502,0.3138004519055566,0.6222743385687787,0.9105284153734045,1.0840746116155786,0.6167107665698216
472.63846760911326,0.06714452406722701,0.313657274584129,0.6240073433994365,0.9070046166922874,1.092475199725144,0.6225519327917479
472.37874004940977,0.06347683845682686,0.31750955137799713,0.6271096944806714,0.8917938222712157,1.0922552406040076,0.6185277079505752
472.1190124897062,0.06500949514964123,0.31676532579777417,0.6295617985444671,0.8925264523675854,1.0963544216067012,0.6148536368337806
471.8592849300027,0.065849824382074,0.31576855150200905,0.6266075978981552,0.8981615900080652,1.0737637233856294,0.619983499456564
471.5995573702992,0.06979720290790484,0.3144345162883673,0.6275041922308342,0.9050072541169469,1.078461200358566,0.6279986739783707
471.3398298105956,0.07070557138487084,0.3071029167560886,0.606828702831467,0.911112429619053,1.0847742814129144,0.6158034977613895
471.0801022508921,0.06622047116660758,0.31745784357071133,0.624859613426983,0.9129545794978993,1.0886413446766554,0.63036155548496
470.8203746911885,0.06945926684507517,0.3206506176579408,0.6334925471434723,0.9011465617672704,1.0775831022775844,0.6145787487216168
470.560647131485,0.0680793658663788,0.32161074366544534,0.6239570397120475,0.9128660789567489,1.0804520320306465,0.6115433532398219
470.30091957178144,0.07122672686128673,0.31613475805651187,0.6148585300568605,0.9108197295169259,1.0675697746376636,0.6195085214720378
470.0411920120779,0.07187078707057383,0.3167434561472617,0.6337287559918534,0.9180195226778672,1.0490080456322828,0.6186108326483375
469.7814644523744,0.07130065285974464,0.318128654382377,0.6187713664531549,0.925971423389387,1.0627994877937108,0.6181275587949739
469.5217368926708,0.06425005542559056,0.31643822574211894,0.6194629137326598,0.9163025182646026,1.0637140675728185,0.6105471863316279
469.2620093329673,0.06302341472046849,0.32015329988637814,0.6222246300914586,0.9246807635552976,1.0691345911304184,0.6133993192632499
469.0022817732637,0.06369760841440054,0.3198726904985622,0.6177827081821471,0.9111814355322978,1.0696294526065995,0.6068682127965817
468.7425542135602,0.06728248113888075,0.31313463556432397,0.6123153481566819,0.8907684426175047,1.0482255004375407,0.6103486240895879
468.48282665385665,0.06339150867519573,0.3158279552386404,0.6117096442150542,0.8947018028034982,1.0523839208857242,0.6060696393375569
468.2230990941531,0.059257461793004146,0.3165638164946429,0.6045012029319995,0.9076635652596883,1.0427179859039861,0.6032855658376045
467.9633715344496,0.0563181499830625,0.32031338146978205,0.6160677730991095,0.9008356539850794,1.0407779395555685,0.6107136937999186
467.703643974746,0.05412486387211669,0.3130659938928785,0.6036191970723491,0.8969457764903694,1.0414000472968452,0.6081523670492595
467.4439164150425,0.06426354564760463,0.312896869928929,0.6138875650483014,0.8933725372581814,1.0455435747067303,0.5983394414789266
467.1841888553389,0.06598068735764369,0.3140279474182438,0.6062955479952553,0.8968656649094295,1.054178597843784,0.616947765847476
466.9244612956354,0.05667796009919899,0.32147820957841466,0.6053843860174585,0.8937405759084555,1.0415623025564755,0.6106755491612647
466.66473373593186,0.059404846855788423,0.31460817800011853,0.6043489041774079,0.8804026465534206,1.0317025395633341,0.6007077350492104
466.4050061762283,0.0598594706342552,0.31742321828137554,0.6184518465620263,0.8974632847424695,1.0424728356950395,0.6116967769259949
466.1452786165248,0.06293079201115193,0.31415868248729295,0.6151131050273158,0.8813648475054686,1.0309357631938394,0.6137842985698546
465.8855510568212,0.055626562381580896,0.31056094127968736,0.6176333325786354,0.8871956118833884,1.0490373228111542,0.6058760954134862
465.6258234971177,0.0585378150379212,0.30633377738757345,0.6155347966200222,0.887100657342231,1.018566522117071,0.5914374501612507
465.3660959374141,0.06065487205120643,0.3171893458844673,0.6164628914009681,0.870294162773441,1.028303177987844,0.593967853903603
465.1063683777106,0.06067655554531465,0.30888719131563597,0.6156865146365049,0.8761034489437731,1.0142845601066734,0.6064726142762341
464.8466408180071,0.06181745323548675,0.30963887244654786,0.6227838774037807,0.8793378325250534,1.0219915585651989,0.5896365175980768
464.5869132583035,0.05969633542115314,0.3150799378074674,0.6172710123217758,0.8571975385811711,1.0149192305094552,0.5898906989439949
464.32718569860003,0.0665376124490169,0.31173786335805204,0.6122212993477258,0.8690378726859082,1.0018540941568488,0.5865145153727894
464.0674581388964,0.06584069703185425,0.31647961814276454,0.6068467386163037,0.851783072272715,0.9933742358933899,0.569969549599133
463.80773057919293,0.06272136853207198,0.3182668420638612,0.6206875885543707,0.8478249477780064,1.011053385837572,0.5755096764516181
463.54800301948933,0.06521092362061996,0.32791563225083487,0.6202701647893282,0.8495155681684318,0.9911010080347551,0.5760022604501635
463.28827545978584,0.06189220472239569,0.3158187735279391,0.6106071840139601,0.8602870412886915,0.9808506405061482,0.5668026004851048
463.0285479000823,0.05063530335143892,0.31251030306066874,0.5940599534583806,0.834022181607891,0.9779671821643028,0.5632848417484148
462.76882034037874,0.05590823750552219,0.3164084216365543,0.6146383512166578,0.8398034553364134,0.9928302000031289,0.5734466346238364
462.50909278067525,0.054843234392952786,0.3095276297863366,0.6097374158296115,0.8414013904330886,0.9759079785892314,0.5634703825101689
462.24936522097164,0.05763922463762602,0.31336952563784726,0.6148950391823397,0.8384981977282018,0.9600173672159592,0.550629074002571
461.98963766126815,0.05818399071533943,0.3124587911550207,0.6168830725436097,0.8293558758962095,0.9664857512964713,0.5665391327869436
461.72991010156454,0.06683837040917856,0.30844138076505057,0.6121604739750347,0.8312882571131633,0.9657432254896023,0.5813669206846702
461.47018254186105,0.06331849049931774,0.3081742006033549,0.6078124758372999,0.8434134316497183,0.9329746400508302,0.5793246222616034
461.2104549821575,0.07075243248922697,0.3202037835244856,0.5982005761780113,0.8260001108974648,0.935950388786798,0.5636371779608463
460.95072742245395,0.06732195764822661,0.3016292373489829,0.5951158085392274,0.8139178127777599,0.9354953759044651,0.5619028351967943
460.6909998627504,0.07284317681701276,0.3127502776270262,0.5961233795178262,0.8201818702790684,0.9343325170066696,0.5457185179807547
460.43127230304685,0.06625422284314353,0.3065522434498915,0.5834201593271284,0.8106302425278101,0.9157826908649509,0.5379519785782584
460.17154474334336,0.06522727719397896,0.3026889235729527,0.5931277575164746,0.829880331382457,0.919624453991153,0.5550462011344794
459.91181718363976,0.05528280948960358,0.2985852660362116,0.596290009563316,0.8054492075863284,0.9134880606636065,0.5248776249558496
459.65208962393626,0.061112185843562566,0.300516061995661,0.59341524835483,0.7998404333499401,0.9059012595477468,0.5329711689499026
459.3923620642327,0.05757296572464988,0.2949216330589464,0.6008922030228302,0.806977253616306,0.8951068337442074,0.5175005883276775
459.13263450452916,0.05683320843510346,0.2938015169326071,0.588880258348574,0.7863937063756227,0.88738882249355,0.5179603699537002
458.8729069448256,0.058789519627848945,0.282840244720724,0.5927767963854808,0.7794549966781369,0.8843778052525942,0.5065072653651657
458.61317938512207,0.05218078921479663,0.2923620712730299,0.5887477233005826,0.7863381426771509,0.8852021981365303,0.5213002051316002
458.3534518254186,0.055491360852209105,0.2898474648218848,0.571473850429163,0.7780450339258427,0.8603219685963758,0.5035111753899665
458.09372426571497,0.06405987598151126,0.2926872555103208,0.5651032336342461,0.7827516897364959,0.8769963710459073,0.5026871636103073
457.8339967060115,0.05842942386550699,0.29483175891465846,0.5638552956542336,0.7491797406800098,0.866434723459427,0.4962138948000327
457.5742691463079,0.054840764628785794,0.2985383536681237,0.5607152739945981,0.7762545855108238,0.8574109167801566,0.4886574396472728
457.3145415866044,0.060371229225367744,0.2949420382729788,0.5603242593987889,0.7645912363797296,0.8429491836093584,0.5068384225498583
457.05481402690083,0.06270176082330743,0.2987465187188396,0.5632485011458507,0.7636576938663698,0.8486507375702683,0.49287094192964165
456.7950864671973,0.06077998424286819,0.2872396513001289,0.5492377297308626,0.7583154829306072,0.8361491473520496,0.47459360250921945
456.5353589074938,0.061919397266548964,0.300867806259562,0.5489533221336997,0.744288212166876,0.8346053399668423,0.47864203842623537
456.2756313477902,0.05435575140980961,0.2863499008501162,0.5261452118641775,0.748378775125255,0.8174524845168183,0.4583512692178306
456.0159037880867,0.05340352504416461,0.2917704400166983,0.5110512420036168,0.7573171179279103,0.8010475373397941,0.45736337110826863
455.75617622838314,0.03986045808873433,0.28256950601509373,0.5409447865475824,0.7201185993799878,0.7978503521689279,0.4605452096276091
455.4964486686796,0.0488203684561218,0.2774817271826226,0.534222090441043,0.721511155126863,0.8022588701798101,0.4443950270838788
455.23672110897604,0.048769204540343614,0.2827310547014913,0.5241583771215418,0.7229790092644167,0.7607878600695994,0.41945599520907023
454.9769935492725,0.03518618193782748,0.28655217090562485,0.5336719553021821,0.7001692100677023,0.736349395018829,0.41282905865643416
454.717265989569,0.025703656640315244,0.2772400359736266,0.5124205933049396,0.6862662863119185,0.7331605074046619,0.3963009161633389
454.4575384298654,0.027222422016827667,0.27622622031184263,0.49037180675550623,0.6762628651403095,0.7310488828873756,0.3746102755179383
454.1978108701619,0.027910018389139906,0.2718123358866907,0.506877918000536,0.6716889011883178,0.7271797502018655,0.3738085253981027
453.93808331045835,0.03154838476830094,0.2662530659605008,0.4962007522358243,0.657046367547778,0.7081164157457623,0.3593522723339969
453.6783557507548,0.02265320967414309,0.26231031328391435,0.49484376202139646,0.6566922076156,0.6930650160520371,0.3603507248474407
453.41862819105125,0.014108426035383396,0.26314893265832745,0.4688765328264679,0.6310466187975007,0.6782694533425261,0.34586460853607176
453.1589006313477,0.020724202193762305,0.24478382300479595,0.471096360763512,0.625753024803912,0.705385239137155,0.3128679813937008
452.8991730716442,0.021952292848094215,0.2505540610187013,0.4652925959548276,0.6139652536316329,0.6781517482760178,0.302901443062743
452.6394455119406,0.020924587065517475,0.24780883288885094,0.4332685240978245,0.6015304959945769,0.6736149719898109,0.28910945180480907
452.3797179522371,0.016488530392260857,0.2376435927020808,0.43819711534378825,0.581543660214995,0.6546462548136669,0.30409140364185305
452.11999039253357,0.013798707636597662,0.22379913935279241,0.4243152374154254,0.5599162964810355,0.6493392251204819,0.26240804946083396
451.86026283283,0.006815634244067287,0.21912491396266776,0.41342167793662365,0.5663763099429747,0.6693146544681645,0.244368229134914
451.60053527312647,-0.004396671370002264,0.2137902251027331,0.4168549133305284,0.5293363200993412,0.6148809800799672,0.22484463153374584
451.3408077134229,0.001303683616837935,0.18848236977489113,0.4143974830940102,0.5231891299146517,0.6226592846766993,0.2267764741199886
451.0810801537194,-0.020248955545826265,0.1819732699716265,0.3725717486817806,0.5021385301132499,0.6034705060772708,0.18998688972536515
450.8213525940158,-0.01962455624399628,0.17134633365947066,0.37158601703663297,0.5027465995438236,0.5891047539200873,0.1934723266974295
450.5616250343123,-0.027733763141470497,0.1604390320997147,0.37549892017563347,0.4857857634393036,0.5707279203627169,0.15329321724225012
450.3018974746088,-0.02474121642125805,0.1430776132526814,0.3486448458018076,0.46730315134962175,0.5515939643787426,0.14397866456225017
450.04216991490523,-0.024731934199667224,0.12335807804865223,0.30884935481996606,0.4268923400942955,0.5156484696264959,0.110946288134472
449.7824423552017,-0.013093959510118082,0.15806227697438888,0.3322161345577628,0.4158093444336452,0.5228074076235073,0.10334067153240857
449.52271479549813,-0.017902852037676657,0.12672209216367417,0.29400259691029035,0.4157213199538175,0.48033876882546295,0.0799488849143343
449.26298723579464,-0.023646636942787597,0.11096707644495148,0.294175220417044,0.37707953759844764,0.49972516182205695,0.05129047578652829
449.00325967609103,-0.035421670565628186,0.105986977077243,0.2982086635042713,0.3535680432331044,0.42640479010202853,0.041990353093599476
448.74353211638754,-0.023089981002885538,0.09393307638870023,0.2711106353447692,0.32557031920543567,0.44053662134785765,0.039185245527459354
448.483804556684,-0.027103754752053767,0.06107149758435375,0.2588150584762645,0.2650957726502864,0.4000370257202975,-0.008451962779023615
448.22407699698044,-0.04947253340246143,0.0661333701451622,0.22502725388426748,0.2314492684791447,0.39047348270300636,-0.017869481279019463
447.9643494372769,-0.06508907063214425,0.049574953118618724,0.22254023632839573,0.22597211130837316,0.345981034549644,-0.05105279122663025
447.70462187757335,-0.05461287879345449,0.012063139681187912,0.19957068282996215,0.23004330054704733,0.29781090967307616,-0.0853408453964053
447.44489431786985,-0.09243385475243686,0.013994026505144362,0.19110103686477603,0.198538220016544,0.26339186298525225,-0.11363947652662097
447.18516675816625,-0.11585615148845486,0.007694166785947607,0.17013876965743088,0.1901649293224584,0.2276047687039738,-0.1546117785297984
446.92543919846275,-0.11744774996836595,-0.02803743751112034,0.16242366627774937,0.14358061007773004,0.19349833241121586,-0.14652022262412584
446.6657116387592,-0.11501479006582059,-0.042964147403741194,0.1462337505422026,0.15634044887607607,0.1557995567214643,-0.19398875200130322
446.40598407905566,-0.10805923698646888,-0.058551389396947734,0.11769614437232537,0.1064889935172817,0.15099990657650786,-0.2035341577408972
446.1462565193521,-0.11374395118838772,-0.09554333527161626,0.09243632667674241,0.09485346659546558,0.14813753837075064,-0.2090845829047854
445.88652895964856,-0.11411689081744626,-0.08331142998579348,0.05189329525893175,0.11813548161243932,0.11571460163187813,-0.24555958237657355
445.62680139994507,-0.10848771669514155,-0.09255907518101684,0.04179310342112452,0.07206580137794805,0.12372740107013398,-0.2575652953687617
445.36707384024146,-0.0747488206302389,-0.11316212241492475,0.000650496084264129,0.08875882867578488,0.12648510251314504,-0.2701923647128194
445.10734628053797,-0.09830988226096332,-0.1330694072897816,-0.021946959769556493,0.07126154479838627,0.11637635382191815,-0.26643130534370346
444.8476187208344,-0.10545845522566567,-0.14760654211704188,-0.02220258617915619,0.05919870934552732,0.10132665302065254,-0.2779493358822482
444.58789116113087,-0.0915933839407423,-0.12044880169275261,-0.044720044895145965,0.06430463440679154,0.09827398397843046,-0.3053742785504092
444.3281636014273,-0.07841583024097191,-0.10773704082737046,-0.06925134631277206,0.048638618050494214,0.13178575526684033,-0.2991908806291264
444.06843604172377,-0.046854206939609955,-0.12062632267079244,-0.11083242536633622,-0.007182211091407223,0.1587956512098535,-0.2673196527386816
443.8087084820203,-0.04251273539956616,-0.10256452549054822,-0.10126287260307486,-0.026268023218727315,0.15894146100597378,-0.25446434462457185
443.5489809223167,0.0016231829196049403,-0.09826395675807266,-0.08342719202451203,0.017148871092342727,0.17012981305132302,-0.2738317434922508
443.2892533626132,0.035221912758889314,-0.0863411033632302,-0.07970185538185261,0.06060897065861191,0.19344893284979472,-0.2635651430006121
443.02952580290963,0.06725217308303894,-0.09537372970739207,-0.061388384024227825,0.07532932652586154,0.22303696308335183,-0.23204686044220085
442.7697982432061,0.06422217394102996,-0.06795756181397425,-0.025483822655934175,0.07762110116878425,0.23795121340789505,-0.23254782539936553
442.51007068350253,0.09798171562672678,-0.038452381482755156,0.000878837058210714,0.1166784550986758,0.22753793609770626,-0.25084294114572364
442.250343123799,0.09099129416893893,-0.019689092893533933,0.007440420661746745,0.11380946778902717,0.29130607204128844,-0.24407118383828566
441.9906155640955,0.08940967454276519,0.011523268859901478,0.041094943946132556,0.165506078235159,0.3120149361525861,-0.22520897542368373
441.7308880043919,0.07259663866329155,0.04709538577848318,0.06968419463176379,0.18127559087057674,0.29054989103315565,-0.22299642380328616
441.4711604446884,0.0811218238543367,0.06554910493954454,0.10387760585327795,0.160571642611378,0.31989502945641457,-0.20831231816123577
441.21143288498484,0.08184523246077934,0.05612459640699891,0.0897051701642589,0.2100635955124335,0.34348750900410596,-0.20472657695356314
440.9517053252813,0.07405710218240645,0.09266958291704668,0.12727805595622366,0.22376438754084021,0.3439833124588193,-0.2136385308571411
440.69197776557775,0.07031708084411933,0.10156424679588989,0.14027851354382803,0.2585690650215687,0.3751228866934138,-0.19329016868517707
440.4322502058742,0.08043820750125402,0.12680102319760295,0.1879320028487725,0.2923736727163361,0.4233361040603885,-0.1592162848697712
440.1725226461707,0.0874086115807724,0.13594758564231355,0.1953006933776067,0.3155604664641219,0.4331389259158221,-0.1787543071824254
439.9127950864671,0.058600244221577426,0.1620203124895269,0.22400093974970184,0.3802193855157,0.4279186065802105,-0.14906936593320008
439.6530675267636,0.06946848704098767,0.133414452780088,0.23080685098152023,0.36548201426016413,0.45057517523297375,-0.13177801364741096
439.39333996706006,0.09492653983548208,0.15493371740292677,0.24894559426878335,0.42486548039629385,0.5103924378079387,-0.11856021848749429
439.1336124073565,0.05813369089544263,0.1829314374150917,0.2511169198912585,0.40197468984157986,0.46190917037151885,-0.11070535995785129
438.87388484765296,0.05562614496109892,0.1481380417645517,0.27257628008486706,0.4560453086393475,0.45127320424295214,-0.1049181234665764
438.6141572879494,0.07624374563085462,0.16787017958271386,0.3038340612105754,0.4607948443321118,0.46179809085785606,-0.0928816594768152
438.3544297282459,0.06750260632754422,0.178267263237543,0.2926665149412906,0.4690719402202032,0.5024122599720845,-0.08923753444578657
438.0947021685423,0.07506979830836734,0.17151607825382817,0.3216195768214664,0.4306752400150888,0.5133968859691452,-0.10432763583402334
437.8349746088388,0.06402975774769122,0.17269989141885833,0.3371744985606035,0.4662535885812523,0.5260301270943964,-0.07481229162591946
437.57524704913527,0.07709476522848853,0.2100937309516477,0.31071647628889976,0.4711667050431732,0.4969599038500075,-0.08520613357254164
437.3155194894317,0.05898247237280491,0.17201886817838014,0.3075430728710151,0.49402343066721227,0.5331327594914758,-0.06736682672163569
437.0557919297282,0.07532846890370307,0.19094846036004692,0.3512356794857966,0.47299914492049033,0.4877892836278196,-0.07383731469550052
436.7960643700246,0.07664930417780323,0.21375918483115278,0.36119038494057865,0.4889722122087254,0.5148670943370696,-0.08543623003371788
436.53633681032113,0.039667548171975826,0.19212058267071758,0.3585837406565277,0.4937744637294588,0.49503839247884296,-0.0596159932792318
436.2766092506175,0.07925381728239263,0.21993800412389894,0.3516669339294372,0.45704580270903644,0.5620876967811894,-0.06544402594783179
436.01688169091403,0.06869771212253535,0.25101938377380256,0.3200505151156435,0.5057594964472815,0.5210610296741547,-0.07190308223448527
435.7571541312105,0.07602590738178831,0.23514073438679137,0.3781182052070008,0.5064243155624158,0.5281266800548939,-0.052351707354903264
435.49742657150694,0.07285403753535184,0.19788999214836905,0.3499847615108478,0.4712672823906755,0.4980893503967085,-0.06431919636126289
435.2376990118034,0.07458945279611885,0.2079410489659781,0.32332118219239275,0.4949886854095174,0.5464326853135352,-0.04616241754370313
434.97797145209984,0.04008320718720924,0.2315555786375474,0.34404633609580487,0.5094189527757224,0.5315618418442171,-0.026128705089994653
434.71824389239634,0.07212326579625784,0.21616690295614435,0.35612494128187405,0.48861229314171534,0.5289651864839442,-0.04136699125417692
434.45851633269274,0.089842182841459,0.22213342672211026,0.3479592922807227,0.46714874865979095,0.5556127629002788,-0.023939200718393505
434.19878877298925,0.06166464127886535,0.2130276472243529,0.32487370218229605,0.49515690096001913,0.5382731463816535,-0.013140536457270917
433.9390612132857,0.06683165426927443,0.23234963691172641,0.3480484046689479,0.46025325406993006,0.5062559938783007,-0.01917738896060961
433.67933365358215,0.06057168457719903,0.19360555462720308,0.34139038109455916,0.5197573578871465,0.5340587660475666,0.012927870974799015
433.4196060938786,0.07777393090851283,0.21695881286613014,0.34334232115895486,0.5086142858193746,0.5681367891454405,0.04296386820718568
433.15987853417505,0.07347937419321318,0.21244544447851715,0.31272051597036155,0.4848014865671455,0.5616118667020713,0.0602780356726713
432.90015097447156,0.05668218076481059,0.24493015256506953,0.3680393824105697,0.4821159381115023,0.4808338921025773,0.0955459466377138
432.64042341476795,0.09344202675090882,0.2228185078313812,0.3673308873367033,0.5139109153126217,0.5553160311532366,0.08287550066269642
432.38069585506446,0.08875017193230102,0.2051929190636979,0.3284243533138862,0.510895800721146,0.583757974894996,0.07845646100250814
432.1209682953609,0.07398026080683429,0.221009571919506,0.3641628157787724,0.5015094849033171,0.5322904491070001,0.13039979783196673
431.86124073565736,0.0650135086283664,0.2039030691291509,0.33737620839731114,0.4964311511118962,0.5094424656624834,0.12612555249004345
431.6015131759538,0.06642934396895232,0.249411919937335,0.34809606025852596,0.5227201172515947,0.566990870830793,0.1456955024119659
431.34178561625026,0.06584866323645215,0.23435530005074895,0.32745779504445555,0.49201034356721973,0.5625901376326133,0.17012551474686627
431.08205805654677,0.06555587283166242,0.22510997496467727,0.3651594064040392,0.49322677581811525,0.5297846834405975,0.15926762726305738
430.82233049684316,0.08090834593436173,0.2138683664106232,0.37620802998943587,0.4877344648888389,0.5407029081754972,0.16014051081866976
430.5626029371397,0.0833892165688392,0.22709057333324856,0.3490537731434658,0.5142425995247305,0.5785155902137138,0.1906320568952672
430.3028753774361,0.07895934290908815,0.22640075274313382,0.29891078199421983,0.5066682985415973,0.5267209648987657,0.19204665870429447
430.0431478177326,0.09264043077109604,0.24492969392624062,0.31864367902953333,0.485594934555347,0.5406929766509659,0.18132441339921374
429.783420258029,0.06901059098828065,0.21936380409466386,0.3798677350757682,0.5027025199998649,0.5888135533652132,0.22334909428752595
429.5236926983255,0.07657353815965738,0.2174702753335337,0.3456783836993593,0.5357380986182323,0.5744301092120916,0.21419567754068514
429.263965138622,0.09299658493562793,0.2510329390259389,0.3381891366549997,0.47929633683825357,0.5377871157568233,0.20286027340673976
429.0042375789184,0.06884857621133571,0.2078403709887145,0.3738818506145637,0.4945997415312459,0.5667786285565043,0.21074131217191694
428.7445100192149,0.058191165569382586,0.2505501986991228,0.35671642451858115,0.5050146899896303,0.5392540619858046,0.22606225098811977
428.48478245951134,0.08310007146207636,0.2202823033365431,0.3491788427643966,0.5042013489539017,0.5515669784994028,0.2631021204163582
428.2250548998078,0.08743643158743555,0.21191966556602526,0.32127818709640504,0.4885669804944538,0.559530181060904,0.23920916879309118
427.96532734010424,0.06267647279506876,0.23295069737595214,0.32824796785894705,0.532166282914487,0.5712809117355736,0.2687623846547531
427.7055997804007,0.05080833306063419,0.21760621228130092,0.3415267022738744,0.49236085340081887,0.5386800351125045,0.2912174721914917
427.4458722206972,0.08269656348593167,0.23216495497583645,0.35652327378993814,0.48403548489074383,0.5732569764413604,0.26825903265430157
427.1861446609936,0.07923348990664411,0.20924271268806968,0.3601163610576517,0.4813189706575462,0.5381197719455536,0.30013760499620473
426.9264171012901,0.06769120283662196,0.22179935779377866,0.3648477082579666,0.539942835430082,0.5403814125099878,0.3017896914804927
426.66668954158655,0.05100761130148344,0.22030181415846561,0.35600088133190577,0.5248857589754206,0.5868983031175972,0.29744355906384196
426.406961981883,0.09558765070967246,0.2409577040156501,0.3771742050664171,0.49822197430543086,0.5765396456514086,0.3175100420466226
426.14723442217945,0.07731424090959922,0.2138458503344905,0.3252707214067425,0.5369505688624826,0.5728464243122996,0.29285358285047564
425.8875068624759,0.07358288359524798,0.20060846721210007,0.33975040168341697,0.5096473754751328,0.5558825863028763,0.341462432708927
425.6277793027724,0.06955756180417842,0.23048346264188777,0.3674216045248234,0.4992118703704014,0.5780254896929339,0.26889233238722093
425.3680517430688,0.06231281064092138,0.23644790641114796,0.34360211603311597,0.5570729486846153,0.6062124055796477,0.323247820909966
425.1083241833653,0.07730476098650667,0.22166921133292342,0.33346422440512363,0.5217101815222813,0.5630047158459957,0.3330012378838284
424.84859662366176,0.0858535026762831,0.20155266643690753,0.3482734540838572,0.5168755245938261,0.5976641280622624,0.33847884743446355
424.5888690639582,0.06324621982231024,0.24763205119156984,0.362161369591754,0.5448858653534375,0.5600157432709056,0.30055718523227926
424.32914150425466,0.08633553190133225,0.2594622910245126,0.39139760731329654,0.542688535260668,0.5882539341118467,0.34531485975152726
424.0694139445511,0.09300373194710147,0.21021673608335753,0.3601293791781403,0.4994083671552313,0.5900585546696147,0.3212721521518206
423.8096863848476,0.06594242449216915,0.20386607441639049,0.346129106039884,0.49421266356949967,0.5684649632189578,0.33085740205356096
423.549958825144,0.07052779798068545,0.2332369565842222,0.3530938500459292,0.5307788105734195,0.572847080558286,0.38541765796790306
423.2902312654405,0.09579784994636857,0.24975838107783574,0.3684318874125751,0.547034229986145,0.5595995415530717,0.42834175237351213
423.030503705737,0.07606169818857919,0.1974894882075276,0.34958485206276874,0.5084476283425091,0.5465926113478835,0.39305538675464863
422.7707761460334,0.07233495032441724,0.21298729254124538,0.3398459811073859,0.5268831994241929,0.5835870193353699,0.3865975080219
422.5110485863299,0.06877340321355149,0.2391477259408489,0.39419394622932497,0.5523483844093073,0.5915807840235447,0.4498168691048652
422.25132102662633,0.05950373527247563,0.2470887209354103,0.3998359591488504,0.4932911249504443,0.6087207879271714,0.4816847474621031
421.99159346692284,0.08347987835772701,0.2189764226719356,0.3263559143825833,0.5345217031301552,0.5890948376004861,0.43843303084616025
421.73186590721923,0.09122139162800001,0.2040438625663029,0.3464584866856456,0.5476300661186927,0.5677665728850146,0.4796542203176362
421.47213834751574,0.05500459998337002,0.23444495032971108,0.3530082940978831,0.5140875974181498,0.5788715990515854,0.4644118013061367
421.2124107878122,0.05805406099648865,0.23821127003660808,0.3487751897383115,0.5146592843067253,0.5482769701332866,0.4647269380919562
420.95268322810864,0.08606092998492584,0.24267289759390612,0.35403971031245135,0.5227594096593994,0.5879159580848737,0.5064479754739024
420.6929556684051,0.07459820574822426,0.2552988192076716,0.36677626357500204,0.5582267662147109,0.5836546309536791,0.5278860742256423
420.43322810870154,0.07519932869950707,0.22513117766082583,0.3318931885968354,0.5063483840381595,0.5640104430841741,0.5123397840717376
420.17350054899805,0.0910312497402427,0.2341360812403944,0.3680331919699667,0.5172916690826767,0.5764497067239817,0.5111330895671878
419.91377298929444,0.05865178604751934,0.23346233834062974,0.36215157554909466,0.5339068983398982,0.5759608652138754,0.5574757348634215
419.65404542959095,0.07910677528908157,0.20168260041678002,0.3312873832355259,0.5373906842842877,0.5806118339109289,0.5425340827635001
419.3943178698874,0.08518354127992148,0.2410061687764517,0.39331276398476467,0.5200796774870853,0.5859390465778122,0.5118250812876544
419.13459031018385,0.0980967534456714,0.2307439774643844,0.3463105243848897,0.5044378381433033,0.5848580793808967,0.5461613938008869
418.8748627504803,0.07886694663162588,0.22570949051469283,0.35625169975276655,0.5161053165396726,0.5942610043750101,0.5229432240403871
418.61513519077675,0.059935723294289256,0.21909584355908393,0.38572995839871604,0.5482956055496055,0.5733042327464459,0.6088128946807524
418.3554076310732,0.08476941074250964,0.24720206202229933,0.35149851948318095,0.5000996634223349,0.5917208013104678,0.5472912501259316
418.09568007136966,0.0785934688274847,0.2786756870986842,0.35464852698824806,0.5122080374087772,0.6166215858149285,0.5590940750162038
417.83595251166616,0.08639662103892941,0.20679705214964406,0.3626122277069795,0.5045220564778402,0.5827332560525089,0.6086743638140681
417.5762249519626,0.07531921706338492,0.2435600497889103,0.3656988217993898,0.48837037937256,0.5927541851995501,0.5646246737966958
417.31649739225907,0.08249208554641613,0.23298439243052022,0.3321441064720971,0.541873910520244,0.6381635051976747,0.6213554947948788
417.0567698325555,0.08168685536402949,0.23713975560360123,0.356109120212972,0.5359626766490907,0.5893493542648526,0.5666553970952436
416.79704227285197,0.053988631912180604,0.2332449230019103,0.36947416285577994,0.5246785641881985,0.5645288542575654,0.5469405952465988
416.5373147131484,0.07540043568377207,0.20877841961736182,0.3536675545654064,0.5195936018017632,0.6160088820523804,0.6756996108277697
416.27758715344487,0.09984994236726025,0.23099969696479836,0.3742729030833304,0.5419632796857043,0.6286657291114719,0.5323674524390478
416.0178595937414,0.07449178729720435,0.20573403231340645,0.3542046921486381,0.5366060985649971,0.5642450047758252,0.5555560849508117
415.7581320340378,0.041906698470562,0.2396764147892986,0.3386758884007626,0.5170414593551785,0.617946572480941,0.6025185435087602
415.4984044743343,0.09366605308889515,0.24392090787653883,0.3849402092616374,0.5127474534377495,0.5867417875064216,0.601923564690894
415.23867691463073,0.06350161701207563,0.19222894293063172,0.40471478147283857,0.515964551684356,0.5813343964427324,0.6086495381945962
414.9789493549272,0.061518397942958714,0.21888506099152255,0.36544194843176414,0.5271969586347403,0.571368732146936,0.5701753888186026
414.71922179522363,0.07769308085129094,0.23126426385818705,0.36766589045268266,0.5187717366424601,0.6478995953181573,0.6157805129261039
414.4594942355201,0.0599065063473452,0.24495783905618546,0.3478146965677709,0.5407355307338669,0.5844754862252232,0.6206406233101643
414.1997666758166,0.07196824516721108,0.20666301367774237,0.34748650790896696,0.5086351615961008,0.5387183690084522,0.59298776240754
413.94003911611304,0.07864794796934148,0.20527930220409316,0.37919606249371296,0.5544376092262749,0.6193584983867512,0.644091805017165
413.6803115564095,0.08115368216152025,0.2327399424729381,0.37112646578134595,0.5699404245732411,0.5945936744156336,0.602235183891742
413.42058399670594,0.05963628615325013,0.24233182109979554,0.3528518753807293,0.5396623112161995,0.6122617451147283,0.6416716487590927
413.1608564370024,0.04983157817643041,0.2655860282148536,0.35816937777305236,0.5529443362969201,0.6179694945346875,0.6355246963031345
412.90112887729885,0.06072628867726756,0.2490791941815441,0.38681086411101423,0.5292782301121789,0.5857037481960752,0.652996504946037
412.6414013175953,0.09924618540585028,0.22699006645272937,0.3959600848419237,0.5378967387193919,0.5958892307354523,0.6620406999085288
412.3816737578918,0.06690699730535639,0.2561828120672952,0.3680200568283697,0.5598554536174796,0.5898389214605977,0.6356361948576974
412.12194619818825,0.04271635909300568,0.2305844646104935,0.3810413172031893,0.552676204752983,0.6143775471682779,0.6708650374511573
411.8622186384847,0.06365643438453215,0.2557693501163331,0.405285863776567,0.5634011705406861,0.6372690784217558,0.6635807973168635
411.60249107878116,0.06550925865520056,0.2480243966882585,0.35674254440703723,0.5598228047507687,0.5578314065422922,0.6515447227011669
411.3427635190776,0.0654114942071387,0.24559429703291533,0.36567717501038616,0.5307313225341512,0.6043903806232112,0.6870304625776374
411.08303595937406,0.07939836901716855,0.2503563884286441,0.34545634043734047,0.5278910095183641,0.6150444242457519,0.6855405325651085
410.8233083996705,0.07005740363353155,0.2559194079904685,0.4229871102182643,0.5360607950066337,0.6111819887621135,0.6746860975086486
410.563580839967,0.10767908301774222,0.2532820574040279,0.3836599493078769,0.5284860767743677,0.5658135333618752,0.7337879018376289
410.30385328026347,0.07425462223659224,0.24126507013112994,0.37372228417481057,0.5423586699689188,0.5967547844759359,0.661807250362664
410.0441257205599,0.07080259629061282,0.2172307619101544,0.37852331995250704,0.5294967753659605,0.5987562997061062,0.6497531674855606
409.78439816085637,0.08987968176390948,0.23212909788951444,0.35563069368880595,0.5404080871361736,0.6009134479768782,0.7460813235032258
