longueur,blanc 1,spectre 1,spectre 2,spectre 3,spectre 4,blanc 2
663.5294963737288,0.04321266196876396,0.057479641646941394,0.09614154658108715,0.1126758967562243,0.0825991632188577,0.04954134076023149
663.263076860743,0.04255125875562501,0.05820220249562764,0.09778931891651321,0.09695460674326178,0.09197489490211008,0.04085370835077997
662.9966573477574,0.03432969762091158,0.062022943331670195,0.09391943034955738,0.10697597505634561,0.09086873293996697,0.038761405385804214
662.7302378347716,0.03479164516844234,0.07021633664722737,0.08541818485304731,0.10647489308916197,0.09597882632616808,0.046787494558718175
662.463818321786,0.024771690954390618,0.0650604185374998,0.09187663615652061,0.08910279014772737,0.09628481504473498,0.03285519515434364
662.1973988088002,0.024579605871423958,0.05776596791244561,0.08565144306236253,0.09102898200870542,0.09323964575033503,0.03921128153964995
661.9309792958146,0.025094896466101725,0.053305593615665545,0.0741054604001795,0.08749265091945464,0.08013147641267976,0.04226041406477352
661.6645597828289,0.013006375038085055,0.06212494973297979,0.07226201720297751,0.10005547275777069,0.07633343560432737,0.0365744188603895
661.3981402698432,0.02084962474614451,0.06434439228137405,0.07012906857871695,0.09624568449188213,0.0736610416424416,0.040159820551313986
661.1317207568575,0.016512228508588637,0.06688747672702378,0.06739095716281292,0.1004534639615207,0.06371291156919909,0.03850470021741546
660.8653012438718,0.028623180490495986,0.0739344156894855,0.05293469054005539,0.0869899955852025,0.057543242896472675,0.041928559210550914
660.5988817308861,0.025287845889917924,0.07465789982204449,0.052152967085569824,0.09084090530484651,0.06383622638054991,0.03529701458644895
660.3324622179003,0.019529684475616364,0.06700873880147276,0.05955436825992624,0.09018461760248674,0.0752283313500907,0.028622732923839544
660.0660427049147,0.013985123650727875,0.06799990536227025,0.055752362019636,0.09637682361200021,0.07871882070720959,0.020610230860366233
659.799623191929,0.010366739437489092,0.07165325002833468,0.06076104586148437,0.08280543464422427,0.07316733123777772,0.01896320483506955
659.5332036789433,0.014252463780327209,0.05557523424057924,0.0582563280147386,0.0787693971296125,0.07252801830853524,0.010033175147837903
659.2667841659576,0.005439556904826004,0.05302982886818244,0.050149759731578245,0.07535007296656261,0.08064306368424934,0.007372316107493303
659.0003646529719,0.003570411875424395,0.053460408689436446,0.05040832275014931,0.0585115272777712,0.09331530397239757,0.004901234168652083
658.7339451399862,0.008173523727296548,0.038524938041759035,0.05365271182492531,0.059111799686642756,0.10481029441857544,0.00236993208856932
658.4675256270006,0.008306030197468655,0.028177695013049592,0.06033909262976181,0.06640130990483424,0.09643064330223063,0.008883577324276486
658.2011061140148,0.00673491986363492,0.0402645300305299,0.05868975461214445,0.06842427180248034,0.0988477881648132,0.00847439379199606
657.9346866010292,0.000793708285324026,0.03885768458308434,0.06336653638994946,0.06707315853551375,0.10174800603404312,0.013324775368848433
657.6682670880434,-0.0003124932065045156,0.0386774017407719,0.06570517556223325,0.07619096902032327,0.10398807114774221,0.016066343091530075
657.4018475750577,0.0036564034394537246,0.0520854121600855,0.06894488468447191,0.08828269265015942,0.09831457988393778,0.017671297571829683
657.135428062072,-0.007977761893189668,0.047919466865321135,0.07208262110970962,0.0925440228232137,0.09478907625796786,0.01356281889418355
656.8690085490863,-0.0003754188164722197,0.04174993868473989,0.07039184850049714,0.07677458226450955,0.08308678480600366,0.00771352156977817
656.6025890361007,0.005183824537060371,0.04083621125040996,0.06928171511300325,0.08128431288563312,0.07538622190792335,0.0025069503365601617
656.3361695231149,-0.001060226514978644,0.04982009694095879,0.05421358849896984,0.07785162455967208,0.06745942828471156,0.003977477619295745
656.0697500101293,-0.0025453339552439632,0.04830815681949691,0.0575381561956719,0.07286246741388082,0.07639639606629707,0.003535720889478114
655.8033304971435,0.0039651620229010105,0.0405990761159639,0.06595028291823885,0.07340745917525555,0.07872892521068871,0.0013903563592252933
655.5369109841579,0.0016875902577354106,0.03069077479743455,0.06015578258685179,0.0782199372168734,0.07408824101898392,-0.0015162185277336874
655.2704914711721,0.0059965067463703765,0.031973571120502434,0.05645458863097026,0.07316182994909205,0.08347566985908948,-0.006948433351599699
655.0040719581864,-0.0005779391370427306,0.03840055837437811,0.0631659867489364,0.08026120738990973,0.081126986317837,-0.00024666162704500914
654.7376524452008,0.011130804742654692,0.03702112560581018,0.06169239487402231,0.07569201980523733,0.07866124371955108,-0.004592849080412417
654.471232932215,0.01231464345625362,0.03915872074040173,0.04947963342721939,0.0770920213193576,0.08496263192607587,-0.0013557669351449712
654.2048134192294,0.010578548212606783,0.04076094349429943,0.04632484968867367,0.0831665744682286,0.08153523382856934,-0.005449360686194707
653.9383939062436,0.019074101898034348,0.041271848027415486,0.047233544336034126,0.07794834660438181,0.08484770619465042,0.0009274570679114242
653.671974393258,0.021251876178045737,0.030992253569526982,0.05031894379427814,0.07084438229885742,0.08009097347756242,-0.010198346443783037
653.4055548802722,0.015870934735842435,0.03466958219698776,0.05321292803761008,0.0757090943231673,0.0839644635251336,-0.013023273358085008
653.1391353672866,0.01087868830716762,0.03129171460370427,0.05410870465348821,0.07439886171496271,0.08522406619784238,-0.019273238093903928
652.8727158543008,0.014445612635542096,0.037151212870320104,0.054865867653301974,0.06776933094012436,0.08562810423873182,-0.00959722328498939
652.6062963413152,0.006612703847565788,0.03475392371420175,0.05972849765096301,0.05854608874581003,0.08143482244440109,-0.02036200537812118
652.3398768283295,0.0017016446587360253,0.03321933404662351,0.055986974711871626,0.05675855413244389,0.08249220236092719,-0.018285904697239924
652.0734573153437,0.0017332055009221736,0.03893357815714835,0.06076501358545344,0.06016075217462196,0.08134808683796539,-0.011915439439033764
651.8070378023581,-0.0015933660189437785,0.03127144172600158,0.061958367707938285,0.06098181527479135,0.08818901244777838,-0.010160358182825865
651.5406182893723,-0.006770577803105387,0.033550133176413026,0.0623547105554043,0.059168905845641294,0.07647697305177799,-0.0184953908073803
651.2741987763867,1.4180402944071826e-05,0.03535413257417306,0.06586057531550372,0.05892177222009614,0.07150614404332116,-0.015205741412306635
651.007779263401,-0.013670402596397985,0.031129873679528273,0.05921608237050685,0.06262522030805864,0.07134725019879545,-0.027472968345350162
650.7413597504153,-0.009083645796097195,0.027663448969034134,0.059343724661772214,0.06725563812949631,0.06341611564490288,-0.01661235128250336
650.4749402374296,-0.012107256809578854,0.020492180488843503,0.06660719936287524,0.06249000573402953,0.07542180309993192,-0.01747865625861288
650.2085207244439,-0.023706226520579677,0.016295119018608854,0.06162904686533891,0.07027784891237927,0.06712280880050274,-0.005467916462996113
649.9421012114582,-0.018336692498675422,0.022539779183691575,0.055789384675453774,0.06917033392422618,0.0678417711164117,-0.003100814126058675
649.6756816984725,-0.025746765992312955,0.013860363657198295,0.05508850250017765,0.060139472724734154,0.06865591982774637,-0.00800436768102908
649.4092621854868,-0.02557969185650305,0.024589166762843635,0.05228874187605049,0.0739811689148567,0.07175266927180399,-0.007599417432614495
649.142842672501,-0.025428459110863798,0.031023649356022243,0.04222063285536687,0.07818026087075769,0.081136541851905,0.001345123804331865
648.8764231595154,-0.02641780879852446,0.03510722355322575,0.04014871587116126,0.08051839726719093,0.0738606563993474,-0.0044901195901185745
648.6100036465297,-0.025268226028667063,0.03191289189177265,0.04108751357127719,0.08073340221075181,0.07244062387558384,-0.00685368260113809
648.343584133544,-0.03155761998917649,0.03239779557944903,0.033969925983094305,0.07248711284189385,0.06513695732277078,0.0031960321088386795
648.0771646205583,-0.03414951924319357,0.025656475166945407,0.036600601287474346,0.07044756571815065,0.06665158060361955,0.001849432925248642
647.8107451075726,-0.03764866444807042,0.02427575733137692,0.041420782079971644,0.07223968692051419,0.06196902721676187,0.0027769432126168165
647.5443255945869,-0.033272221920566045,0.021853749514889435,0.051729264958135415,0.08207137794987855,0.060603311527785184,-0.004918941735070404
647.2779060816013,-0.026293464245276725,0.030007462679015773,0.03563792882466457,0.08727929992030037,0.07489774241540456,-0.00481355891050799
647.0114865686155,-0.029368352434004583,0.02854746761863788,0.026558033238814182,0.09739542893565087,0.07581556176931986,-0.0036608227185576676
646.7450670556299,-0.029433826526099275,0.027332630804501986,0.027001295306539514,0.1070308535842225,0.08706859658550223,-0.011538247827539032
646.4786475426441,-0.030280199756877582,0.0354311600330022,0.03613238438912608,0.11811248834979221,0.07569235842768475,-0.021403468580651598
646.2122280296584,-0.017100350423802094,0.03518904881027483,0.025642127183475565,0.10669674324712757,0.07576992813260099,-0.0125786889661272
645.9458085166727,-0.0207710341980722,0.02723644586142519,0.026230834056583285,0.0991177007713264,0.08021182928207143,-0.026198651986613333
645.679389003687,-0.018677803207509357,0.034702325645227926,0.02803710234577265,0.1046406309822164,0.0801527537255693,-0.02411396406327686
645.4129694907014,-0.02093005046194503,0.031195469190087772,0.02640042551882137,0.10894284501621151,0.07834946773362504,-0.026189564838915932
645.1465499777156,-0.01854228988295823,0.0340951437976822,0.016692418222793794,0.11062698487680206,0.07355608132239869,-0.01926097959417624
644.88013046473,-0.012804765745489043,0.03285481524962195,0.029834887543093266,0.09349807752829377,0.07050808260547864,-0.019231451449711136
644.6137109517442,-0.015923860392019953,0.03780857314003513,0.024371201985282264,0.09845760354275629,0.07906440194184301,-0.014027077047116443
644.3472914387586,-0.01444230512815692,0.03301283455701537,0.029207316525169655,0.10621022296929775,0.07253551786903212,-0.012655528147049792
644.0808719257728,-0.013806761630265415,0.03039306108638858,0.020345779245987156,0.11195885174546553,0.07640671850088646,-0.010726421323314032
643.8144524127872,-0.0074022651176198495,0.032257280765084606,0.016490451060456726,0.1079395369542201,0.07217011406397103,-0.0034343427010052425
643.5480328998015,-0.0034056997606353363,0.03047194215252883,0.028815524601290436,0.11750229724827292,0.07815493540603918,-0.011869762371043487
643.2816133868157,0.0012090531357757523,0.03173982080692466,0.031110286354835183,0.10964429171437866,0.08509217985438958,-0.008888914323652007
643.0151938738301,-0.008035791236678138,0.03342026644166354,0.029920118410182207,0.11400685987188211,0.0929522328050592,-0.011039891935957662
642.7487743608443,0.0004008849863520186,0.03651219348982147,0.03929962152682364,0.11521478579402403,0.09187735034251625,-0.015107045067985983
642.4823548478587,0.00031650412418727597,0.037584275141581545,0.034396750425772143,0.1116584036310318,0.09807613249958404,-0.017057851365338696
642.2159353348729,0.004414493026532705,0.04050883971209497,0.0421899387068185,0.10467785283376849,0.10445560488205062,-0.019800409102725694
641.9495158218873,0.011805526263252722,0.04149586907349728,0.05460633235207131,0.10492513600762109,0.10272832937569068,-0.017143146703485306
641.6830963089016,0.010749473038833831,0.04797312577095646,0.05098056574778817,0.10534737145861095,0.11363823095395474,-0.019713207719034745
641.4166767959159,0.010494602911140282,0.04957573947736906,0.0572831804339418,0.09635107729783894,0.11810916048816325,-0.019640427473916037
641.1502572829302,0.017510316963062683,0.04896983448068151,0.06216241324742906,0.0976958443413981,0.12191553068164705,-0.017750354183036714
640.8838377699444,0.01646374706303512,0.05264599123922438,0.06483078809488464,0.09745933317019055,0.11544801145206342,-0.01332125026405401
640.6174182569588,0.01719186751367978,0.05305744427180623,0.074025418547252,0.10672125882799587,0.11652204614518605,-0.0143545464799142
640.350998743973,0.019326091707323044,0.04652209660976644,0.07605044443721097,0.10149929319223948,0.12619550435993987,-0.02608557544731249
640.0845792309874,0.018345172198037992,0.055271225562793944,0.07974369066883025,0.10641854841130798,0.12109483942841032,-0.02559373171672428
639.8181597180017,0.020222666846913567,0.059972199723645606,0.08057341189942417,0.10277468292201944,0.1341404362107215,-0.019168451921076794
639.551740205016,0.02341455257097392,0.05555353001631035,0.08610411859465698,0.09083851729035294,0.13471133537096702,-0.01356340769841512
639.2853206920303,0.02714697552976662,0.06237626276126703,0.08427863296860455,0.0921385814444965,0.1487035662430526,-0.014445139524222023
639.0189011790446,0.021615720292752594,0.06302495218900096,0.08379755911880869,0.08812801894712477,0.1474413531692811,-0.014629419522644438
638.7524816660589,0.02462542880769577,0.06661942622554896,0.08501208523893174,0.09856690221166707,0.1481619320925956,-0.023106722934132042
638.4860621530732,0.027474147574953804,0.07301110705257445,0.0858879905875375,0.10113391907002105,0.14903994974518656,-0.02777810416152548
638.2196426400875,0.022125896280490703,0.06447480462948098,0.07670300881584281,0.10433885406387504,0.15119713081245365,-0.03316883881652417
637.9532231271018,0.026298773995297835,0.0692027350591796,0.07985690652041086,0.09743410940442288,0.15019284892869056,-0.03299876959284315
637.6868036141161,0.019659298399218136,0.06520240104118741,0.07990236619492024,0.10475011446655053,0.14254145412454003,-0.034452908816588336
637.4203841011304,0.020697570694109903,0.0684139197348313,0.08172880323240446,0.0986392204566055,0.14331705150766327,-0.034421297160457796
637.1539645881447,0.019049407012567354,0.05472071387100798,0.08574638392900208,0.1006223354040475,0.14307911609260318,-0.036793744247523276
636.887545075159,0.01449394686152746,0.056590090938601095,0.09688250278022383,0.0984904041441945,0.1407543267010682,-0.029788924222671015
636.6211255621733,0.014140302934839621,0.05702909267879746,0.08739550651040202,0.10697705244109008,0.13680503854842332,-0.027458702559664573
636.3547060491876,0.013378595087906188,0.05388109030462559,0.09226561728238315,0.12017035922678046,0.13579675360080545,-0.022204744570672563
636.088286536202,0.00669999465277804,0.045389549123642,0.09374131932848746,0.12576224815588502,0.1334582294669009,-0.022646731401372872
635.8218670232162,0.0008820633520938696,0.042358923087152216,0.09948994453058994,0.1191536810635726,0.1353343270000584,-0.018296234151782963
635.5554475102306,-0.007317974299204012,0.041106119359078354,0.09266954517643813,0.12248332196833045,0.14491612648118724,-0.01929071982248176
635.2890279972448,-0.008402769985779443,0.04473714630549584,0.09602673837155107,0.11667801096331586,0.14443010593870317,-0.02302087877327172
635.0226084842591,-0.01170224722173099,0.05264235375710035,0.08993676099971219,0.11467285283483543,0.14174241011220895,-0.026934172373635656
634.7561889712734,-0.011422236694311343,0.04895849359503938,0.0870413115698649,0.10685549354661725,0.13786930348740994,-0.025633359751463403
634.4897694582877,-0.015928932664703813,0.04468377939159731,0.07588741609464213,0.11251781491683076,0.1462627454713034,-0.027367503343504573
634.2233499453021,-0.008106217316316897,0.04940652649959142,0.07323957577554678,0.11728059026557917,0.1401560741678455,-0.025031158301208823
633.9569304323163,-0.008010841566826939,0.05133362640431448,0.0705105291018132,0.11345809493796687,0.1395558355731463,-0.02565636501110928
633.6905109193307,-0.00728315600633371,0.05668353944917931,0.06686080795605423,0.10946609392203618,0.14132646896854176,-0.027411688286106434
633.4240914063449,-0.01570244114702124,0.06118482230918921,0.06855640391547638,0.10046027970413429,0.14521511792770767,-0.02847374984353079
633.1576718933593,-0.016368818031538477,0.06562845757571743,0.0713535321293914,0.09954420166337716,0.14168068817570625,-0.03310656952070328
632.8912523803735,-0.019610770812018802,0.0564545058926734,0.07108791345116833,0.0974462881431125,0.1449311547428285,-0.028020582552040995
632.6248328673878,-0.016007076058543197,0.06668629354638991,0.06975823262236802,0.09891232977005446,0.1470010323550327,-0.02417456535038278
632.3584133544022,-0.010555751638103314,0.06698958228448872,0.06579423623754416,0.1038524040544355,0.1374882191253786,-0.02309857668181093
632.0919938414164,-0.011287401644318585,0.06721339999485243,0.07118147611591154,0.10113121619069693,0.1449451856101614,-0.017823693545636735
631.8255743284308,-0.012265407489811439,0.06193255492840081,0.06798027805927022,0.11196685373378991,0.14795400165292077,-0.017808250817092756
631.559154815445,-0.010613278780109356,0.06739354353438454,0.07163674198573074,0.1017330281651481,0.14232462873332005,-0.015190662896033377
631.2927353024594,-0.01278748071183737,0.06951532936225698,0.0606769901807421,0.1084403079155853,0.13809523703850962,-0.014593560110189283
631.0263157894736,-0.009474746674230634,0.06789076558902117,0.06600638504429504,0.11198504939806789,0.1367094700261141,-0.00788388249753234
630.759896276488,-0.012150999011459824,0.06044400523383769,0.06534659302328705,0.10414734455487104,0.14220635250173352,-0.006071848780386744
630.4934767635023,-0.0073539776468295225,0.0627687761460518,0.06836227808115115,0.10512613133751728,0.14511581613969515,-0.007624929905554447
630.2270572505166,-0.01234146809721695,0.06017121826384705,0.06824557573389235,0.10987773175212338,0.1431054254033604,-0.008172345185075548
629.9606377375309,-0.00937929457868135,0.06376774308637889,0.06591960509840326,0.11633997330080606,0.14417160269338172,-0.007089770053940907
629.6942182245452,-0.005426116949070033,0.060974741406943804,0.07165029270081315,0.12274966339522296,0.14713537254066125,-0.00900803803541837
629.4277987115595,-0.008433881594369827,0.061225711050283675,0.06863878596601927,0.11689830636783688,0.15149053193394474,-0.0076269438292788875
629.1613791985737,-0.010929230045192969,0.05751790484439004,0.06632814917561626,0.1171674301367677,0.1473066683714377,-0.005319292416118937
628.8949596855881,-0.009961767355416871,0.052393448364679504,0.06711430132219924,0.12726227031678283,0.14960071575115075,-0.0021709626670077258
628.6285401726024,-0.009453942048573876,0.04638929280662364,0.06878740574510482,0.12153278771747851,0.15414772533260096,-0.003737520500446096
628.3621206596167,-0.009349865658031907,0.048031640846837975,0.06963319894797838,0.12823177771816371,0.14557359169955708,0.001998664564451233
628.095701146631,-0.007000522325153306,0.0427231430539346,0.07010562209475171,0.124776888860368,0.15371586036495422,0.006412259711882048
627.8292816336453,-0.006847294944247647,0.03816888674880441,0.07361189527487601,0.1261325341158956,0.1558755244206684,0.009631391609869693
627.5628621206596,-0.000342462498077054,0.03475383205026706,0.07148718531935162,0.12629093199873404,0.15761057075544072,0.01313185340575332
627.296442607674,0.0010702017924136044,0.039792257271998956,0.07714677204108494,0.12953519833375146,0.16074164897030407,0.013938944052177965
627.0300230946882,0.0015223401825759932,0.03170266298597435,0.08748722824966439,0.13373739519547065,0.16013630228288356,0.015385429454389529
626.7636035817025,0.00674485135542757,0.03470565932372728,0.09507294576911318,0.1274643457290032,0.16693062983847196,0.016400994166540752
626.4971840687168,0.009289148960805634,0.037184590557228586,0.09306201387593326,0.12863762675748572,0.16994817217495867,0.01348677721178508
626.2307645557311,0.0086790391840112,0.03574886000255372,0.1001047768387143,0.13091286283714715,0.1665409743029714,0.014574630692322276
625.9643450427454,0.008258097897233606,0.0360866437943024,0.10264484920658057,0.12963510581148197,0.16686630719865161,0.017829437498681537
625.6979255297597,0.01016903326811749,0.03889707300055628,0.1112880298327662,0.1272763248781414,0.1633960199418904,0.01637368532225163
625.431506016774,0.01615279345707257,0.04100375571171213,0.1136657708106868,0.12797520160717782,0.1658236057363355,0.02043793794602496
625.1650865037883,0.017288611735190158,0.04574685072921811,0.10782103127787038,0.12738661376973026,0.16619711296330972,0.018056600427845113
624.8986669908027,0.019684619963744977,0.04741305171553581,0.11061881127889202,0.12994464509096276,0.16843867874613344,0.023011170905773454
624.6322474778169,0.024135609339027028,0.04554603312529285,0.10549720929850769,0.1293068209190714,0.17057997072879771,0.024216823721592107
624.3658279648313,0.025392078830685633,0.04968429595639848,0.10678537104839483,0.12837702703091225,0.16798897770206486,0.026433811256966682
624.0994084518455,0.02602598731323776,0.04478079661778994,0.11241466188969863,0.1345714781960294,0.17873763039045495,0.027279579624793125
623.8329889388598,0.028378970203788857,0.0470996258543317,0.10666834379116266,0.1327090675843634,0.1749500551817162,0.029010065550666177
623.5665694258741,0.022236894844773033,0.044360228991526,0.10546057987830179,0.13202447925384386,0.18193627308941704,0.03273970006088027
623.3001499128884,0.028153047789266458,0.04628057682632604,0.10542208381257007,0.12992278012842848,0.18817138225272032,0.03484992840411283
623.0337303999028,0.026227857918826637,0.04765008308789973,0.11108526283486887,0.13052654967060015,0.18626562503843402,0.040083267900195174
622.767310886917,0.025410178118554304,0.04503500618966118,0.10923965499290919,0.13646925071204793,0.18694112307573849,0.045367233803009575
622.5008913739314,0.026827187874169253,0.0472281435173166,0.11417187854967988,0.13904178369439976,0.18608603103071095,0.051965462155237
622.2344718609456,0.02463078826963388,0.04469084025475579,0.10803705653925288,0.14001215345854442,0.18689968117330083,0.05443701209614313
621.96805234796,0.021413962175686457,0.044051113237986675,0.11516851813573709,0.14813881881900987,0.1843999767642402,0.06043474082913895
621.7016328349742,0.02459401933613925,0.04443792264422454,0.11511639713627853,0.15366163054826826,0.18888155194311776,0.05686398577235621
621.4352133219886,0.028235506469474675,0.04574284131858992,0.11489684764932288,0.15976053869705373,0.19009664185029979,0.06304568488687338
621.1687938090029,0.02783259587280037,0.04576782192675954,0.11531111293841825,0.16118911690067383,0.19144760141404407,0.065586079931765
620.9023742960171,0.03143185503219394,0.05389403475388526,0.11673749273274736,0.1603365484160902,0.19105770374382322,0.06378521843906372
620.6359547830315,0.03242254788311482,0.05120699578120076,0.12113233649233172,0.1596175626527261,0.19049408222223416,0.06474557213912141
620.3695352700457,0.039649371392136715,0.05698633866860638,0.12076618409166742,0.16149323501304438,0.19040239061094022,0.06755280070197762
620.1031157570601,0.04420157756315204,0.0582158305601354,0.12207692843078397,0.16097099164808434,0.1898302947659439,0.0669072045192037
619.8366962440743,0.047347456863685355,0.05661805145012392,0.12220332179399232,0.15710364834142515,0.19168360094005385,0.06889306258917637
619.5702767310887,0.051555410772599494,0.0594877939316364,0.12380896776475912,0.1530761784924673,0.18409869157993547,0.06831065815210771
619.303857218103,0.05781575629990228,0.05879855396467595,0.1249550013366751,0.15182503638276457,0.1803234115803412,0.06901549912139145
619.0374377051173,0.06326057756482104,0.0574288037105248,0.1263615380134338,0.15318467254884702,0.18161129326840536,0.0697496138791087
618.7710181921316,0.06495403046958015,0.05797990191811315,0.12837236396645263,0.1553872206620947,0.1879401161773214,0.07333764198022896
618.5045986791458,0.06704767430348267,0.05950489013355926,0.12771795619287674,0.15467232243764528,0.18585456881046622,0.07420817631071132
618.2381791661602,0.06596414574504839,0.0553620732232511,0.13078991327975922,0.1606469833640497,0.19411596636483758,0.07731179916015049
617.9717596531744,0.06967542712302074,0.05479131666582348,0.1338396499505878,0.16025167204957166,0.19159949841042878,0.08141562520217682
617.7053401401888,0.07204749773977853,0.05651730434164538,0.13259832396268106,0.16287845333812123,0.1925031512468747,0.08397718324402545
617.4389206272031,0.06700466244300232,0.06101173058615047,0.1337663451925627,0.16270219227317395,0.1970537139508845,0.08200724946431853
617.1725011142174,0.06779255962828723,0.0583495603575562,0.13576373037292588,0.16550897412032306,0.1940551529513763,0.08707712930886596
616.9060816012317,0.0671026389706894,0.061544876638736645,0.13803619080894639,0.16722370814172624,0.19271485115693754,0.08555247859912683
616.639662088246,0.07035949154089108,0.06288274208671873,0.13413619551615974,0.172121545616081,0.19478912363624748,0.090607803349305
616.3732425752603,0.06923970744099436,0.06801315974351467,0.1397497435056286,0.16914059918397545,0.19361427872435233,0.09385172851030653
616.1068230622747,0.07482954426287582,0.07264461159846707,0.1377922556383919,0.17132907875089853,0.1932097826121476,0.09323643993608566
615.8404035492889,0.07556264105122983,0.07406964196010889,0.1415389289027271,0.1699254032739357,0.19263601063472868,0.09634555091953331
615.5739840363033,0.07863349517167471,0.07534513683119103,0.1418310666919107,0.17516883147710519,0.19449524258863055,0.09842681300275102
615.3075645233175,0.0775592883659739,0.07553487940594622,0.1443803726869271,0.17572501430452203,0.19297735043726935,0.10413551406898669
615.0411450103318,0.08148081985586576,0.08046652647039788,0.15079051080935418,0.18020722879631762,0.19662277012180815,0.10970417063293561
614.7747254973461,0.08250594357196253,0.08293318444094504,0.1550498159557535,0.18385479540137897,0.20284048236599728,0.11041485136423103
614.5083059843604,0.08268036567693525,0.08194648425295759,0.1577276274591818,0.18748977075175896,0.2012631370480203,0.10833149622318664
614.2418864713748,0.08600267862284915,0.08248985557704407,0.15696638498198157,0.189115495087408,0.20538687368821612,0.10593951294355142
613.975466958389,0.08908893698188633,0.08393636561218198,0.16486861272976755,0.19843295582777834,0.21052761840174797,0.10597315825401099
613.7090474454034,0.09049803224589711,0.0852126903891768,0.16732284057548588,0.20512981505256514,0.21350078367665504,0.1005659401802464
613.4426279324176,0.09314265033992838,0.08278878448243847,0.17175367591117857,0.20920100919218904,0.21640772871206518,0.09791735040036284
613.176208419432,0.09548415518355796,0.08184252625467335,0.17682873653154021,0.20599940910077993,0.22353370777979378,0.09863659382430368
612.9097889064462,0.09728945755510815,0.08368744824530001,0.18201223940588213,0.21051729283737286,0.2250423270339976,0.09590336735891214
612.6433693934605,0.09780827854133922,0.08750998847716131,0.18515276544775375,0.20993169810870582,0.22303068102585796,0.09497900691457403
612.3769498804749,0.09747306261831001,0.08917297783555048,0.18892432991736435,0.21377254487582398,0.22516997691817836,0.0900503699074807
612.1105303674891,0.09411894642489346,0.0852513681287026,0.19153120172227686,0.21481158150956778,0.22524547144683035,0.09164033639415117
611.8441108545035,0.09355875747838051,0.08751822573621877,0.191551942838788,0.2185186020211769,0.225123815795989,0.0933388936798939
611.5776913415177,0.09233328813737186,0.09151654474068738,0.19029985197273355,0.2166875191102001,0.22248484662931975,0.09458170377907892
611.3112718285321,0.09512987017432896,0.08953652857919599,0.19180494492833786,0.22331569236251836,0.22632845000736504,0.09534661526136816
611.0448523155463,0.09340828603829258,0.09358858152375264,0.19345111998801173,0.2233573655124601,0.22637877255642502,0.09132214437765829
610.7784328025607,0.09148366069073703,0.09511801491884106,0.1859167138432666,0.22640258814216815,0.22944422148639626,0.08930637568753252
610.512013289575,0.09007073710875556,0.09742339730023447,0.18697187188044784,0.22841934451992832,0.22665904919191185,0.09008971221769004
610.2455937765892,0.09165200659724569,0.10137109549078123,0.18628567116171418,0.2309645423227055,0.22648868480134626,0.09013879482128635
609.9791742636036,0.0878957551990939,0.10217637545136496,0.18273767728846,0.22664129491396898,0.22776514615783514,0.0905178790333942
609.7127547506178,0.08396836150661406,0.10267883819698043,0.1847003124132724,0.23253172827330287,0.2307248140111401,0.09181457369474547
609.4463352376322,0.08160477372277793,0.10490550711915148,0.18093872114229645,0.22922621717365885,0.2284595400026847,0.09559345709557321
609.1799157246464,0.07475184807337439,0.1076648485865861,0.17726908627278495,0.2237538027274235,0.23109502703320609,0.09517168436547749
608.9134962116608,0.07423450287094718,0.1057560636458785,0.17258979914843098,0.22425543328458053,0.23037712908618496,0.09414601695222201
608.647076698675,0.07258659737163022,0.11034009721950645,0.1707627485815296,0.2242575508278274,0.2364517478701287,0.09552046068929247
608.3806571856894,0.07153116156173434,0.10814350402151904,0.17118030254940667,0.22115714222942162,0.2395087971168971,0.09504912948469876
608.1142376727037,0.0726984707084925,0.10680643676099748,0.16587685355209214,0.21849149980419683,0.2359044577708781,0.0952034373903219
607.847818159718,0.07109008204272253,0.10765443287921328,0.1626408010912309,0.21583198707825324,0.2316009709513304,0.094968015863845
607.5813986467323,0.07136593347624294,0.10991827826806794,0.1603750138143307,0.20876748804854725,0.22957625673239368,0.09264342181976262
607.3149791337466,0.07225538529815444,0.11087100741727068,0.15682376269864415,0.20972466704533632,0.22633002358894816,0.09265821840741452
607.0485596207609,0.07140570225408648,0.11327942184071446,0.15756149160154106,0.21002680609951727,0.226678921857152,0.09328746599841896
606.7821401077751,0.07036594250165792,0.1085496688409051,0.1570823299529114,0.20879324169617516,0.2250023121322887,0.09108371931834441
606.5157205947895,0.0716394342763647,0.10725945050426944,0.16069686635883668,0.20744176276067355,0.22610202872587817,0.09443519456234967
606.2493010818038,0.07155995486744424,0.10993249292562995,0.16115867390514854,0.20665379544980364,0.22238739810086564,0.09283519646699291
605.9828815688181,0.07142285407127509,0.10962929227013356,0.16214473971960713,0.20482673387421094,0.2191140108967519,0.09351093145652954
605.7164620558324,0.07077023118251088,0.10887675100241101,0.1620079821940656,0.2052945144972885,0.21937258117663802,0.0937477866165651
605.4500425428467,0.07373832280880377,0.11353496920055484,0.1706835640913185,0.20633328227546036,0.21519841390999422,0.09266278274452276
605.183623029861,0.0748008811303482,0.11079253169743353,0.17531819510284097,0.2062678332924753,0.21593143844255505,0.09126733167412833
604.9172035168754,0.07406149458072203,0.11060785396648924,0.1793578267507081,0.20661959663438592,0.21523438897647607,0.0922660510140732
604.6507840038896,0.07196456686127983,0.1105619797871389,0.1831174980420639,0.20535766754119625,0.215186454453732,0.09125887879235692
604.3843644909039,0.07366617482101695,0.11213089321986283,0.1842394447852889,0.2050958734523649,0.21251510352112138,0.09130776989014788
604.1179449779182,0.07261001180110133,0.11016480562941565,0.18033930866458983,0.2034264564861017,0.20993429521225082,0.08872170534916997
603.8515254649325,0.07287329354318514,0.10995020990792116,0.17505245466915947,0.2043401273995635,0.2081276572944396,0.08989732828581336
603.5851059519468,0.07135769169690157,0.11364038974895793,0.17240446835855155,0.19893421107883166,0.20757667466127067,0.08766285381645576
603.3186864389611,0.07389513396144473,0.11422610619353257,0.1671334760110529,0.1976500608644125,0.19956407578890292,0.08811449699798118
603.0522669259755,0.07682081610423569,0.1148345109575321,0.16338635329862466,0.1966584041009066,0.1977786023911965,0.08937089318020659
602.7858474129897,0.0762649526346533,0.11557211260813917,0.1587729929072823,0.19559194563276147,0.19275863250376288,0.08921767837270808
602.5194279000041,0.0780779182401465,0.11665154836312648,0.1532844284566252,0.19304265961071496,0.18968686650127076,0.09044423178810236
602.2530083870183,0.08065539238587471,0.11835688016305175,0.1502029778063507,0.19014993326189458,0.18546451131106848,0.08985617917717259
601.9865888740327,0.08168544931189684,0.1191222246865126,0.14900934349696499,0.18913033064344043,0.18020703916154604,0.08996523349417913
601.7201693610469,0.08106167810181264,0.11909066582535267,0.1473732474236523,0.1844925317777623,0.1769219973257083,0.08731066712756334
601.4537498480612,0.07979625342810806,0.11698638733022253,0.14346145898839208,0.18467631715199354,0.1773595425051806,0.0891628763938411
601.1873303350756,0.07774657252140632,0.11486277945168533,0.14123185804902139,0.17837019522884323,0.17167309639230935,0.08726132067653743
600.9209108220898,0.07632772115503753,0.115111038246928,0.14101310528293373,0.17112395163091076,0.16893255768099105,0.08665589805189546
600.6544913091042,0.07603917150457211,0.11228348949264963,0.14031890082633286,0.17026605215143395,0.16946707734779146,0.08704656310205364
600.3880717961184,0.07436062854390907,0.11052078318763912,0.14141746824590856,0.16623046152520085,0.1684104814577652,0.08588757033976831
600.1216522831328,0.07292254224498462,0.10775904486757708,0.14087707754296908,0.1612020172056055,0.16545804690261567,0.08624585218442264
599.855232770147,0.07212725829348758,0.10584622041732461,0.14059689959954788,0.16153720922968623,0.16370802641321805,0.08373517686713998
599.5888132571614,0.07101856921612239,0.10547535129997951,0.13936737113811257,0.16102234520572314,0.16301970057166038,0.08272819505247735
599.3223937441757,0.07163779732825971,0.10350176778385824,0.14061913102778573,0.15890047864374307,0.16183607672009315,0.08125404588746488
599.05597423119,0.07021471612198707,0.10258551746918397,0.13657850259575252,0.15988171219869857,0.15862696484813768,0.07612491520141386
598.7895547182043,0.06895541039580132,0.10229708663695448,0.13728463678836317,0.16127611504256448,0.15711100754816412,0.07271293139465872
598.5231352052185,0.06885875349501315,0.0994925133148394,0.13629414519221308,0.1587422632813018,0.15606710408029678,0.07081066603231528
598.2567156922329,0.06687268970688419,0.09888674246899608,0.13328625688420134,0.15788769682779452,0.15297915531711737,0.06773172067354317
597.9902961792471,0.06801309353765624,0.09747197181581832,0.13207554843238756,0.15651770841390095,0.15066305677819014,0.06438185776243988
597.7238766662615,0.06755780898952063,0.093133137066323,0.12933758759926034,0.1552338972284984,0.15085391844263496,0.06422653934425537
597.4574571532758,0.06568433307293302,0.08689791678608037,0.131782133339962,0.15269688640762738,0.1511810507600508,0.06327432873076963
597.1910376402901,0.06548528252207132,0.0849858996478443,0.12653269546391666,0.150569228250459,0.14944936868672887,0.06432258069756484
596.9246181273044,0.06674876445103714,0.0838148022300984,0.12461462344315916,0.1479287014457088,0.146580671429427,0.06211003313852341
596.6581986143187,0.06536105034128001,0.081040123202575,0.12210039204249148,0.14467977167173143,0.14565796290676108,0.06106486697741476
596.391779101333,0.06526353563488838,0.07897936502595461,0.12150046336635718,0.14369634293341546,0.14461100142322034,0.06171808905397561
596.1253595883472,0.06268557424719201,0.0775806332470165,0.11987223365008036,0.13909936917349755,0.14153747810005796,0.06073674142543178
595.8589400753616,0.05982559753747518,0.07781738212863984,0.11705128994087995,0.1390769747610975,0.13930181232407005,0.060894415843982745
595.5925205623759,0.059076665947559656,0.07878024109273368,0.11530532085405043,0.13498177855531998,0.1373206902294531,0.060816021118620694
595.3261010493902,0.058000792767614225,0.078128652840395,0.11364013337468162,0.13590336361320607,0.1337542367872858,0.06229274796504983
595.0596815364045,0.05822149656418811,0.07965627478524707,0.11241366635260974,0.13341740398434038,0.13340685943058947,0.05764783246391426
594.7932620234188,0.05666553958604442,0.07841902828176968,0.11480397802170783,0.13353241333619661,0.13017201158206512,0.057420319273674254
594.5268425104331,0.05731507756708294,0.07827091214358375,0.11253687703186548,0.1330599522871336,0.1296064615178248,0.05810173339194851
594.2604229974474,0.054448661619631564,0.07948410212734917,0.11142516961154879,0.1322839105205429,0.1260645297465737,0.05878940662054704
593.9940034844617,0.05573765984026331,0.07840870023621344,0.11045948350326147,0.13221718729746332,0.12432963357964048,0.05585051059527277
593.7275839714761,0.05078446374340772,0.07755845478644995,0.11138262458408658,0.128539474525782,0.124556482297738,0.055638173137792395
593.4611644584903,0.04936709834113862,0.07535734678972808,0.10701281459141945,0.1270480574062049,0.12066086129556225,0.058604863337706974
593.1947449455047,0.04893640542846326,0.07365606478018917,0.108631212696985,0.12441047826891395,0.1189326277201147,0.05922843069053845
592.9283254325189,0.047275050023828105,0.07262375574549551,0.1079386475188026,0.12194005081893756,0.11589910834587638,0.05673977251669059
592.6619059195332,0.04380319758414952,0.07168221098531691,0.1054252423689926,0.11993099400182758,0.1142461660703538,0.05751656863225872
592.3954864065475,0.045844841685982796,0.06974708405144442,0.10306077281493148,0.11813720274937375,0.11466920402928146,0.05416352930161419
592.1290668935618,0.04398652561172614,0.06946036620205644,0.10241561118610872,0.11494242299104866,0.11476682135931743,0.05637549509207567
591.8626473805762,0.0431880697484465,0.06711844216822069,0.09818267116139259,0.11296627794067973,0.11363318099333032,0.054974081197185
591.5962278675904,0.04444845179970201,0.06646364498159825,0.09653585999764312,0.11053138868018483,0.11392740443213518,0.05339333518855398
591.3298083546048,0.04335439927597151,0.06530005789325496,0.09633109899602252,0.10865087154911016,0.11248691256084167,0.05206790451510049
591.063388841619,0.04391210718426362,0.06500102635683702,0.09398510336687671,0.10491639954650661,0.11258109380300223,0.051427032130207266
590.7969693286334,0.042128510300324586,0.06244874922208772,0.09115257964691988,0.10389980576648905,0.11070899420507,0.05121821399422601
590.5305498156476,0.04348810245419846,0.06257145265490364,0.09103799027027906,0.09986893939166185,0.10983970250165914,0.05090445218789245
590.2641303026619,0.042681980022080526,0.06119389316405408,0.09152996009976753,0.09823368650880372,0.10659539522916554,0.04922234116436665
589.9977107896763,0.044416538724239056,0.05903110765606361,0.08903794755463312,0.0956589551428404,0.10489035299091069,0.047656946546882475
589.7312912766905,0.04175272086499491,0.059333118837551005,0.08759834734006373,0.09327547511957385,0.10365810778447213,0.04941838540116846
589.4648717637049,0.0420531225650882,0.058240247832295686,0.08843765747765417,0.09381000741297413,0.10278264440151468,0.048918010044690555
589.1984522507191,0.040522042690071966,0.05607383518687574,0.08728215393605068,0.0948216631637669,0.10339796130218509,0.04917392442464682
588.9320327377335,0.0410949738605525,0.05369096037483462,0.08355544254816741,0.09017024811070035,0.10383568221062948,0.048124532242335656
588.6656132247477,0.04100726204081627,0.05376263147486634,0.0846705867889377,0.09285353703223985,0.10046149167193072,0.047260704943387785
588.3991937117621,0.04081356706957284,0.05349891359089415,0.08444160224999331,0.09239576863161908,0.10049356149605349,0.04682600157508219
588.1327741987764,0.04185625578624325,0.052671538910749556,0.08187171476959847,0.0934148012505016,0.10217862316079886,0.04608995772160684
587.8663546857906,0.040654208642168496,0.05226646413507712,0.08155604881225234,0.09395746456485671,0.09847750977633679,0.04738589724178153
587.599935172805,0.03979727116847683,0.05002570688123141,0.08200612468532997,0.0934362062591081,0.09865142697180374,0.04616361449892157
587.3335156598193,0.04090588392447907,0.052618957420694154,0.08086268612471921,0.09315303735723754,0.09902849663127987,0.0439368919020998
587.0670961468336,0.039947041228131704,0.051966275067110365,0.08250925587496397,0.09635497295060327,0.10003922680070962,0.04237946570676818
586.8006766338478,0.039950893370720164,0.053479957218352595,0.07839547395448801,0.09497545234770308,0.09832346180723743,0.041001169552508446
586.5342571208622,0.040001343337784406,0.05109425933727267,0.07871150252944438,0.09355670710589112,0.09970172459825857,0.04180068115739765
586.2678376078765,0.03927033709505106,0.05128205569105935,0.07905053145617598,0.09400192662551128,0.09858452370464336,0.04027898764832502
586.0014180948908,0.03872560531486951,0.05281488865665221,0.07818486406693251,0.09254826175277792,0.10010619253986439,0.040947853571532675
585.7349985819051,0.037192086649631945,0.05121221265437141,0.07533646341056575,0.08915464457240738,0.10021069982735073,0.039024198349017235
585.4685790689194,0.037728281233492325,0.052199767673992835,0.07500631766956997,0.0927569272370446,0.09886605408647015,0.03965610315412781
585.2021595559337,0.036640394084982604,0.051059249251875216,0.07463216890314572,0.09150922063978344,0.09924405306928545,0.040378785218987585
584.935740042948,0.03780229704208289,0.05092261298439534,0.07381242428768948,0.08708062632976954,0.09927543905750166,0.04220106263836409
584.6693205299623,0.03598887811144064,0.05107561591143077,0.07295784042846694,0.0875880747331575,0.09983765779933793,0.04177602216356817
584.4029010169766,0.03700340233725366,0.054684819538139695,0.07466438923011338,0.08689133275700674,0.09817074785964139,0.04311922310678298
584.1364815039909,0.03616878268147069,0.054752678125779386,0.07254822369620902,0.08731905190579795,0.09628466823726385,0.04465894162139347
583.8700619910052,0.036201928421061895,0.05506542085046448,0.0744143893172607,0.08611954884364499,0.09704441237368347,0.0434296685464562
583.6036424780195,0.03744272018456141,0.05330403964048124,0.07465768372887098,0.0864869044816094,0.0989152884942953,0.04273371832357142
583.3372229650338,0.03559894479543928,0.0532150468536732,0.0740273137428245,0.08662061430774112,0.09876751945331629,0.04400397642931112
583.0708034520482,0.03577452090026733,0.05147206469057971,0.07472860387589911,0.08723298029328265,0.09809154492897318,0.042030328394109966
582.8043839390624,0.03671272663539382,0.0514251165903054,0.07306123805709383,0.08764727364329587,0.0985567532893602,0.042620121550534004
582.5379644260768,0.03468666071534994,0.05031788412212802,0.0731569003470227,0.08854558401927465,0.09711455391555306,0.04214651185699876
582.271544913091,0.0338512177314812,0.051833951382237585,0.07359432539199222,0.08872121591234874,0.09889859206656092,0.04389136778359461
582.0051254001053,0.03403746961342884,0.04984223271226836,0.07304398482893668,0.08817310840440147,0.09821450971101782,0.04483656860830144
581.7387058871196,0.03317227050642841,0.04928076812107748,0.07126233986075069,0.08804805620095867,0.0958698239649254,0.045324312481866406
581.4722863741339,0.03432438833092133,0.050041120946032434,0.07215032531738688,0.0883437155321761,0.0963336670552209,0.0450026481530132
581.2058668611483,0.03614154342276071,0.04835647765737721,0.07152565559498802,0.08725086626606864,0.09655353281085059,0.04539675852867096
580.9394473481625,0.03471472826044406,0.04861939597924181,0.07207504732589128,0.08821474385839147,0.09660751356138782,0.04519118417290718
580.6730278351769,0.03598745117023506,0.05037072637859297,0.0726686206789377,0.08702264265123809,0.0954140915314608,0.046809655285581356
580.4066083221911,0.03626461234205392,0.050351345240529075,0.07075644813499125,0.08748034359987382,0.0948005587156436,0.04710560308298828
580.1401888092055,0.03787662971869147,0.04686380994081449,0.070603171355615,0.08834999131963377,0.09768692642460967,0.0486747152582973
579.8737692962197,0.036919892231595766,0.047997297241581534,0.07163604237410158,0.09062992990705883,0.09575326227978628,0.04943518050337849
579.6073497832341,0.03842386437808062,0.047119270575741466,0.0697461147101126,0.09059397641587363,0.0972666274648313,0.0507920015726709
579.3409302702484,0.040386845524553315,0.04614602884547668,0.0700401765998756,0.09124655682905287,0.09789742962856715,0.0528562205315409
579.0745107572627,0.040714710582968536,0.045934599269438305,0.06805189513414356,0.09412908417294906,0.09873283284988052,0.05121072500600944
578.808091244277,0.044921651326783815,0.04611795346869266,0.07062410776077745,0.09442242446756917,0.10011483515626014,0.052514818640056485
578.5416717312912,0.043722086724490704,0.0489859873700146,0.07518568369518527,0.09800080997661424,0.10142550664587884,0.05357782370621673
578.2752522183056,0.04462985812390393,0.050879074035535245,0.07925528245231374,0.10192012185586789,0.10421216386913354,0.05400358686712771
578.0088327053198,0.04536389571462736,0.05300800670400403,0.08491378185110475,0.1039233275987238,0.10865935336584925,0.05607069081173214
577.7424131923342,0.05040071350499351,0.06307995959818802,0.08357246079041772,0.107918714205099,0.11606175672273508,0.05611801873917299
577.4759936793484,0.05225358896691344,0.06701799469578464,0.08665602638035169,0.11387515178557943,0.12247634048629351,0.05595425643480651
577.2095741663628,0.05867730362491923,0.06807269318615859,0.09245004772350625,0.11893815911650518,0.13341332414848062,0.0585556200525319
576.9431546533771,0.059305218643831224,0.06856643897560243,0.0943012946148189,0.12669520546350982,0.13780296631216313,0.05793408807510563
576.6767351403914,0.0584017762446346,0.06836513242985418,0.09476131565815095,0.13284045382589887,0.1463949427644634,0.06303947374894356
576.4103156274057,0.05795495285812514,0.06993903690402715,0.09922234285552697,0.13556451795250843,0.14672357913019307,0.06301004407693642
576.1438961144199,0.059534960261906085,0.07500901520432834,0.10299791239029196,0.14335438431992562,0.15204029189914794,0.06485493950020657
575.8774766014343,0.06096377332846792,0.07783441993649808,0.11096263189680713,0.14603750582160074,0.1601016073500512,0.06474227757794615
575.6110570884485,0.0600808907624409,0.08222030275283139,0.11650878293659653,0.15291646040423507,0.1628910125017856,0.06170286143076357
575.3446375754629,0.058108051392320156,0.08561728892888254,0.12308027213969196,0.15265621569185903,0.16496687374760077,0.06152155333928184
575.0782180624772,0.05757652269386663,0.09015852273640335,0.12593592522368618,0.15680688768329792,0.16691654850456636,0.060040160180135166
574.8117985494915,0.05360595601948069,0.09133255122318386,0.12854031207931343,0.15817444760945348,0.16997617989249414,0.059032516078132494
574.5453790365058,0.04883755939852538,0.0989342149881974,0.13021950773850222,0.1601289506289231,0.16867047966476573,0.057406318414345854
574.2789595235201,0.04209151746597328,0.09742156117438044,0.12851256341542938,0.15995300041846777,0.17189260356486022,0.056892187708916395
574.0125400105344,0.03658267369756599,0.10032849454669265,0.13009909629622107,0.157095875232123,0.16733941376373487,0.052804279052172685
573.7461204975486,0.032431743381034175,0.095888032200568,0.12770565790875205,0.15583739029999066,0.16879540618378946,0.04812730435045021
573.479700984563,0.025467518735688886,0.09332703410233151,0.1254888684187425,0.1536432555352949,0.16881805219053767,0.041888947304384576
573.2132814715774,0.02120198470885102,0.09017172709730717,0.12390482615525164,0.15261815284381125,0.17040480095780847,0.035908418909396125
572.9468619585916,0.017124755606029204,0.08822530014764282,0.1211312511237064,0.15129392951587783,0.1701385034205954,0.03172258441708716
572.6804424456059,0.015218088802385924,0.08775366770640916,0.11892226532794077,0.15183324985259322,0.17306211821462283,0.024706698165172902
572.4140229326202,0.005493702617551192,0.08715240209481118,0.11605911920167428,0.1479535156559233,0.1766787799637315,0.01542537332050421
572.1476034196345,-0.00029384522680673674,0.08296345118340935,0.11361038566304074,0.14508981551112754,0.1743933993584906,0.01094672844231469
571.8811839066489,-0.0033729593086922202,0.07778176199733666,0.11021759437771225,0.1425582082675845,0.17120096777398533,0.006904822814876809
571.6147643936631,-0.0077598805216444085,0.07362856694746903,0.10886439489465538,0.1414054320131178,0.1690976933750266,0.0004726506425307785
571.3483448806775,-0.012721945507840044,0.07095095454175361,0.10499677906514567,0.14160260209414113,0.17011230384434045,-0.0035148444785313908
571.0819253676917,-0.014584509825648215,0.06647527933387315,0.10295829697682864,0.13519358120822964,0.16828143448102212,-0.0058848521806551595
570.8155058547061,-0.018359029167960797,0.06411882264391637,0.1005815148801715,0.1332157197349202,0.1680441116359798,-0.01367160285127338
570.5490863417203,-0.01951431901337364,0.062001347844974235,0.09705030073594392,0.13144345313206962,0.1647612288656709,-0.021680121267889384
570.2826668287346,-0.022742357693239065,0.05755537647265961,0.09650923003229438,0.12716592226991127,0.16412296674301463,-0.021895628366599276
570.016247315749,-0.024212360257847947,0.05454695460478968,0.09327480928038384,0.1265620931391168,0.16139655361865587,-0.021606716397188128
569.7498278027632,-0.02826508870188811,0.05530373862899602,0.09198537237315188,0.12393399994725965,0.15765775467245358,-0.022775996423087905
569.4834082897776,-0.030448190037330236,0.04640772215837089,0.09078017973154667,0.12157824799803306,0.15227508778466287,-0.02329978304333679
569.2169887767918,-0.031490447140165384,0.04606528044637824,0.09060330643228623,0.12171189320214364,0.15614668056804107,-0.022785813854397288
568.9505692638062,-0.03394250138330602,0.038847017038846826,0.0868504529391074,0.12160160099285433,0.15415122624389477,-0.023040660406717525
568.6841497508204,-0.03634585436742163,0.03591877491221851,0.08355660672401487,0.12015213710348116,0.15288239615531357,-0.023000972569817535
568.4177302378348,-0.03977763870525301,0.02926149133231684,0.07940398666120284,0.11432183645418502,0.1456168619778805,-0.023620789103171523
568.151310724849,-0.04037138401676727,0.026687753103483307,0.07841448316420468,0.11154273526092777,0.14393939136492526,-0.023525270080935506
567.8848912118633,-0.04232467208546586,0.023766089090281325,0.07132068603810607,0.1097840636042676,0.14398931266326256,-0.023509198283196045
567.6184716988777,-0.04702582892817577,0.01716280391723352,0.06994796260252724,0.0978855338077118,0.1424830182698159,-0.025456669277613822
567.3520521858919,-0.0484788663085179,0.015849977317194404,0.06177446327862751,0.09109581259114033,0.1458506476843528,-0.02805073188135228
567.0856326729063,-0.05112729271695735,0.015810930883068113,0.058407180739322814,0.08420977480613681,0.14214607520606085,-0.02955070317064797
566.8192131599205,-0.05583953941482665,0.015375505561496779,0.05698751874345052,0.0833422820828638,0.13906242947473196,-0.033828416497919955
566.5527936469349,-0.05790614568623018,0.008063307097092605,0.05187182566515492,0.07697243436068577,0.1363758859379296,-0.03776546597622533
566.2863741339492,-0.0630054963788548,0.0002756875349863144,0.050840449741684134,0.07479053975303485,0.13345394555911863,-0.04337552628907527
566.0199546209635,-0.06279599564723609,-0.0027976262931297337,0.0436294746683794,0.06880198705778567,0.13302391911506264,-0.04979197869435113
565.7535351079778,-0.0671822555715504,-0.005803672557000341,0.041493335752812166,0.06511126865019998,0.12984865304028256,-0.05979322544879318
565.4871155949921,-0.06949060795880024,-0.008217789968454306,0.03512746940351346,0.06273564486897358,0.1277910643545148,-0.07039559770470045
565.2206960820064,-0.07147631776168034,-0.008502856743134609,0.027024345661883446,0.06083506726439744,0.1302806135217496,-0.07772448683543709
564.9542765690207,-0.07207308950219071,-0.01645707031555989,0.019191509753473012,0.05735531256522234,0.1254845035201878,-0.07926232409311616
564.687857056035,-0.07044172113320707,-0.02241644442937779,0.015324459444778553,0.05045113512005081,0.12039795995120307,-0.07906418461398206
564.4214375430493,-0.06833794861810048,-0.024378057582406635,0.011504296815015044,0.04515196303532381,0.11652896223076706,-0.07845638655439921
564.1550180300636,-0.06744089807526113,-0.02836212067812733,0.004453697245702969,0.03712843417141725,0.11300771518544682,-0.07545089521973532
563.8885985170779,-0.06726133559662147,-0.03187484653778141,0.0019051271309928944,0.036301981016296545,0.10569185250024356,-0.07403989755822649
563.6221790040922,-0.06798702863635121,-0.040803350199096845,-0.004232673719521127,0.030570747887279353,0.09495156991608092,-0.07109287775057489
563.3557594911065,-0.06820072988285408,-0.0463437389615383,-0.00840734433096367,0.026450608936170503,0.0798939615947323,-0.06638557764067389
563.0893399781208,-0.06644210979865933,-0.06093101461320378,-0.016631229354839263,0.021135212292501933,0.0686211021001326,-0.06562683377316915
562.8229204651351,-0.06545157870056711,-0.05929396704056379,-0.017173297747939496,0.02271541473771139,0.06550223691275624,-0.06460943954064499
562.5565009521495,-0.067514345065589,-0.05156587254479718,-0.01870748998886104,0.026162481358247447,0.07435852029644383,-0.06468398541226478
562.2900814391637,-0.0699768819242402,-0.05266592363719317,-0.017027275738326356,0.029432853601215815,0.07359320071123399,-0.06323991743999
562.023661926178,-0.0722749350737635,-0.06360681187970099,-0.009157255704717922,0.03509053780807301,0.08112261440231777,-0.060661726606569176
561.7572424131923,-0.06895313725526542,-0.0567027296247459,-0.009452738619575551,0.03800235863003219,0.08655817883151916,-0.061060946645228445
561.4908229002066,-0.06633016690295483,-0.054380127203647176,-0.0038934855108858296,0.04229233504605475,0.0895237385023992,-0.06290925264499296
561.224403387221,-0.06350502366155841,-0.047482940747593634,0.01181078944719256,0.04816775503691266,0.10404172459297086,-0.0652623505636933
560.9579838742352,-0.0593046980072845,-0.040353319279146885,0.020188250946149174,0.05758204402049726,0.11128779195362053,-0.06952858409944117
560.6915643612496,-0.05403229433666204,-0.032177361693410546,0.026366091339444977,0.06218425831647468,0.11292327850595162,-0.07223188860497823
560.4251448482638,-0.04873320951287243,-0.024707027096638474,0.03267229170331544,0.06795099413450686,0.11385566261052442,-0.07152628114887775
560.1587253352782,-0.04307112409281795,-0.01784047827834814,0.036921477284528305,0.07171761887563147,0.13157525782635354,-0.0721447836964077
559.8923058222924,-0.038057757520023494,-0.015444103530393584,0.04468071821508166,0.06694951865079025,0.14519592629401676,-0.06499180135025125
559.6258863093067,-0.03452100301585598,-0.008472094865697418,0.04776817668231061,0.0845054501557652,0.14949353768502063,-0.062487862829395224
559.359466796321,-0.02922132425213298,-0.00980657399746986,0.050855251778621234,0.10753422665664135,0.15502523074166466,-0.05855354590999295
559.0930472833353,-0.021258645002136884,-0.002488120993622194,0.05488751434498939,0.11808609450423302,0.17091868238750935,-0.05227681828342258
558.8266277703497,-0.017260450435528246,0.004604425690244524,0.058488819217179806,0.11127589557868263,0.178474760507513,-0.04497768724286403
558.5602082573639,-0.013689462142664359,0.011558359621966193,0.060438093728323,0.11482415576781431,0.1847315028138639,-0.03624109744322485
558.2937887443783,-0.012148050254015066,0.016758248239323578,0.06537907336207031,0.11887808816355122,0.18712990826538015,-0.028116910528909873
558.0273692313925,-0.008762893644672655,0.01800124203076392,0.07169027199300053,0.12526789121628806,0.1930861291539763,-0.020862953540478735
557.7609497184069,-0.003928240493021728,0.022636004840314944,0.07676271513635463,0.1290744601979635,0.2075428211093897,-0.01419437643323299
557.4945302054211,-0.0019973928649590672,0.031874779263759055,0.08429888181239799,0.13402819319162332,0.21486336676408305,-0.010199105712333546
557.2281106924355,-0.00176523926514102,0.036224743077540984,0.0889045965460236,0.13861317992432803,0.2174688478115232,-0.005576030854825059
556.9616911794498,0.00046100272571414255,0.034269367821910764,0.0901418805011866,0.1584858804813612,0.23629321314579935,-0.003520117656368727
556.6952716664641,-0.0023220114426855316,0.04611032585271116,0.091938032156027,0.14403438019090894,0.24670395795451489,-0.0029327980894047665
556.4288521534784,-0.0005667698415612432,0.05237161912666029,0.09472356512221891,0.1303294387698477,0.26506565187381786,-0.0002232746231732542
556.1624326404926,0.00047653342087176584,0.05366351573543054,0.09843694381032547,0.1494718217879797,0.2884099331222253,-0.0021671182269355246
555.896013127507,-0.00032550999783370323,0.059149693926055714,0.09608341087726306,0.1652472341927705,0.2990530444761271,0.0003900523072930854
555.6295936145212,-0.0005365292978704015,0.06239801258549283,0.09878484456198147,0.1754014532393966,0.30734668199898035,0.0008896448418887985
555.3631741015356,-0.0006118244121911719,0.07096257132293797,0.10269068785178605,0.1911498991313672,0.31940340236154313,0.00045209145103063564
555.0967545885499,0.0002762652767745735,0.07196820365656988,0.116962762068607,0.19897954306414123,0.31118597370395507,-0.0009424104642036098
554.8303350755642,-0.0005738183358003388,0.07802046669459546,0.12153554206127132,0.1962708684416092,0.3172657219068563,0.00012779280463989985
554.5639155625785,-1.405619764843912e-05,0.08472406616886989,0.11530038055741493,0.2013643317897776,0.33013756097798796,0.0006289516506208131
554.2974960495928,0.00031856124479011567,0.0881957638922777,0.12204513720265238,0.2033926586131189,0.3403511067871781,0.0003166686496514649
554.0310765366071,-0.0003145720633727101,0.0939148250040437,0.1292774494409537,0.20822913649821392,0.3421439225154813,0.000542310311804953
553.7646570236213,0.0006850193980735183,0.099898800983879,0.13920156652653676,0.20968744327789918,0.3468920077463341,-0.00017368197982534135
553.4982375106357,-0.00016466495052604882,0.10261427030959396,0.1404936334245379,0.2215523864018016,0.35046675962119717,0.0009116230444473492
553.23181799765,0.00010789363501618668,0.1051173617929638,0.142709433796097,0.23577065963777882,0.3546893135357585,-0.0003980768521723294
552.9653984846643,0.0008847672321900419,0.10740279016417942,0.14132909777770025,0.23380106028024303,0.3656704026149531,0.0005988902761473046
552.6989789716786,-0.0005148730160696274,0.11182269046116859,0.14241435972152944,0.24671315990007847,0.3754759310154827,-0.0011122439760212087
552.4325594586929,0.0005301178782248963,0.1130079566061581,0.14918765761907993,0.2579433416196085,0.37680695387988905,-0.00017297195989521093
552.1661399457072,-0.0006085476865792344,0.11475253963832956,0.15277092044396892,0.2643416198293651,0.38290221694399157,-0.00043946228692449876
551.8997204327216,-0.0004957621080808503,0.11169078859394974,0.16148762689942836,0.27215089451226476,0.38792670835196913,-0.0005973452507902904
551.6333009197358,0.00010011270781345035,0.11654756176799283,0.162583164481998,0.28044682667302506,0.3950061586651386,-0.0009696726367566695
551.36688140675,0.0003006375084792284,0.11656085244619882,0.1586267831749568,0.29223426653722656,0.4024102299244954,0.0003752163796653638
551.1004618937644,0.0010675382816067718,0.11184145300035915,0.16650070391780766,0.29423275591032044,0.4119042614702167,0.00028474068896749857
550.8340423807788,8.699268094482435e-05,0.1133752459748392,0.17273571164991255,0.2983880913732901,0.41334707977621854,-0.0007196236608934121
550.567622867793,0.00011305435601961474,0.11642734602336963,0.17312581168447436,0.29940567733875656,0.425429913721919,-0.0006235279612684111
550.3012033548073,1.119102236026029e-05,0.1152287933105944,0.17762538749417378,0.2983167972197251,0.43083001793669223,0.0009541846928020698
550.0347838418216,-3.4723242286712726e-05,0.11672571870560042,0.17377661748555365,0.2986728795543123,0.42945757690603586,-0.0002741357839143744
549.7683643288359,-0.0007753002394449856,0.11996467229654864,0.17123566030771317,0.2957492769764535,0.4310604910189219,0.0005931650289650231
549.5019448158503,-0.0002233905265613181,0.11153097862061351,0.17463854481724234,0.30113399886518083,0.43336957849714314,-0.0011239847932997544
549.2355253028645,-0.0013849141584122717,0.10523801498452132,0.17484428128166332,0.30703844356581794,0.44263401294148963,0.00033849980714548177
548.9691057898789,-0.0023330925596501974,0.10543346337354491,0.1779696043118815,0.3149180218299092,0.446373422043632,-0.00011499526252912847
548.7026862768931,-0.004053581462872619,0.10717898153800785,0.1809864587444893,0.3208899304960953,0.44400428186769725,0.000344608146261854
548.4362667639075,-0.002715702687308123,0.10855612070736213,0.18422740851366476,0.31841594798382855,0.4513938283182646,0.000770537009546204
548.1698472509217,-0.004269183357676293,0.10725335222259813,0.18665907815714228,0.324626818573388,0.46318222335820386,0.001690184251948549
547.903427737936,-0.006075059604495491,0.10609322371399144,0.19661491406080114,0.32918059950459155,0.4694972644691516,0.0010349471098760974
547.6370082249504,-0.006364782601790715,0.1066698637546732,0.19639151976548014,0.3354157043655358,0.4743079697042885,0.0022863988913153425
547.3705887119646,-0.006573684584676776,0.1105879088056667,0.1959003994390723,0.33611022357809667,0.47945544837542226,0.003369357001631424
547.104169198979,-0.005732912419914425,0.11092505894592265,0.1956369976213927,0.3380127390570738,0.48487602511010597,0.006559154285515646
546.8377496859932,-0.005977040104267917,0.11382552958630651,0.20149017452623397,0.35009852360730676,0.4977969542170498,0.006003095561377609
546.5713301730076,-0.005704319569986632,0.1133519824839594,0.2050309400284959,0.3546694134506439,0.49609798229421703,0.0065277034913410895
546.3049106600218,-0.004267103646407403,0.11323550075088785,0.20215335528823927,0.3514252106561762,0.49548218757965423,0.008764472929506228
546.0384911470362,-0.003103715018979037,0.1114740006667313,0.2059353261394219,0.35279182286474486,0.4899325151401507,0.007971910190468725
545.7720716340505,-0.0027794814281290564,0.11162678598749863,0.2110639768891101,0.3589159966289923,0.5045208868855132,0.008703206539112095
545.5056521210647,-0.006164696966734132,0.11063158498903727,0.2195602264576453,0.3553750318620986,0.4900448632350805,0.009509936699280403
545.2392326080791,-0.004010735338957151,0.1170606536043348,0.2254006724335541,0.3710778947702733,0.5004215481928139,0.008325652265577296
544.9728130950933,-0.0020638385348209637,0.11696775872353839,0.2250675051991709,0.36344444693024175,0.495168142102369,0.00835768251275181
544.7063935821077,-0.0005425235713227369,0.11595520082976175,0.2336934883112906,0.35615510485986995,0.5045183049796507,0.008441090080035095
544.439974069122,-0.0001489785708812646,0.11549589894650283,0.23809300691434143,0.356948322426587,0.5089445106550027,0.005853954231083114
544.1735545561363,0.001520331240515713,0.11311486104841112,0.247684225829055,0.3648097432042648,0.5138526655668441,0.0036644081959788283
543.9071350431506,-0.001693815550390733,0.11834836115583804,0.23978219875712356,0.374233258126942,0.503421495868546,0.003329945157768208
543.6407155301649,-0.0010686807055686701,0.12015369994894207,0.24576153136896686,0.37955544403416086,0.504076944269624,0.0053194207825136555
543.3742960171792,6.417401049939839e-05,0.11447279766992709,0.24463356334200873,0.3653324798552346,0.5151855978152119,0.004139810725196737
543.1078765041935,0.0010179134282472392,0.11397961529098358,0.2587774671524935,0.3729809114929194,0.5104125620843093,0.0031922249073893885
542.8414569912078,0.0019427945182382152,0.11776781930897785,0.2614169297451459,0.38147430569449814,0.5037250118473311,0.003742527303085204
542.5750374782222,0.0008386219846638878,0.11849464783291955,0.25940751227946063,0.38323874580638206,0.5199502793582815,0.002775140951268368
542.3086179652364,0.0016696682352530154,0.11610939915943072,0.2629037396663987,0.3829693501079642,0.5189492158825953,0.0025939725561401564
542.0421984522507,0.0021142535000333073,0.11621802701770519,0.27302610118179976,0.382769921393936,0.5186200122163066,0.0002917333785768738
541.775778939265,0.0034031780788885235,0.12301629510592817,0.27704406102256685,0.3902639027105649,0.5092521868055647,0.000305574782252862
541.5093594262793,0.003737452983670725,0.12064362831534177,0.27830291045428907,0.3897227927752149,0.5088528740385403,0.0003400175149541245
541.2429399132936,0.0032862966751203387,0.11699937308346346,0.2751726576437729,0.379147883034558,0.5008541232393814,0.0003979634487736105
540.9765204003079,0.005630445998502428,0.1168968883812827,0.278255302437751,0.3777144829673099,0.509049355016321,0.0005230866024845091
540.7101008873223,0.0063319786485774065,0.12069792171329538,0.27928148408660436,0.38449867535497495,0.5141080050088153,0.0015003138804727113
540.4436813743365,0.005407283848307983,0.12027135947649958,0.28732613815103486,0.3945808346120624,0.508187586005781,0.0019426759400226444
540.1772618613509,0.005425588996060101,0.11741358117983598,0.28813997394371094,0.40308989684043156,0.5069775952641608,0.0022447948993336536
539.9108423483651,0.0048820802206616,0.12050774122663108,0.28286395290736904,0.39161408166430145,0.512956572029182,0.0037229993479544576
539.6444228353794,0.00573149386614634,0.11813977423896514,0.2780759706583714,0.3913443639704515,0.5068977983186754,0.0026925518612204444
539.3780033223937,0.005698708811761594,0.12524444489116965,0.2819778297208285,0.39228636804630856,0.506377662352598,0.004198923853095623
539.111583809408,0.005618499463424091,0.12376850070709362,0.2796005229551444,0.39091969890949074,0.5065780642227101,0.003114495048952723
538.8451642964224,0.005381449415904954,0.12147643187301564,0.27717017147254347,0.3950165738967956,0.5079904423489462,0.0035289247930690233
538.5787447834366,0.006852103824833894,0.12337185095849747,0.27422872977345586,0.3963725968490817,0.49940875796599776,0.0047085743436780375
538.312325270451,0.008242807717450073,0.12204015125973222,0.27464737486735274,0.41017600834644163,0.5051488620643226,0.003564970672639431
538.0459057574652,0.0067366841959013105,0.12252962490444314,0.2748036046220564,0.407192006476477,0.5064970597568709,0.005214859530504584
537.7794862444796,0.008031438183110364,0.12472423655872922,0.27322739449728956,0.4014580908974274,0.5083521862791528,0.006384178947471603
537.5130667314938,0.006676358324467509,0.12320941492516076,0.27174647671134755,0.4066606366660983,0.507461767361447,0.00481811029177291
537.2466472185081,0.007896370711902467,0.12262456995653997,0.26965653756184954,0.408268143439316,0.5087542126905749,0.0048658764215347835
536.9802277055225,0.006891247624267981,0.12397616983314291,0.2638127616832226,0.40639543314866367,0.5109319971255093,0.005318290908618173
536.7138081925368,0.00666847992118445,0.1245410979998648,0.26560500489216265,0.4129981621677504,0.5134597819172121,0.005874418334282916
536.4473886795511,0.00682047060769758,0.12333670401850204,0.26358219281188655,0.4075724907741673,0.5093860892089135,0.0058858493477652275
536.1809691665653,0.006204908482136897,0.1240839922182759,0.262403898526709,0.4151051820426553,0.5133231344988352,0.004147395208578553
535.9145496535797,0.007951042774088628,0.12322435896830804,0.2651438469102592,0.41778006552653624,0.5132715473929841,0.005609522762118926
535.6481301405939,0.00857866937130512,0.12598929930973393,0.2622606856012897,0.41891920821400436,0.5136538685563512,0.0033130156892636205
535.3817106276083,0.008997729382708892,0.1251141000732341,0.2584807812074007,0.40136375996327045,0.5117053632735566,0.0029193339048558644
535.1152911146226,0.00792076784887607,0.12767294438804933,0.2534842687661962,0.4023874185433996,0.5159641203427667,0.002811753210140707
534.8488716016368,0.008838453558625252,0.1259642544183401,0.2533820071111169,0.4008063584032832,0.506500021243404,0.004250187758893796
534.5824520886512,0.008710556683230447,0.12603620306864327,0.25253453166851386,0.4000063443474428,0.5069887486324384,0.003192968959094617
534.3160325756655,0.009994669825253747,0.12285200811861033,0.25343815305611295,0.39777946497453653,0.5074871292073065,0.002383355792183713
534.0496130626798,0.008751452934338369,0.13009570892424382,0.2551042930818722,0.4011066894251178,0.5051523135201822,0.004018842856709004
533.783193549694,0.008662942189751598,0.12350979613142492,0.24926103532195845,0.39545782757646264,0.4966345984527911,0.002837733014848426
533.5167740367084,0.008575527280692786,0.12496578201226644,0.25070273131569554,0.38828214004343636,0.4964040504317162,0.0020902580443464716
533.2503545237226,0.009797830764217875,0.132331355578287,0.25223708298601155,0.38508214733302204,0.5041598108419344,0.005175688243191582
532.983935010737,0.009502474589393515,0.12885411402507235,0.25359113544632605,0.3873449654413594,0.5020355285602496,0.002068415261312749
532.7175154977513,0.010430451537978084,0.1203113715283027,0.24924002651447516,0.38001789983608936,0.4926771745486683,0.0016310973018643414
532.4510959847656,0.0101598497783387,0.1225903450654307,0.24924847536538308,0.37649713819336084,0.4973836634184099,0.0009448488701897659
532.1846764717799,0.010332675135723866,0.1284202703437495,0.24554724828688052,0.3767586899948564,0.49772298529534187,0.0008756896315101007
531.9182569587942,0.010555791748510849,0.13348689885024662,0.2502609483865192,0.3731586540814255,0.5069528698515202,0.0003035980242585399
531.6518374458085,0.012061164729215089,0.1355228334594222,0.24778391039864858,0.37413316675008906,0.49992148087173327,1.7787971634533703e-07
531.3854179328227,0.010336246747505863,0.1377668792618855,0.2490804924563962,0.36632667288630594,0.49610467297544947,0.002837613872085251
531.1189984198371,0.012640288486980919,0.13522914129326116,0.24863752039642503,0.36288727434160667,0.49352907089118053,0.0016169830581810336
530.8525789068515,0.011139622824477205,0.1344792197762622,0.24493804042268968,0.3554823987581014,0.4903234522283513,0.0018048172395345042
530.5861593938657,0.01223608908900908,0.130737480702174,0.24052519844078568,0.35646270212109454,0.4847300668623649,0.0020677341138931682
530.31973988088,0.011578721625335036,0.13705525353778447,0.2425566163316279,0.35582862871606835,0.4794319738806792,0.0031073579439458788
530.0533203678943,0.012505757738688991,0.13810500003362036,0.24327088528584986,0.35114506500051806,0.4844772429985939,0.003955521089285314
529.7869008549086,0.013428537815728595,0.13394548603257317,0.24105751321947982,0.35615052847798245,0.47670513842624085,0.003764607787742533
529.520481341923,0.01280252313866189,0.12907664413542286,0.23193247908621753,0.3508728530607853,0.4621701277258437,0.0036528083996122426
529.2540618289372,0.012244513391098834,0.12930408451988004,0.23436752371283032,0.3470515330010089,0.46457371458899804,0.004275920813451159
528.9876423159515,0.013237544696125899,0.12625172713546193,0.23298979642126327,0.3516934943775158,0.4610155702155578,0.003509802203240185
528.7212228029658,0.013213983583645016,0.13156528710734078,0.2376023999670059,0.3494916401975384,0.4615865404056555,0.0047019657666741805
528.4548032899802,0.012530967775819062,0.13144557425752618,0.23344595725519657,0.3413505590763145,0.4536452991891962,0.0050368723980448215
528.1883837769944,0.013537954488428592,0.1292277839180755,0.2326303738540684,0.34302284144077483,0.4561945053614118,0.004154269224661848
527.9219642640087,0.01357768477592749,0.12790620537307987,0.2348551944351665,0.34559567545758674,0.44738785510073426,0.006485196169778469
527.6555447510231,0.014624845389090514,0.132033155548725,0.23375797153888003,0.345520130083994,0.44345637400682136,0.006144967327336294
527.3891252380373,0.01449015320596333,0.13484203587959526,0.23372830815854512,0.3427975732321644,0.43496610531666696,0.005981688911155088
527.1227057250517,0.0141885653700032,0.13388069104283012,0.23842089832758595,0.34087052347878855,0.44246652288430255,0.007697944713141614
526.8562862120659,0.013627102365385139,0.13770133037872856,0.23838615334307522,0.343251244521066,0.44369310021770403,0.007076598534183731
526.5898666990803,0.015618461741306563,0.1370165232612841,0.2390445021625119,0.3464403950665916,0.4441086107897764,0.008374917563488416
526.3234471860945,0.015635352203209402,0.12845056167909563,0.23541535240313421,0.3451602574455708,0.44140527267881985,0.00920674015964373
526.0570276731089,0.017562462973928526,0.13172028644191783,0.2377683525082415,0.3463128614060115,0.44390879038303194,0.00812338364820142
525.7906081601232,0.01649209065056687,0.1317204607322429,0.23322512088808767,0.34252207272034485,0.4421492205307693,0.007621826714100142
525.5241886471374,0.014180926204144222,0.1335141989459433,0.23172276375859654,0.344139165784509,0.4400780819306686,0.007354018031283707
525.2577691341518,0.0167415683877906,0.13437564304156738,0.23583909877916387,0.3402772228421014,0.4377250437326865,0.009877500979462687
524.991349621166,0.016861797265543748,0.13686245010937734,0.23565873244533436,0.3405508860379923,0.4357618415900827,0.010147221486481008
524.7249301081804,0.017090582560229158,0.13670956248698543,0.23372695096625404,0.34130819084605807,0.43019781370925464,0.008895853681229233
524.4585105951946,0.015017684724322806,0.13662132351194992,0.2342127297187632,0.33905375406656896,0.43432024651584716,0.010345223746703915
524.192091082209,0.01697479591062986,0.1361262637475367,0.2335726355542905,0.3364601412020664,0.4321605384564586,0.011986285444161464
523.9256715692233,0.017742548167756514,0.1395235618679783,0.2361198905794778,0.3322595764707889,0.4304535194355086,0.011386625588265888
523.6592520562376,0.015208896176443604,0.14202235504980734,0.23717751153470915,0.3367243865906067,0.4255259660319715,0.012036984866955851
523.3928325432519,0.01449610906439998,0.14006961369231863,0.2350255219884784,0.3424546482075957,0.4267660383005097,0.011998259010098964
523.1264130302661,0.015474203095873783,0.14339967201856035,0.23511023834106148,0.33404974024177625,0.42806939783000597,0.013839292982586897
522.8599935172805,0.015181034821726587,0.14897945019225184,0.23851706506528186,0.33873064241610296,0.4242811021657973,0.013387695335071314
522.5935740042949,0.01408932178309911,0.14173344056915588,0.23629777908074773,0.3367703677166483,0.42606391093107243,0.013398234395367135
522.3271544913091,0.012174957201899903,0.14552539596728617,0.24128963551478136,0.3338394088818773,0.42528017958686337,0.01150876750226295
522.0607349783234,0.011945153652153895,0.14254060420890627,0.23696598556214815,0.3176546653672336,0.41878369734329607,0.013772695975624123
521.7943154653377,0.014026285840370403,0.1426055002283015,0.2390755476688632,0.3242490600547059,0.4212075338421918,0.017666980517768938
521.527895952352,0.0142478123047444,0.14817053204299,0.24141119004334838,0.33586751383907537,0.420327340651088,0.015565308311402504
521.2614764393663,0.014036847567870107,0.1502487680082222,0.23500695043885705,0.3433924795987079,0.42021798102679464,0.01170743513718033
520.9950569263806,0.015653191461645167,0.14701397554944773,0.236876322797473,0.3420230783930518,0.4194459367265614,0.013198247135673047
520.7286374133948,0.017413928719129657,0.1482899619524548,0.23881399910171308,0.3416306015062816,0.4214020023293461,0.018850355544833695
520.4622179004092,0.01775696370296042,0.1499414858383628,0.24148377827609468,0.3331006960883731,0.42264253453193545,0.019899162043996402
520.1957983874236,0.02041606713569138,0.14656088874241094,0.24100781604497012,0.3342145939019327,0.4310955001899861,0.02100889391730614
519.9293788744378,0.026092996838970584,0.14692651151587247,0.24519530094232897,0.33677858858235754,0.4259155733546328,0.017196401830269967
519.6629593614521,0.023831013221516692,0.1450313443766204,0.2424160414574521,0.33983873089789995,0.4213313828875128,0.013608612390780457
519.3965398484664,0.023066386859043626,0.14298871510285632,0.24093123502015895,0.3349190619352995,0.42381065239464777,0.02348014283276451
519.1301203354807,0.02443384468238943,0.1416857186207448,0.24224342323944723,0.33177927752560715,0.4251935353144833,0.026107522453523935
518.863700822495,0.021777718903825925,0.14270098598426018,0.23878962738915682,0.3302734351555206,0.42564920080923524,0.022272309233307006
518.5972813095093,0.0315737652256919,0.14221910207807612,0.23355186706577682,0.32911875946854235,0.4229284613826422,0.02454006455536825
518.3308617965237,0.034954393964847806,0.1341381654782389,0.2311326509791318,0.3299319491840247,0.42207761405100985,0.02764111428507272
518.0644422835379,0.03658573593616401,0.126898958411702,0.23264134077442608,0.3337089593177347,0.4240121156295618,0.03618255969384924
517.7980227705523,0.037417687396014324,0.13157973042141172,0.22812680333840962,0.32798347535257527,0.4246300104519346,0.04067989016351112
517.5316032575665,0.04037139773949484,0.12929410572565098,0.21891190958376805,0.3254574863033054,0.4204763840434442,0.039815406737383485
517.2651837445808,0.04336975315268223,0.12957726422063098,0.21043321921028663,0.3232749762531047,0.4175777887512814,0.04007405633960447
516.9987642315951,0.04992799568750524,0.128947937950373,0.21550515982803486,0.32713950699973604,0.4178311605759017,0.04460945952485615
516.7323447186095,0.05321335241248707,0.12647729489334134,0.21303747684601448,0.32443765416019077,0.41679469859933604,0.046826210214417525
516.4659252056238,0.051970632838692195,0.1266181640844336,0.2127080019211,0.3218510910445422,0.41126008502990674,0.05124560131096342
516.199505692638,0.044423551795491636,0.12266960252841543,0.21410083850269726,0.31296012009150315,0.4082964542476301,0.05810207707803225
515.9330861796524,0.04238755018503932,0.11833025870593908,0.20751290329967179,0.3080396779621949,0.4076503105281287,0.05721405358760559
515.6666666666666,0.04492631819133205,0.11745043601734777,0.21031198573660637,0.30808375154831086,0.40784391268486264,0.0578076006131181
515.400247153681,0.04978326854692527,0.1105888512812636,0.21113245756753254,0.3052628765306018,0.40355754470290617,0.06402217541233315
515.1338276406952,0.04540113635107929,0.11395764518563119,0.20721940446416764,0.3006913623343449,0.396435696200245,0.06629181044473025
514.8674081277095,0.04140988462958846,0.11244296511740068,0.20384121169612537,0.29661053587590813,0.3901548983256452,0.06193429158796972
514.6009886147239,0.04892423912949676,0.10849349820454685,0.20521364615519197,0.2917222595845692,0.3829672723835571,0.0663249066930434
514.3345691017382,0.0429430264627406,0.1067051167769097,0.20681826280740695,0.29076239664631937,0.38575445411977854,0.06172526155766654
514.0681495887525,0.04393369454550044,0.10655969025034903,0.20248938344974332,0.28702890459160013,0.37917104822504344,0.05808629308685155
513.8017300757667,0.044395572196267115,0.10456485080312669,0.19666903673986103,0.28545215069274915,0.37907931461690086,0.06299324100240954
513.5353105627811,0.042254222171616264,0.09889506824941101,0.1938749956498086,0.27949414445876253,0.38100796963174777,0.060475989865195826
513.2688910497953,0.032398906647614835,0.10253770688102577,0.18722499707286863,0.2770085250440061,0.37952583183356453,0.05189985358100175
513.0024715368097,0.032683236231306576,0.10201904562924363,0.19163137770808825,0.27592886849534914,0.3769264352683856,0.049532643976140205
512.736052023824,0.030963075740480097,0.10606858736314234,0.19453663848772473,0.27435403125066155,0.3744307148137272,0.05360976502792274
512.4696325108383,0.034763697044757354,0.10776277419638232,0.19789734474749976,0.2688702856530873,0.36771316821893607,0.06000156280080913
512.2032129978526,0.037953498948004434,0.11013908794511901,0.19895103279304072,0.2697871261518296,0.3631949718603598,0.053392602410124494
511.9367934848669,0.03578533643863056,0.1035864145781202,0.19241686299220884,0.26840109856864935,0.35890864316501425,0.0428881109417988
511.6703739718812,0.0342584626081824,0.10405071625935912,0.1938169344275515,0.26861605835887675,0.3596211762329583,0.042477322636660465
511.4039544588955,0.03332203896030528,0.10122169357061452,0.1854117687679374,0.26197609231124674,0.3554092460025627,0.04640552011132237
511.1375349459098,0.03203301863237241,0.09771330157123027,0.1836015392447951,0.2654516631207256,0.3547225973705697,0.04859244438931553
510.87111543292406,0.03492325337068343,0.09502339547728582,0.18285966759358643,0.2609896900087014,0.3594224820727685,0.04904564503353091
510.6046959199384,0.03521230935063947,0.09479166948496896,0.18078899735135293,0.25785725765398176,0.35701597266482943,0.03926104567003025
510.3382764069527,0.03388786151860206,0.09415481385167584,0.17880902884618854,0.2570625663582369,0.35897299117934195,0.043485903621859445
510.07185689396704,0.030414040801276857,0.08909403297640468,0.17926105733467926,0.26043024269457965,0.3543455789138424,0.05299158169885268
509.8054373809813,0.029869489977819633,0.08656495686369366,0.1775890616539659,0.25646595434376973,0.34960018825980205,0.05239633786919426
509.5390178679956,0.030828672813454167,0.08322010504007883,0.177579921369308,0.25548129614882287,0.342610315614793,0.045186533760206156
509.2725983550099,0.03681080238514277,0.0878201136601867,0.16974055505126803,0.24905386729143933,0.34167499530800066,0.03623819119916642
509.0061788420242,0.040197051570559486,0.0878418697802904,0.16944578475183875,0.2454839111003112,0.34245367623230266,0.039755553422113434
508.7397593290385,0.037200857616129256,0.08776686485245483,0.16441747781922272,0.24633242353312285,0.340242681595188,0.042691156857721874
508.4733398160528,0.03368364152803195,0.08562895115512603,0.1711087362659171,0.24430862567179387,0.3427887626516973,0.03996811358212476
508.20692030306714,0.03183828249962709,0.0848884135115065,0.174806096014178,0.23732492944394323,0.3363872168832168,0.03772313437775983
507.9405007900814,0.029460944553324857,0.08734522241153626,0.17096148031079406,0.2379345299327437,0.33358903393040346,0.03938790872237276
507.67408127709575,0.028699835881404505,0.08952550195988154,0.16643340750738536,0.23296560953269468,0.3315934215755003,0.04180310228729499
507.40766176411,0.02631377524996963,0.08690499521160741,0.16834793733874265,0.23976742706413412,0.32893962127588083,0.04402523830607683
507.14124225112437,0.029255196118531498,0.08439798249673325,0.16615405704102262,0.24231178713630203,0.3237547589710441,0.04595022445834314
506.8748227381386,0.030573653235865715,0.0836638810084508,0.16325662856622525,0.24536263922855198,0.32571018827222514,0.041690744503895705
506.6084032251529,0.029136979510878066,0.08415765683881579,0.16255595749373003,0.24270584692600458,0.3296011953000416,0.03759911579211282
506.34198371216723,0.02484393902020907,0.0844592341911055,0.17001961049988246,0.23943382262075397,0.32974583366151905,0.040870896166307825
506.07556419918154,0.023288228714658535,0.08123676668131352,0.16536001322499447,0.23787464416892062,0.32560449553275594,0.03758259516452109
505.80914468619585,0.023960418997010062,0.07925851163896655,0.16292413533485972,0.23360927753092117,0.3252590471083311,0.036556284838489016
505.54272517321016,0.02743550320171449,0.07394485712882826,0.1639047415168114,0.23421233754428833,0.31527436474797305,0.03583860335954833
505.27630566022447,0.02981062780161681,0.07886279256123731,0.16014829657317503,0.2385208413034702,0.3115077918367643,0.034516811342171945
505.0098861472387,0.027270718226539207,0.07906115421086593,0.1549210946477677,0.23598316209695203,0.3155236291648966,0.03201497238916456
504.7434666342531,0.027463821064986967,0.08245638313144027,0.1601462649895696,0.23496123904141866,0.3064661656157626,0.024547002727220452
504.47704712126733,0.027516316951596523,0.0800363186225783,0.16419269558329064,0.22727653856349325,0.305807615094009,0.030397508353492177
504.2106276082817,0.029736184242868908,0.07937378703288094,0.1598110924703543,0.22379468931622307,0.30971692332872514,0.03598200669906533
503.94420809529595,0.029829499710632656,0.0785059619243456,0.16201293764131164,0.2357253563111325,0.3049785393056841,0.04103792871053958
503.67778858231026,0.02759164531573741,0.08325785772883859,0.16090637279832812,0.2415915952252521,0.30721595052543316,0.0399277764885899
503.41136906932456,0.026749356307125577,0.08368978717398223,0.1572826809932952,0.23845242755568524,0.3046275839089381,0.034281621408085106
503.1449495563389,0.026749864700196333,0.0850621424466702,0.15221888928467603,0.24192244642329774,0.3113696771311609,0.029966680458622906
502.8785300433532,0.0325991394424569,0.08809015045205473,0.159624965979015,0.2360784277549518,0.30448605415063296,0.03211766010708605
502.6121105303675,0.0336630516014621,0.08624820444092673,0.16060520853990107,0.23906449340796726,0.30013473825029174,0.04101598125336589
502.3456910173818,0.02761869253374007,0.07530780453977994,0.16035711087584437,0.2218421693195875,0.2947993489992612,0.04092178603024237
502.07927150439605,0.020650190190788772,0.07362507360283993,0.159690595745727,0.22700570272415718,0.2955798102320964,0.035442493866180036
501.8128519914104,0.019913538963630323,0.077559154623413,0.15472666907500596,0.2204579092071788,0.29393162089828256,0.040205276247064055
501.54643247842466,0.02307944646312233,0.08677675047423458,0.15172180998275545,0.2264410762295097,0.2970040473899804,0.040112877765293355
501.280012965439,0.024057533831741584,0.08724071614438016,0.15420311653293622,0.22362780789211348,0.298005370533584,0.038590294331459996
501.0135934524533,0.031237316708100236,0.08134586869821375,0.1565302261419917,0.2310506352225515,0.29412112787198397,0.030338258162639076
500.7471739394676,0.03394204008230921,0.07720543857455724,0.15347901028391747,0.2306744137389592,0.3050654623379538,0.03286892027904395
500.4807544264819,0.03406499155721145,0.07789382468542914,0.15314002477764677,0.23211909926633711,0.3088408015284516,0.02890489891688238
500.2143349134962,0.02848540313914982,0.08425558594601339,0.1515948243315346,0.22833106827972477,0.30969787280270944,0.03600086785475215
499.9479154005105,0.02531569347687707,0.08883820071162103,0.16067462603408936,0.22984403930666386,0.30559092200337357,0.038751465165563465
499.68149588752476,0.02353790302799473,0.0888074539036402,0.16487930805295523,0.22610215021716285,0.3059498625981372,0.037817413736525717
499.4150763745391,0.019650461469808582,0.08648962577398656,0.15729906104131325,0.22774027302388328,0.3086705066390193,0.034740206311100356
499.1486568615534,0.02243534876965931,0.08810539285838669,0.1587481125618515,0.2273963597067649,0.30783045013985016,0.03462306513240471
498.88223734856774,0.020183542761427132,0.09240980015951615,0.16470105320435424,0.2269731251036671,0.3074342995303702,0.04182475091819354
498.615817835582,0.023743105968845137,0.0916564808566989,0.1685773364872237,0.22196019231502045,0.3090073553677492,0.03644085709546063
498.34939832259636,0.021307620974733422,0.08742618591629522,0.16432378444371762,0.2211126389708191,0.3074160165326232,0.03650606239877365
498.0829788096106,0.024230551606891575,0.08874881436496834,0.1625304844978538,0.22529178359579782,0.3100879678604887,0.030451239143210577
497.8165592966249,0.024136988783953685,0.09380506828157845,0.1691575897871302,0.23173064923584666,0.3109434182077137,0.03015402338991157
497.5501397836392,0.013705222343662279,0.09934218655123679,0.17075347398461593,0.23876732076301133,0.3065279824174618,0.032282625107943476
497.28372027065353,0.021636122035549748,0.10121830292332513,0.1677795803332298,0.2352123184272926,0.30535584826527334,0.034987940045921526
497.01730075766784,0.01952545407023766,0.09434019814843408,0.15847938765877873,0.22855297319455142,0.304496391671768,0.03093985377249526
496.7508812446821,0.02429868471423038,0.09975698297138338,0.16651358522986398,0.23444739634352524,0.3027538694334734,0.024887495255894624
496.48446173169646,0.021204995078288064,0.09446127323168466,0.16800024794719132,0.23446220489023012,0.30041562998717525,0.029614755900637522
496.2180422187107,0.02778693329515051,0.08570609701337471,0.16757671998779522,0.22968453951326498,0.3005072523500064,0.0337683347411592
495.9516227057251,0.03394153081985538,0.08520181300228323,0.1702052280112403,0.23048310997887486,0.29510858593460165,0.030581689872956917
495.6852031927393,0.030047516749336364,0.08802126551126631,0.17151290317237383,0.2322823319853168,0.29855904728823174,0.029287588787466363
495.41878367975363,0.018611116925004105,0.0836026749887535,0.17088815938318005,0.22686771413233972,0.2975272048427019,0.029313088050138277
495.15236416676794,0.01399811976734413,0.0791165098170345,0.17653859613949888,0.22830894000251725,0.28844584655614125,0.03621108086428408
494.88594465378225,0.016341206454459453,0.08004672166280183,0.17262989231036233,0.2295611857470822,0.2816711126518585,0.037994847731866954
494.61952514079655,0.02851482725308644,0.08476654610792096,0.1731050195251259,0.22866389887494915,0.2769438792522853,0.0351183357852439
494.35310562781086,0.02689279893828691,0.09191520862175104,0.17244255957728127,0.22376325643202705,0.2761589007926164,0.022125480209190748
494.08668611482517,0.015224738206531167,0.09481706012325837,0.16686646672011335,0.23208460853047566,0.28138961406767327,0.02586965132776634
493.8202666018394,0.012868878781099997,0.09147932571309127,0.15831588410870695,0.23513485896867986,0.2776761187917687,0.035466704572188305
493.5538470888538,0.010232028350236502,0.09401386712511782,0.15953791727934216,0.23551082398042678,0.28062712573405735,0.0367351805374559
493.28742757586804,0.0058523920436760616,0.09676977699049887,0.16335090498854457,0.22721080004329458,0.2741761692540055,0.02768056334647187
493.0210080628824,0.001994688011557788,0.09696808204627615,0.16560990118072125,0.23114717984029154,0.27316517135042945,0.020852213257496137
492.75458854989665,0.002042768964273638,0.09415986547064321,0.16043908004215784,0.22649440907600987,0.274945922639171,0.015371147683144145
492.48816903691096,0.008001201771346316,0.09345248308153246,0.16264412299998507,0.22932077965217193,0.2645148041290532,0.02271661331913214
492.22174952392527,0.008144483558384884,0.09047058376866741,0.16734323514063495,0.22669236486403863,0.2555271370190067,0.03097774615803273
491.9553300109396,0.00954607946416369,0.09055367617404649,0.16535292390076922,0.22457579038461944,0.2619603817569515,0.027853641422303316
491.6889104979539,0.003424048955535022,0.09452082902204988,0.15471861584830862,0.22442552715851707,0.2563653828219607,0.023234894534519514
491.4224909849682,0.008591148176310378,0.09819636090871857,0.1460611023784437,0.2307373890185559,0.25309412586360114,0.02038483514824729
491.1560714719825,0.013675895234987618,0.09495641840581158,0.15244268753355553,0.23038483589971867,0.25115844575849167,0.023761921211494463
490.88965195899675,0.012352939543059861,0.09163843345743955,0.15038210783097747,0.22753464461990477,0.24809058782332263,0.021752869939764437
490.6232324460111,0.004554159274126848,0.07808729234478574,0.15412884552563133,0.2191669090278376,0.24555872430994502,0.01905909792865117
490.35681293302537,0.0067614101324648965,0.07137620864084847,0.15925664453960459,0.2135951628490261,0.2511223974439554,0.016853416868472294
490.09039342003973,0.010888108705555302,0.07595635590304707,0.15255105743249658,0.21582159197883832,0.2479604222002476,0.019720454305359493
489.823973907054,0.01941899724007166,0.07927209922544574,0.15244388309962364,0.2089310812881149,0.24438184440063096,0.020292150067350388
489.5575543940683,0.018314302885154128,0.08034489631688768,0.15113544490177055,0.207194158858325,0.2440206554297798,0.019705120004959296
489.2911348810826,0.011881860215093952,0.0837951312470547,0.14548235231824616,0.2069936946036751,0.24916578991905672,0.01995618072482999
489.0247153680969,0.0060447356521745425,0.07180161545605694,0.1422048416619058,0.20035872653234413,0.23800803651386163,0.017775127994700622
488.7582958551112,0.012153900813217763,0.07363074711023536,0.13854402643974112,0.20741308496329078,0.23497175399443354,0.01901849880586445
488.4918763421255,0.013995214135853506,0.07625094126822991,0.14208981208548552,0.20215543508840508,0.2305716795313535,0.014493314438637573
488.22545682913983,0.014518193250607426,0.061962155256198165,0.14269309520516432,0.20184132460939183,0.23060587830488896,0.007393268535118503
487.9590373161541,0.018000728121251315,0.06476555771163842,0.14131372964351757,0.2079820382330584,0.23346795342101992,-0.0011129665996363817
487.69261780316845,0.02089131741699954,0.07724943308633007,0.14189678749526805,0.19848334022223116,0.2418314658123186,0.005536760210658043
487.4261982901827,0.01485161307425577,0.08778212392140058,0.13754226066072478,0.18205045885244395,0.24246342290408993,0.0032866035754458016
487.15977877719706,0.011024970581202229,0.08420814573096641,0.14270210761808008,0.19048726707876135,0.2524080554170822,0.008229538317818488
486.8933592642113,0.0012581567166900524,0.07028715860676388,0.15091654559916334,0.19804889095316913,0.25170885921020475,0.014005191209326038
486.6269397512256,-0.0009009869314457515,0.06386384356358589,0.15339892866592506,0.2032405585095778,0.24622287072697296,0.014118304314479732
486.3605202382399,-0.002149587437265439,0.07386477217247112,0.14711680729990428,0.1992431620912552,0.24163308655995572,0.01681042915516228
486.09410072525424,-0.006839673169227148,0.07559794763641074,0.1503765184228039,0.2012147364117688,0.2462316298188354,0.01452772827758618
485.82768121226854,-0.014696188266009639,0.07203857594877187,0.1496844710131323,0.2124252047970362,0.24143690699273093,0.007506139162593938
485.5612616992828,-0.019267539740580184,0.07760482178273095,0.14760670325008898,0.21340305764935452,0.24559924188909224,-0.00463143040141355
485.29484218629716,-0.02587022456081209,0.07644455698653672,0.14697338232044188,0.22594403775598682,0.23639963858373803,-0.005416783572701761
485.0284226733114,-0.03172302014345417,0.06814022612696186,0.14436345045024257,0.23457242829324748,0.2300324801577508,0.000879293162561384
484.7620031603258,-0.036088583253118076,0.07201714946620859,0.1395120254196063,0.23364969525462415,0.24048366460767043,0.0019799616982420208
484.49558364734,-0.05062884530164603,0.07218225101486667,0.14143684384685268,0.24047598538355403,0.24028048283511713,0.004132656048257836
484.22916413435433,-0.059643525469273206,0.0644811804754786,0.136960048834565,0.2351025366341027,0.23499915318144163,-0.0016086364248944116
483.96274462136864,-0.06405399796908352,0.06162008902923459,0.13128130268998023,0.2217285596972974,0.2366314898636299,-0.010759937561989508
483.69632510838295,-0.07106562067336372,0.05781310996420551,0.1434906463845633,0.20402380704170298,0.24160577239225015,-0.018173483115745362
483.42990559539726,-0.0793379231633001,0.04820697195792363,0.14463237786810204,0.18271967904585232,0.2388182737132634,-0.02859163873746624
483.16348608241157,-0.084826597882982,0.04498184794063847,0.138941168369083,0.16595553075340905,0.2230498704369951,-0.025570277589293703
482.8970665694259,-0.09318598373015448,0.0481914599355679,0.13804541822104233,0.16217274069498386,0.22395606354640443,-0.020058072375218415
482.6306470564401,-0.09634841641941169,0.04360114239092733,0.13406840296450334,0.15043576722878824,0.20730392636588782,-0.02702755840744364
482.3642275434545,-0.09462632888750419,0.04295732613646396,0.1312447620260415,0.14362639940980085,0.20716310046978412,-0.05161176422658665
482.09780803046874,-0.08261178251078388,0.02949375028565183,0.1288019747681732,0.13443343146779027,0.21146535180419318,-0.05969743173509749
481.8313885174831,-0.0780054836457274,0.029864574990935523,0.1300525809128611,0.13465652354689012,0.21995042599357306,-0.06140085496410295
481.56496900449736,-0.07505855629203499,0.020344471699168816,0.10867598345982672,0.13817333645606777,0.20932688963278465,-0.052880331200517355
481.29854949151166,-0.06618363848869326,0.03232759001640895,0.1070631825658644,0.13333774512865493,0.20921303885010914,-0.07043531080404454
481.032129978526,-0.06682512919415422,0.041996654763642886,0.09729587531483397,0.13248047596614673,0.2061657933953129,-0.08480342659351828
480.7657104655403,-0.08368120738636646,0.028493933349115243,0.08850096963708347,0.12835581600013254,0.2178479510829496,-0.0975352872350047
480.4992909525546,-0.09273806653250298,0.015970340558416538,0.07964098902303883,0.12454540673555368,0.22272818082132698,-0.0889083647899367
480.2328714395689,-0.10836246250649648,0.0030545337089884716,0.06304981871097091,0.13027763179207322,0.23294553265773518,-0.10546662870876024
479.9664519265832,-0.11996843377507335,0.0018771609239017267,0.049492273055554765,0.12723620384480194,0.23149708002854122,-0.10899983704258175
479.70003241359746,-0.13271245479820598,-0.00903102716739871,0.04917919065376564,0.13002553148713758,0.23982674443819885,-0.11537719152058197
479.4336129006118,-0.14861462913247658,-0.0186692372657559,0.05472324430388235,0.1279022824188645,0.2322922399752902,-0.12162426180585258
479.16719338762607,-0.16571416860079288,-0.02957869326048479,0.059130861436981125,0.13528714706860104,0.2606479145997773,-0.12002882861799813
478.90077387464044,-0.1891787826796085,-0.028579179715456805,0.055750736203799535,0.11169655893628339,0.2576045122447288,-0.11002981233102312
478.6343543616547,-0.191021070818405,-0.009007714124422538,0.08520911590088108,0.11658274729983192,0.2523340844935431,-0.10565491366865279
478.367934848669,-0.2130115972078878,-0.027087072113583972,0.10353032068794765,0.09998277538277017,0.24184321997076302,-0.11730124427774524
478.1015153356833,-0.22817947619102266,-0.03779148974543283,0.10689122030426093,0.08880159072068684,0.2575411129492567,-0.11939944760111634
477.8350958226976,-0.24214540670317464,-0.017943250368114557,0.10887410296392357,0.05574741579660685,0.25147953426918573,-0.13256444774977524
477.5686763097119,-0.23594851190758198,-0.04194324552881302,0.11091391752857886,0.0016794784651485053,0.28535884829022634,-0.14944625747407142
477.3022567967262,-0.25343209502317776,-0.045714829274201,0.10169457172341205,-0.021712805154416214,0.27998155075321274,-0.16695054662966843
477.03583728374053,-0.2960457243891577,-0.09194275002179177,0.11298421700234597,-0.05163980573398221,0.3054934021232628,-0.18564732759107017
476.7694177707548,-0.3013697604043024,-0.11853396627348421,0.08711472777136511,-0.04468512414461592,0.2806213717339542,-0.19373642642177846
476.50299825776915,-0.3714975335174635,-0.14065745301161814,0.018540107999064127,-0.05203189231107423,0.24547091886928687,-0.2284135877346413
476.2365787447834,-0.4080365617233165,-0.15833047416837218,0.005503399500337586,0.00376603827675925,0.17703270016247125,-0.2747457494418496
475.97015923179777,-0.40550465047910544,-0.14230046579563704,-0.006409560606269406,0.05652450376185724,0.11429316891434159,-0.3457576808184987
475.703739718812,-0.3797681842551676,-0.1069558434365485,0.04528041284686274,0.05853603978141257,0.09981980968845036,-0.385013087653939
475.4373202058263,-0.35290197813107227,-0.12131219196581983,0.02396848551780755,0.09005407238857743,0.08568007277130069,-0.41725039935131664
475.17090069284063,-0.2871137383303716,-0.04931662576288775,0.03853681550244541,0.0745042617556617,0.057305277878217036,-0.38426765563086773
474.90448117985494,-0.24398076443243857,0.01656849580092633,0.03385137732763499,0.06918817153356746,0.07839434052645418,-0.3605517842643923
474.63806166686925,-0.17348599806866047,0.03130934385889936,0.032253424944799026,0.07719280707408065,0.07497809169491425,-0.30928590560661245
474.3716421538835,-0.08676100113726203,0.051349353787573625,0.017454737238187534,0.08053787655698001,0.07284355651827573,-0.24158826165106537
474.10522264089786,-0.031728998913395444,0.052345277071058245,0.039205832433013656,0.07915825526304354,0.07365047532309858,-0.18442241733388817
473.8388031279121,0.004967575106309468,0.07434648920572037,0.04605202697528545,0.06102659112053362,0.07136257892249555,-0.09853482721871618
473.5723836149265,0.0015241289935013593,0.04865822388545601,0.022458770671398464,0.0866968007967839,0.06428440358729874,-0.03555449489694263
473.30596410194073,0.003567507973242438,0.062128689207351165,0.018882645220832012,0.06097642156567773,0.0879753418930826,-0.022424926690195805
473.0395445889551,0.016463356078585362,0.0531765190626363,0.03915557590427093,0.05986475437610935,0.08470154435057499,0.0008626828576319343
472.77312507596935,0.00031167022204372504,0.04763547292922745,0.02559909463922375,0.08782876485232999,0.05394540978670175,0.010077271773205363
472.50670556298365,-0.006783455403231483,0.07245329694752646,0.035206639777232776,0.05735247508812869,0.07914295418010182,-0.00130334164681724
472.24028604999796,-0.016568601707208745,0.07180795817902762,0.022645913236315946,0.05269216577914781,0.07827669680920264,0.010559245560003686
471.97386653701227,0.00960591653512066,0.04213072881995155,0.05299742474206444,0.07456537210982772,0.0778512143157367,-0.000681913188554934
471.7074470240266,0.010178757795958946,0.04967094385716424,0.061227086340942226,0.0748728473207175,0.06548414351685133,0.007905885515781346
471.44102751104083,-0.009096999042889763,0.08021836480645458,0.033669788383790776,0.06797670760417919,0.08468288338961605,0.005604815408934935
471.1746079980552,0.007216023090526565,0.05727874466291404,0.03558657087550312,0.07007074140259564,0.06641430194446267,0.019717421071353942
470.90818848506945,0.006172352189178988,0.05603311125669975,0.06648425125300787,0.08529245055620081,0.05525762362594476,0.0012895398206384367
470.6417689720838,0.023306663676390234,0.07058192787324936,0.06252578833197069,0.0847815303367664,0.10009527453780609,-0.010024553132690397
470.37534945909806,-0.008942421965611638,0.0575857874253101,0.05549471348499123,0.06994699652497177,0.0579562076248617,0.016351362911310185
470.10892994611237,0.008197614948932544,0.059955892690482446,0.044285983294957185,0.07346113023232745,0.07442013356722259,0.00988104782182003
469.8425104331267,-0.004033224980619452,0.0800401897639682,0.047870108357827644,0.08354199292368818,0.09201163575933954,0.01531674389009625
469.576090920141,0.016257480678610742,0.06668998001566963,0.07742911810928457,0.08461226170051661,0.07661091181443572,0.021733907091073233
469.3096714071553,-0.0008707397020583878,0.05615135794802111,0.0622441022093432,0.08588219551886535,0.06413553215325407,0.032219385817176344
469.0432518941696,0.026024868659378184,0.06025852125678287,0.052603833938386774,0.08294405806744164,0.08386182098138802,0.006746392666406217
468.7768323811839,0.003470203842609815,0.05796669511729598,0.06645210927533088,0.07444953785660603,0.07534512816772665,0.0012991962375706251
468.51041286819816,0.009584923387101521,0.047787703854635544,0.07073057119298351,0.08649719907909408,0.07676382285110192,0.030842954905751396
468.2439933552125,0.015045143367949328,0.07151185647675848,0.06455237142541027,0.08100484126057321,0.08567457961283456,0.018671372966758245
467.9775738422268,0.0005736901940015974,0.06314209391663252,0.06281737859699936,0.1041657071637146,0.08951255033814037,0.01773129039583673
467.71115432924114,0.023200588243253217,0.03985291784255317,0.06297940048609486,0.08929168751500076,0.07025182914486487,0.015379867569346523
467.4447348162554,0.023328765729146654,0.06202103225432224,0.0692271842622782,0.10410204847468958,0.06917537050643845,0.02541684857872512
467.1783153032697,0.009706888453264359,0.07431525500307457,0.0703018464219685,0.10017676609125335,0.09386233391387871,0.042724184030817396
466.911895790284,0.004531499841557239,0.05046780928314059,0.07260623154948098,0.09059734465671931,0.0870720175385927,0.016741538616974378
466.6454762772983,0.026397094167381934,0.050913452448651156,0.061595622426593805,0.09196894194819139,0.06953063101410534,0.03185588845927549
466.3790567643126,0.01730553724017443,0.05629061911731584,0.06337493029648048,0.09104784471298238,0.07695213270580882,0.0399363691881819
466.11263725132693,0.024783959156843234,0.05641567914112632,0.0650823757982409,0.08003753686603694,0.0830416021851279,0.020010339649426848
465.84621773834124,0.018044080102020972,0.03317894366987358,0.091171930371113,0.09600816411475264,0.08871109861315861,0.047895531234396604
465.5797982253555,0.03273550452078444,0.047406527216955846,0.088089977471675,0.09537777970042294,0.07790483626069243,0.03985008582416142
465.31337871236985,0.015646826517069282,0.0370846875453094,0.07475295958398692,0.09831921198379599,0.09110277202417172,0.043372064217699034
465.0469591993841,0.05198841011722266,0.05684946620379667,0.07022107831756458,0.09342500880481995,0.0872786598550681,0.047858512085476444
464.78053968639847,0.03773810865108668,0.04187174381127681,0.08363848758040057,0.07970208240525173,0.09113573519673286,0.0327652039691087
464.5141201734127,0.042322600546179825,0.04302089829741435,0.09603404549074734,0.11422327444009818,0.07278903881853171,0.05435168784203359
464.24770066042703,0.04022863590241871,0.04853140684942454,0.07310445298755192,0.09719796584478682,0.10983858583250818,0.04525813373194813
463.98128114744134,0.04045494238649577,0.029244925046216272,0.08883385198436883,0.08010235819471893,0.08380180813062457,0.049933600597229934
463.71486163445564,0.05278030303683555,0.04820097509401201,0.08143090969215401,0.09757765628010208,0.07834290497765714,0.05270713420273113
463.44844212146995,0.05592940701409976,0.06356383620672304,0.09486559564418907,0.08953075759864676,0.08533438982606104,0.05207059756888496
463.18202260848426,0.054158510072276005,0.0516389021817292,0.06676649954349592,0.07269631024490358,0.10901338983639611,0.05684786032124484
462.91560309549857,0.02313211888409116,0.05110989805983092,0.08438692798807951,0.09467715938719407,0.0964706844078311,0.056462828074951274
462.6491835825128,0.041770457149777715,0.06007638912958705,0.10092140379594414,0.09022001019753245,0.09303657259412784,0.06138603304120773
462.3827640695272,0.03700679649352519,0.044813615188466493,0.06910390594501076,0.07384589714978317,0.09734144879531685,0.05089702218855553
462.11634455654143,0.03490618744031047,0.04044639903353111,0.07113721718033024,0.06872610284902063,0.0865314523893264,0.04839930654051005
461.8499250435558,0.028400162938400884,0.04786352751218353,0.06898523995034495,0.08901574449585711,0.08753112953131545,0.057137828546972504
461.58350553057005,0.03699435390469005,0.022341876372694296,0.08410601157256056,0.07337255745074825,0.08730033894262074,0.057612885060614134
461.31708601758436,0.04224276877144214,0.037278365019719414,0.06360220951714848,0.06539330262218405,0.06514384671415376,0.05276278858436093
461.05066650459867,0.035317455530210616,0.045800987211484616,0.05638770388618746,0.0562997907121363,0.0826571155337703,0.04212832781543612
460.784246991613,0.03177281976988039,0.045765548582346396,0.0630959184030026,0.06527297694475939,0.07814029888700859,0.049370527839417755
460.5178274786273,0.02571386200324289,0.03528895337787646,0.051330907768763596,0.08393090414986332,0.0822767827630736,0.05023884449534327
460.25140796564153,0.03938063047365184,0.044458276153535904,0.02867059503796363,0.08009045904921075,0.06337994588954743,0.051712287448414565
459.9849884526559,0.009767306096498339,0.03159066946522304,0.0388565535990579,0.043143969813831014,0.060409416379667194,0.040987788194057
459.71856893967015,0.003348225974147636,0.04124745610329015,0.07785093795799887,0.06547577474077322,0.08267154178910081,0.05175420661791007
459.4521494266845,0.02304206046619117,0.03062947234519476,0.0573216995733015,0.07548009131153309,0.06560845048936972,0.04305367400322265
459.18572991369876,0.043241502684203556,0.0399704731964035,0.04759039503148895,0.037918724788536744,0.0912696628125997,0.05087766546003121
458.9193104007131,-0.0025099248108912744,0.02967818968333521,0.04695298610085517,0.06889937684828873,0.061744355359585945,0.04465925346776653
458.6528908877274,0.02187307417278575,0.05254744071888832,0.06701703873342306,0.05080351402979813,0.07786959809441599,0.03990390215945313
458.3864713747417,0.03613546300500219,0.03660234608568435,0.04748457506203849,0.07825917555534498,0.0689900945026112,0.04194582233882123
458.120051861756,0.034383902525017544,0.035649004789062515,0.04064070868762549,0.07048900462186118,0.041269431796100244,0.03436872508907662
457.8536323487703,0.019272496951121196,0.04291852187715821,0.04909753734089662,0.06660683127675515,0.0817550421950477,0.051555904372929014
457.5872128357846,0.019290600465974077,0.04513942314642985,0.06074778849045192,0.0363064725913683,0.08382217465336704,0.03990111201883137
457.32079332279886,0.014848253759291092,0.020319127267870406,0.04742852436699943,0.06103440761051794,0.0719345765136887,0.0442544200270281
457.0543738098132,0.03749994753775906,0.035382232058466606,0.03339679498554661,0.08646917883197165,0.04374923042891544,0.0602404772687134
456.7879542968275,0.02623885481357877,0.05345426850188547,0.04360640768331213,0.07066646105033654,0.0556793993472875,0.05256159204981234
456.52153478384184,0.017039467797234465,0.015745119720802184,0.06174780250737232,0.06861261185852241,0.07055464302429472,0.05902320706900666
456.2551152708561,0.03137476348678817,0.046896360722589535,0.06411967630815127,0.07196386566580568,0.06624422482669892,0.02802091747948042
455.9886957578704,0.01690828517783337,0.040145843574567346,0.06567744438209337,0.0515889841749143,0.06508650567107102,0.05676494214661252
455.7222762448847,0.02606349884099686,0.02105931787425448,0.05181678796887321,0.05091503441326681,0.07313048545833037,0.032954152848628224
455.455856731899,0.012145786192110904,0.017435300436319065,0.03471868500629789,0.07463283304426949,0.06578784341939295,0.027145928226864034
455.1894372189133,0.029022063320069322,0.015741691262216438,0.04815970883412605,0.055475669470327574,0.04243912001497427,0.02377229616706775
454.92301770592763,0.01748644954887171,0.05178464978902052,0.07248103769711706,0.07678845287569443,0.062025456416949745,0.05164346288904463
454.65659819294194,0.032274254115447,0.028928652510335454,0.038042387046467355,0.06582942370814328,0.07220154430858032,0.045457575179071064
454.3901786799562,0.02817926957192624,0.02069648672306185,0.06295191938149379,0.04805883352616869,0.06151732742208737,0.05064691071353398
454.12375916697056,0.02182618110842675,0.020384130048697123,0.06039029943036206,0.04400637191312107,0.034269964935960545,0.025352249038431553
453.8573396539848,0.00899463535568028,0.0037950011342845575,0.0424997071240327,0.07198112651096976,0.08616811132521178,0.04752508751128949
453.5909201409992,0.01483263831670086,0.023584818963143746,0.0627736814309954,0.03357612449516559,0.0559053009570939,0.03744229147838724
453.3245006280134,0.013133942976653169,0.012077361474382046,0.05808194469888185,0.04961550921308533,0.02426716978437492,0.0532498917096943
453.05808111502773,0.029500545509107717,0.007608292449641123,0.06553761582452541,0.062130919974724814,0.04440176096637213,0.05899492488610372
452.79166160204204,0.018167306556441193,0.025017049419972584,0.05310848530247799,0.053297375770617585,0.044641355694917506,0.022044385462236762
452.52524208905635,0.015413594235141865,0.020476042186749935,0.03050178011826026,0.05098232209646344,0.05451270904721896,0.04890431408524143
452.25882257607066,0.03819012536931984,0.02658100483320166,0.045923276384950446,0.05768374847596338,0.05588487290538932,0.03975477961342315
451.99240306308496,0.02719706703340708,0.02142885143154401,0.04561295942167805,0.06189790758510645,0.019732702491951946,0.035996698628605134
451.7259835500993,0.02563793633300674,0.01024938250538145,0.06813897817815891,0.053740589384279835,0.05096350304098192,0.031398719751143264
451.4595640371135,0.012409559302232772,0.010508801736685497,0.04092300003856306,0.05621761872506363,0.0252854646583203,0.03077869113898689
451.1931445241279,0.023962534458338652,0.03181034159748081,0.05789423032667016,0.06464014538214442,0.04275338611280712,0.03547687099534657
450.92672501114214,0.028205768967335152,0.011057108207169198,0.06368906074813391,0.04816974495845556,0.04576288341049873,0.05263116385731174
450.6603054981565,0.011623696181169409,-0.009354239684220401,0.03517463397024021,0.042795439425936325,0.04131650865165422,0.03175788164635076
450.39388598517075,0.0186572207528472,0.01386743268961057,0.046984770658107994,0.02943395144632089,0.036648693571104354,0.033994328951027865
450.12746647218506,0.018117350497138092,-0.0015932702688768471,0.024513237678488734,0.03651738254079298,0.02578078074672176,0.024052367167850225
449.86104695919937,0.010815888316001915,0.0018178515952668446,0.03865132409819399,0.05673771681280409,0.03396387623029586,0.04142970630606088
449.5946274462137,0.005821837174188274,-0.0018810184429117372,0.04456770552001434,0.04263624732253476,0.061181931893597497,0.0366811784232094
449.328207933228,0.027528394455970818,0.008375138785396792,0.03890301696324348,0.03346391450461808,0.0058965997054664515,0.03340022356906697
449.06178842024224,0.020712766303513094,0.010961179174588153,0.046099599239938456,0.058964704656925014,0.0507557297624536,0.017965237097234264
448.7953689072566,0.007684930683211089,0.012343408201429597,0.02502946268929537,0.036222555474378144,0.05264679890374223,0.023685148813414096
448.52894939427085,0.015718926135412557,0.013928081798185037,0.03212863423464306,0.05997780741687726,0.00811301898300559,0.02290865878869143
448.2625298812852,0.03440959039028146,0.03443055814554053,0.03767487954088432,0.02606394232990315,0.029291829930143867,0.025766197390372853
447.99611036829947,0.009225015798335356,0.006533220694644908,0.04233927423592641,0.04737098267853425,0.026872825916715058,0.021349598967423743
447.72969085531383,0.029006914833562526,0.009277847652656001,0.03820124850031739,0.038105445611297105,0.02944031021352561,0.031078635096524483
447.4632713423281,0.013109466892094655,0.01742560021512055,0.03188683063749847,0.029919937024191712,0.011641387209125128,0.018505831883519848
447.1968518293424,0.008669253385759662,0.0313471090188575,0.042901528389312764,0.02046046730332039,0.05136393268961732,0.04095184501580091
446.9304323163567,0.026841737088680786,0.015830278138920566,0.03432423366057891,0.024545587695751957,0.04892974806175339,0.034994964541267895
446.664012803371,0.012837511194644843,0.0113822961691381,0.03592840230444361,0.03942824214407395,0.026945714365060127,0.040676503322463614
446.3975932903853,0.019335991850768702,0.012774147186894434,0.037339436434010026,0.05793773098372624,0.020073949022355226,0.014399203308435702
446.13117377739957,0.010430683544055994,0.00413835736248258,0.03691661749641947,0.04787103473863478,0.0412863963114736,0.03347937051802811
445.86475426441393,0.023285325323937792,0.023352210545415055,0.04064963159542341,0.028282085749685992,0.02889143543533958,0.034000237721932024
445.5983347514282,0.04245410489680241,0.026706727206626507,0.0279887099569843,0.03354004565740968,0.0334678118998196,0.017187704014872466
445.33191523844255,0.021386896278348767,0.0015013075526897459,0.015501410453295299,0.025502331564174214,0.02871253692492807,0.037637051063369655
445.0654957254568,0.026877049267190523,-0.0015942944306530829,0.0460925978281013,0.011983672155463582,0.027889786536134335,0.02711684448544761
444.7990762124711,0.022163177236845643,0.01474423503205609,0.04315824014483496,0.04974956212851687,0.0419363492964753,0.00879136540600478
444.5326566994854,0.010931386460803796,0.01200764913968576,0.012578443377801488,0.0573459489199992,0.0387406760406495,0.03700374286667296
444.2662371864997,0.022171164071708622,0.02738095421940931,0.03267694061615492,0.03916176285576764,0.02470060958722952,0.04178834126125695
443.99981767351403,0.018684112805316178,0.010035059487869317,0.01630195371854444,0.023411242277898137,0.021049415969186795,0.005812774491849781
443.73339816052834,-0.007414408686783236,0.01468974332488637,0.031745429013566626,0.029725059011394186,0.041011593989007236,0.024161762699024474
443.46697864754265,0.010524776952118968,0.013797096044423604,0.035701737726419845,0.050374047530089006,0.02574691061736506,0.022220899592921187
443.2005591345569,0.02452080875495598,0.021308614959529574,0.019932648999158937,0.03668163633392422,0.03012436587474948,0.01551093563270079
442.93413962157126,0.01618194446585805,0.006556521176979269,0.018383029550944358,0.029401574012528273,0.03446024892079326,0.02018073305629846
442.6677201085855,0.014122026878263196,0.018081506872411657,0.054996685661457885,0.059901693514104,0.02743518367208621,0.03696948028590252
442.4013005955999,-0.011075083721832286,0.0010083169891300934,0.04072463333223196,0.05484275117990777,0.04581547143146103,0.03534837178184033
442.13488108261413,0.002772744364374283,0.010480616865509091,0.023461894917261323,0.026662387583410736,-0.007791736957388166,0.013337765304456769
441.86846156962844,0.01970479762766943,0.014550079128987856,0.03493142538123215,0.03352672482261514,0.031858826240066446,0.020265387231676285
441.60204205664274,-0.011561544019757385,0.014980437911434497,0.03327812396274774,0.0292988456612692,0.0369668986538737,0.0002594693558835333
441.33562254365705,0.02209758196417649,-0.012021753184205352,0.021948534626486743,0.0700992919759467,0.026615032883041626,0.007785553075325234
441.06920303067136,0.0038663543962786937,0.03781134753256286,0.04073372842347673,0.060722593716594706,0.04843987679181175,0.0296604001277271
440.80278351768567,-0.004543533422589447,0.03130953096850101,0.058917611917053525,0.05392298697416073,0.045974885188479225,0.03356267475812255
440.5363640047,0.0011222667275378976,-0.003016855961106395,0.02437142214387396,0.03617120834965341,0.01288065457116158,0.009495118753315613
440.2699444917142,0.007075099674085137,0.0005583293643697381,0.03170312494767555,0.043363242809062036,0.015558617661151143,0.01601818316663605
440.0035249787286,0.010122164169216546,0.013012224275004055,0.04063861846367445,0.0514208827828057,0.031071531528717982,0.002486240274598069
439.73710546574284,0.001941996212052089,0.02382717701476183,0.040537063331091645,0.061478974028703524,0.03188952710751668,0.02860882832912354
439.4706859527572,0.006450203169383453,0.00261310043653099,0.05332288236049841,0.04488484987438242,0.021079477587519553,0.02632502977308257
439.20426643977146,-0.009576986288413178,0.0017960584782763301,0.023391797401313818,0.08867715388699635,0.0326641900893569,0.008332455812671252
438.93784692678577,0.008990699037014752,-0.005528330331756438,0.039307409844664985,0.07505069870254004,0.06322717310301777,0.0065335919034828225
438.6714274138001,0.01671345377363035,0.023317423579705496,0.04088065757496912,0.07621155006922482,-0.0011549376533587141,0.021673654756198465
438.4050079008144,0.01309908244459373,0.01751106097946675,0.03051263180067067,0.04940537640054465,0.026020948349394866,0.028683491850028643
438.1385883878287,-0.016664648077331517,0.031072098645452125,0.04140392839900582,0.04130434080487458,0.03390802703101144,0.01234551607946639
437.872168874843,0.004945578371130094,0.0190598441974963,0.0535328218227762,0.054940246535503785,0.024220090739837295,0.013120546652745053
437.6057493618573,0.03248847355086005,0.014309524861218094,0.06530237153861206,0.06569788442245353,0.04258913989274588,0.02640561200339273
437.33932984887156,-0.011305976541986881,0.03445487945615788,0.032959223708895556,0.04869790480573785,0.01937712996941685,0.0433780834840269
437.0729103358859,0.006779466067351119,0.02020446725798453,0.01673587244543497,0.06440657351495051,0.03290612301768618,0.017854883119117634
436.8064908229002,0.004938328324874813,0.01085645943253768,0.017858649188903574,0.05074925854423589,0.04399817990721373,0.04141499540377741
436.54007130991454,-0.007708425250504105,-0.002492770750164379,0.04527525713039077,0.050626997801162525,0.027463189767076464,0.014233429784559442
436.2736517969288,-0.0027996155201654204,0.032974823177901375,0.043683813662310216,0.04002752780648526,0.006218735096197266,0.03862141115311907
436.0072322839431,-1.4683910008544552e-05,0.02564669517376743,0.04386912863985407,0.043576438893396005,0.021520130810122495,0.015748538013671605
435.7408127709574,-0.002158669245770326,0.005608071967588272,0.02281267192569218,0.04588289503330881,0.02545917848766054,-0.015169265872517572
435.4743932579717,-0.011931834071339497,0.028608251515744944,0.022674228035359165,0.06858773045689986,0.03138666799113603,0.02489806871862416
435.207973744986,-0.003141191509345635,0.03733229666137981,0.028686826178006535,0.02195158496744688,0.03480240732784584,0.024807038494868993
434.94155423200027,-0.0029144571289065574,0.0038883228131826805,0.02566858677478533,0.029387144655509446,0.034686491157882554,0.010798709502042566
434.67513471901464,0.01682582708374935,0.02619377769768883,0.04335129734021927,0.062119851127823145,0.03749427314188519,-0.0035532879379496893
434.4087152060289,0.016332896006469002,0.01729844810552177,0.02536881746067761,0.04706611412438909,0.032261697007177195,0.01033771015655763
434.14229569304325,0.018483609818145768,9.029566317089612e-05,0.04298745832932678,0.04182133440215016,0.02542821139344997,0.025581463063744855
433.8758761800575,0.014380791177354576,0.029857173231433252,0.018185449014594124,0.02300880325469226,0.0697364484189411,0.014865824401143904
433.60945666707187,-0.017225837926283242,0.028973276322884982,0.046693151134420116,0.05716184155355607,0.04137409696736111,0.004849665790560961
433.3430371540861,0.012870364818416231,0.011036190401263088,0.019319367435114948,0.04367868597354259,0.04474754848075561,-0.011248079499782725
433.0766176411004,0.008510807322868772,0.004088496937800947,0.04400027648762413,0.05419259312215947,0.054569080255745764,0.004192042830153127
432.81019812811473,-0.0023650889741652467,0.008632562696538268,0.021471791266443777,0.04369884553852067,0.05583630265190719,0.02214995769345936
432.54377861512904,0.020730103097627947,0.029652024044451483,0.03429158246522813,0.053572409654750644,0.056661338192382386,0.012015526927450032
432.27735910214335,-0.0032298636656314193,0.03134807756656573,0.010369338635489984,0.046676203981640366,0.04203696043162669,0.014760166226369205
432.0109395891576,0.010856502226060409,0.013088707591110292,0.025416226241635472,0.03261388655892329,0.044767102575055104,0.010234415438738135
431.74452007617197,0.011529846371493463,-0.0011095132672850178,0.027163965161251198,0.042950619104708,0.047595121903810454,0.02069078029747085
431.4781005631862,0.022173117722401322,0.02809506502412392,0.019215535920896202,0.04556887885027846,0.03920466773566069,0.005254118092160847
431.2116810502006,0.036997391388167475,0.0200816336175993,0.025426145191687684,0.03186452914613877,0.08049580911840029,0.008254572389742502
430.94526153721483,-0.004232984623119222,0.038797580917666045,0.025793744597274324,0.07119317003574245,0.06153121962971967,0.00025136177644326376
430.67884202422914,0.026719872396712988,0.026115353956541413,0.029294483522076042,0.04325084313167234,0.04822833394086372,-0.007079452632240703
430.41242251124345,0.02301361212175497,0.015365631934935337,0.03706822090744336,0.0800881423594711,0.04701304593544324,0.034736923290435005
430.14600299825776,0.017614098430323945,0.01785243356559129,0.03407625811132024,0.0505473125872433,0.06704085489561383,0.001897003957021643
429.87958348527206,-0.002515874539650238,0.028986330034514177,0.011709093010705343,0.046842147173761485,0.04769155141073808,0.0167455343525432
429.6131639722864,0.024467437579745333,0.007069435953719354,0.03359640995626087,0.07385811668757715,0.07173426438555139,0.012982075653527415
429.3467444593007,0.02108408913597129,0.008413244151650926,0.008043262010865438,0.05863717357436254,0.05183501295026002,-0.0030470321550127412
429.08032494631493,0.008641041517426982,0.02593324056290306,0.044188848788441065,0.056135435912930805,0.05335129376112062,0.00032476964548400005
428.8139054333293,0.02528978292626514,0.03594388302398881,0.008322380238120423,0.051512914641993944,0.056984335101701505,-0.02740448003202658
428.54748592034355,-0.0023474682533662027,0.024421773482845206,0.043451298124185495,0.0358481637406944,0.0711335897520398,-0.014118156176144488
428.2810664073579,0.010824291702434456,0.00126303058680083,0.0421874494831568,0.06687555973269381,0.032355442578175686,0.0074358746405175855
428.01464689437216,0.021177174138636477,0.039170889703102514,0.03518747520693497,0.07394675693830455,0.0729293776287043,0.026559365331702826
427.74822738138647,0.007805317068068121,-0.0028091680328446536,0.02100165692142491,0.056064266943456266,0.023182322785654682,0.011270505407902816
427.4818078684008,-0.0027803372405042835,0.023544546012998335,0.04388417234154492,0.051465146734767445,0.050724005591062875,0.007063791918065066
427.2153883554151,0.014375123836766474,0.03287236726225473,0.04198285093316535,0.038800474665569344,0.06755395807316424,-0.006881111567740673
426.9489688424294,0.012825817869986676,0.030075988333944995,0.025387154867110292,0.05289005346769291,0.07114467735923871,0.018564876018072204
426.6825493294437,-0.007070295948092839,0.0043270056512526725,0.06393620577471817,0.0682728504176979,0.0683028408683475,0.0267138046870321
426.416129816458,0.0076491408080743796,0.023507110809808537,0.028545002472065078,0.0693626021122587,0.07479024876350432,0.012074941357420571
426.14971030347226,0.026413839950332606,0.02229265473273188,0.05274304573961876,0.04311126592931025,0.07254658058706741,0.032824690488649354
425.8832907904866,0.002893770507941545,0.016143740735068704,0.056658318778706265,0.07680646941523142,0.0362276567753803,0.017260848726079192
425.6168712775009,0.012031124679517955,-0.001073179853463529,0.04754247386110553,0.047024832192147134,0.059076676537059905,0.02331505583871228
425.35045176451524,-0.00872082387632006,0.03587836230304324,0.057899004222203114,0.06167581606470837,0.0959050472577955,0.025160861776863417
425.0840322515295,-0.023900780990674265,0.002115341687635196,0.06656997569958985,0.07749214386652166,0.08911288168197205,0.013655355867538164
424.8176127385438,0.033712982900018645,0.03079871582326731,0.08043841063881368,0.053504634581838295,0.048348659259981,0.04088151179092179
424.5511932255581,0.016395345445552444,0.018254496108801425,0.06693042175110145,0.04240854416625258,0.06918298118130825,0.05346166166481742
424.2847737125724,0.008786215758140033,0.03874081661154978,0.051419490524448254,0.04403584416662652,0.06592609711726634,0.03811252803376782
424.0183541995867,0.024521667595042325,0.03810122820133386,0.06288219498942259,0.03627304081902295,0.07203747864618641,0.005567483366075344
423.751934686601,-0.011532658731514038,0.03567605167575608,0.04034441604804235,0.03720164690476379,0.07027560013080474,0.026355274014892068
423.48551517361534,0.012607297256916165,0.030299806840364204,0.062159094870488915,0.041984005996585375,0.048530438342323436,0.045106609867048356
423.2190956606296,-0.009355325161853712,0.02805032977733372,0.01983652058985693,0.02028432278485772,0.058765780752214336,0.027387230613620715
422.95267614764396,0.022253929044008226,0.04507745080553895,0.03929212847483943,0.02545901533231123,0.06726137582541902,0.02368596967754259
422.6862566346582,-0.009335237395154386,0.014159567543345627,0.030661811393648448,0.05228400996022215,0.05892994464194968,0.021430318612358654
422.4198371216726,-0.025549054271201643,0.05171940428983987,-0.005122996095282159,0.025380481424413646,0.017838336791454308,0.034825427851871316
422.1534176086868,-0.0273951183493304,0.026475645767804774,0.03393899598452045,0.07271777966335506,0.05906479124660723,0.0413898626790621
421.88699809570113,0.0018383836687245767,0.0761792112303585,0.03322541446888508,0.03304349242929999,0.03501503527812296,0.010544512433132959
421.62057858271544,-0.024068279473517685,0.034631973516135076,0.05483349715608511,0.045166705778159504,-0.0023828867691618807,-0.008447297427220446
421.35415906972975,0.0008412509435309645,0.016835681056126598,0.03414260749494898,0.06324881366480559,0.013202552801555589,0.005393203458938488
421.08773955674405,-0.01521955731020045,0.022662278678761368,0.034329852902482666,0.03931846407657984,0.027804547323747916,0.033890815646328225
420.8213200437583,0.014806448639673803,0.013030229789100782,0.014561053292068388,0.04629863835463485,0.033982066291624397,-0.015321778490419335
420.55490053077267,0.006147408193031649,0.010980234999075555,0.05448234081474659,0.05334465565262988,-0.03279845535403957,-0.009587358678277548
420.2884810177869,-0.011519418236704047,0.020840268901166862,0.03756677942388062,0.01973869138151472,0.054736294867103075,0.011343310320952576
420.0220615048013,-0.009085609214098995,0.027567765393232833,0.059189746309556555,0.07236551938159833,-0.016113687263768214,-0.027190638771871146
419.75564199181554,-0.02871003010340759,-0.0023677311908218753,0.07197478654183609,0.06298752543179358,0.010655417926133226,0.0261942299417346
419.48922247882984,-0.03606006491151799,0.01408014232398349,0.041476899431400684,0.02680360662681412,-0.018468807623093195,-0.0063893358981677835
419.22280296584415,0.003845012906225458,0.017563652304287997,0.0018901051187349275,0.046018560954346886,0.01602192310375317,0.029260899879254797
418.95638345285846,0.0031891794485158645,0.03219420757116375,0.06638821561459006,0.06925933014131441,0.034184347498840514,0.021754029577854512
418.68996393987277,0.0013076805098087305,0.012592825726752183,0.07340774724924677,0.039957034008794634,0.013426145732560337,-0.008139806164616377
418.4235444268871,0.004238856660350286,-0.00678885987442554,0.04155196634157837,0.0633053523088194,-0.02672119953681211,-0.018698337648952484
418.1571249139014,-0.010644340527683071,-0.001113528789849286,0.05951998469777425,0.04436527639571507,0.020037050481092555,0.004645731413491508
417.89070540091564,-0.007326660472385576,0.020082934158360485,0.06335213328994597,0.04446701131535634,0.0013941433664956477,0.0034382265712461484
417.62428588793,-0.0010749085498626566,0.027885443979143703,0.044121733437538675,0.058549328756759916,0.03823252270484219,-0.013314528476596246
417.35786637494425,-0.019035684528587733,-0.004486305546323935,0.058769612171384586,0.050758263110348874,0.004696833724896763,-0.04316549539114182
417.0914468619586,0.029870275362137277,0.013942911692910263,0.08738468675625687,0.022743427490953916,0.03876245798452068,-0.028013107254009306
416.82502734897287,0.018384775704034698,0.021291245509768505,0.07315944466283779,0.04562986500283921,-0.008326761269461441,0.027643741153963477
416.5586078359872,0.012710421036294195,-0.007134713251099115,0.056016399138172836,0.019611473054866393,0.040873604361199585,0.012674686159695194
416.2921883230015,0.012278699880481452,-0.01583970426775054,0.08166497117518336,0.11025759246171496,0.02507498699836841,-0.02689830170261595
416.0257688100158,-0.009961737398397685,0.023898260854778752,0.04387381342806889,-0.0006810025779328511,0.019496609434826288,-0.00036276830084368267
415.7593492970301,-0.014337696898844118,-0.013697012290627248,0.06629524212868348,0.0784116365611902,0.02080058052769298,0.00015766760169650206
415.4929297840444,0.012646396451176519,0.011881250402131168,0.072931051085836,0.04555216108056037,0.011723824632745317,0.04079328965785899
415.2265102710587,0.005672376304601757,-0.012350144355845591,0.05062766412740271,0.05253778532646194,0.056965468647273226,0.00740458640616478
414.96009075807297,0.01753792347352315,0.03906203814960748,0.048260359954921166,0.04772806396948083,0.0025355813042614718,0.03589308288582697
