Extraction [ img\s2\uncompressed\20260416_171252.jpg ] effectuee 2026-04-20 19:37:34.536622
Calibration: -0.3285*x + 704.6 [largueur 2291 + 1091]

pixel, longueur d'onde, intensite, r, g, b
0, 704.6, 31.369994696969687, 47.32575757575758, 23.265151515151516, 31.295454545454547
1, 704.2715000000001, 31.707230303030297, 48.0, 23.424242424242426, 31.666666666666668
2, 703.943, 31.199705303030303, 47.49242424242424, 22.916666666666668, 31.15909090909091
3, 703.6145, 32.0364303030303, 49.03030303030303, 23.454545454545453, 31.696969696969695
4, 703.2860000000001, 31.672830303030285, 48.666666666666664, 23.09090909090909, 31.333333333333332
5, 702.9575, 31.847788636363628, 49.234848484848484, 23.189393939393938, 30.87121212121212
6, 702.629, 32.02201363636365, 49.40909090909091, 23.363636363636363, 31.045454545454547
7, 702.3005, 33.030541666666664, 50.79545454545455, 24.174242424242426, 32.083333333333336
8, 701.972, 31.992766666666665, 49.75757575757576, 23.136363636363637, 31.045454545454547
9, 701.6435, 33.114140151515144, 51.17424242424242, 24.15909090909091, 31.901515151515152
10, 701.315, 32.652065151515146, 50.71212121212121, 23.696969696969695, 31.439393939393938
11, 700.9865, 33.7193946969697, 51.96212121212121, 24.674242424242426, 32.49242424242424
12, 700.658, 33.74673030303029, 52.015151515151516, 24.689393939393938, 32.515151515151516
13, 700.3295, 32.720484090909096, 51.82575757575758, 23.28030303030303, 31.265151515151516
14, 700.001, 32.66004772727274, 51.79545454545455, 23.204545454545453, 31.204545454545453
15, 699.6725, 32.81724621212122, 52.083333333333336, 23.325757575757574, 31.204545454545453
16, 699.344, 33.2565962121212, 52.52272727272727, 23.765151515151516, 31.643939393939394
17, 699.0155, 32.81176742424243, 52.47727272727273, 23.189393939393938, 30.825757575757574
18, 698.687, 32.50876742424242, 52.17424242424242, 22.886363636363637, 30.522727272727273
19, 698.3585, 33.094683333333336, 53.015151515151516, 23.363636363636363, 31.0
20, 698.03, 33.61735833333332, 53.53787878787879, 23.886363636363637, 31.522727272727273
21, 697.7015, 34.452508333333334, 55.21969696969697, 24.34090909090909, 32.09848484848485
22, 697.373, 34.34645833333334, 55.11363636363637, 24.234848484848484, 31.992424242424242
23, 697.0445, 34.39834393939394, 55.5, 24.151515151515152, 31.863636363636363
24, 696.716, 34.012018939393954, 55.11363636363637, 23.765151515151516, 31.477272727272727
25, 696.3875, 34.34840833333331, 55.916666666666664, 23.946969696969695, 31.386363636363637
26, 696.059, 34.946833333333345, 56.515151515151516, 24.545454545454547, 31.984848484848484
27, 695.7305, 35.19944772727272, 56.88636363636363, 24.75, 32.17424242424242
28, 695.402, 35.396397727272735, 57.083333333333336, 24.946969696969695, 32.371212121212125
29, 695.0735, 34.81594318181817, 56.47727272727273, 24.522727272727273, 31.053030303030305
30, 694.745, 34.55081818181816, 56.21212121212121, 24.257575757575758, 30.78787878787879
31, 694.4165, 35.2428765151515, 56.99242424242424, 24.931818181818183, 31.34090909090909
32, 694.088, 34.68232651515149, 56.43181818181818, 24.37121212121212, 30.78030303030303
33, 693.7595, 35.51503181818182, 57.40909090909091, 25.181818181818183, 31.348484848484848
34, 693.431, 35.01508181818182, 56.90909090909091, 24.681818181818183, 30.848484848484848
35, 693.1025000000001, 35.65106060606063, 58.03030303030303, 25.106060606060606, 31.303030303030305
36, 692.774, 35.0374856060606, 57.416666666666664, 24.492424242424242, 30.689393939393938
37, 692.4455, 35.62720757575759, 58.22727272727273, 25.015151515151516, 31.045454545454547
38, 692.1170000000001, 35.506007575757565, 58.10606060606061, 24.893939393939394, 30.924242424242426
39, 691.7885, 35.80812424242424, 58.60606060606061, 25.136363636363637, 31.015151515151516
40, 691.46, 35.14152424242426, 57.93939393939394, 24.46969696969697, 30.348484848484848
41, 691.1315000000001, 35.58303712121212, 58.56818181818182, 24.856060606060606, 30.583333333333332
42, 690.803, 35.71938712121212, 58.70454545454545, 24.992424242424242, 30.71969696969697
43, 690.4745, 35.465876515151514, 58.50757575757576, 24.71969696969697, 30.416666666666668
44, 690.1460000000001, 34.934762878787886, 57.97727272727273, 24.189393939393938, 29.87878787878788
45, 689.8175, 36.54277348484847, 60.446969696969695, 25.416666666666668, 31.189393939393938
46, 689.489, 36.66240984848485, 60.59848484848485, 25.522727272727273, 31.295454545454547
47, 689.1605000000001, 36.67888030303029, 60.74242424242424, 25.484848484848484, 31.257575757575758
48, 688.832, 37.11065530303031, 61.17424242424242, 25.916666666666668, 31.689393939393938
49, 688.5035, 37.832992424242455, 62.34848484848485, 26.424242424242426, 32.333333333333336
50, 688.1750000000001, 37.16639242424243, 61.68181818181818, 25.757575757575758, 31.666666666666668
51, 687.8465, 37.57320757575759, 62.77272727272727, 25.833333333333332, 31.984848484848484
52, 687.518, 37.75500757575759, 62.95454545454545, 26.015151515151516, 32.166666666666664
53, 687.1895000000001, 38.0195537878788, 63.70454545454545, 26.053030303030305, 32.32575757575758
54, 686.861, 37.7771537878788, 63.46212121212121, 25.810606060606062, 32.083333333333336
55, 686.5325, 38.30247272727274, 64.51515151515152, 26.106060606060606, 32.40909090909091
56, 686.2040000000001, 38.113097727272745, 64.32575757575758, 25.916666666666668, 32.21969696969697
57, 685.8755, 39.15087575757577, 65.63636363636364, 26.833333333333332, 33.166666666666664
58, 685.547, 38.44640075757576, 64.93181818181819, 26.12878787878788, 32.46212121212121
59, 685.2185000000001, 38.596586363636355, 65.5, 26.09090909090909, 32.484848484848484
60, 684.89, 38.86710378787876, 65.78030303030303, 26.356060606060606, 32.75757575757576
61, 684.5615, 38.75704772727272, 66.64393939393939, 25.78030303030303, 32.49242424242424
62, 684.2330000000001, 38.4252303030303, 66.33333333333333, 25.439393939393938, 32.15151515151515
63, 683.9045, 38.6406484848485, 66.6969696969697, 25.62121212121212, 32.15151515151515
64, 683.576, 38.5648984848485, 66.62121212121212, 25.545454545454547, 32.07575757575758
65, 683.2475000000001, 39.57424924242425, 67.96212121212122, 26.492424242424242, 32.53787878787879
66, 682.919, 38.99097424242421, 67.37878787878788, 25.90909090909091, 31.954545454545453
67, 682.5905, 39.36471363636366, 68.46969696969697, 25.96969696969697, 32.06060606060606
68, 682.2620000000001, 39.81921363636362, 68.92424242424242, 26.424242424242426, 32.515151515151516
69, 681.9335, 39.74865454545454, 69.66666666666667, 25.984848484848484, 32.21212121212121
70, 681.605, 39.82440454545453, 69.74242424242425, 26.060606060606062, 32.28787878787879
71, 681.2765, 39.94608181818182, 70.39393939393939, 26.03030303030303, 31.803030303030305
72, 680.948, 40.415731818181825, 70.86363636363636, 26.5, 32.27272727272727
73, 680.6195, 41.24464848484848, 72.3030303030303, 27.09090909090909, 32.72727272727273
74, 680.291, 41.502198484848485, 72.56060606060606, 27.348484848484848, 32.984848484848484
75, 679.9625, 41.309629545454534, 72.64393939393939, 27.053030303030305, 32.59848484848485
76, 679.634, 41.68974621212121, 73.06818181818181, 27.424242424242426, 32.90909090909091
77, 679.3055, 41.766256818181816, 74.02272727272727, 27.181818181818183, 32.32575757575758
78, 678.977, 41.89685378787877, 74.18939393939394, 27.310606060606062, 32.371212121212125
79, 678.6485, 41.920293939393915, 74.4090909090909, 27.265151515151516, 32.234848484848484
80, 678.32, 41.40705, 73.89393939393939, 26.757575757575758, 31.696969696969695
81, 677.9915, 42.3147856060606, 75.17424242424242, 27.568181818181817, 32.128787878787875
82, 677.663, 42.860185606060604, 75.71969696969697, 28.113636363636363, 32.67424242424242
83, 677.3345, 43.33132575757576, 76.89393939393939, 28.272727272727273, 32.90909090909091
84, 677.006, 43.361625757575766, 76.92424242424242, 28.303030303030305, 32.93939393939394
85, 676.6775, 44.04648030303031, 78.3030303030303, 28.75, 33.03030303030303
86, 676.349, 42.993555303030334, 77.25, 27.696969696969695, 31.977272727272727
87, 676.0205, 43.779519696969714, 78.43939393939394, 28.37878787878788, 32.24242424242424
88, 675.692, 43.559844696969684, 78.21969696969697, 28.15909090909091, 32.02272727272727
89, 675.3635, 44.24847424242423, 79.04545454545455, 28.848484848484848, 32.34848484848485
90, 675.035, 43.824274242424245, 78.62121212121212, 28.424242424242426, 31.924242424242426
91, 674.7065, 44.09385984848484, 78.97727272727273, 28.674242424242426, 32.06818181818182
92, 674.378, 44.51276212121211, 79.42424242424242, 29.098484848484848, 32.38636363636363
93, 674.0495000000001, 45.08906590909092, 80.62878787878788, 29.424242424242426, 32.60606060606061
94, 673.721, 44.55763863636366, 80.12878787878788, 28.901515151515152, 31.946969696969695
95, 673.3925, 45.13309545454546, 80.86363636363636, 29.40909090909091, 32.45454545454545
96, 673.0640000000001, 45.06492045454546, 80.79545454545455, 29.34090909090909, 32.38636363636363
97, 672.7355, 45.16924772727275, 81.31060606060606, 29.265151515151516, 32.34090909090909
98, 672.407, 46.1464227272727, 82.28787878787878, 30.242424242424242, 33.31818181818182
99, 672.0785000000001, 46.851846969696936, 83.34848484848484, 30.78787878787879, 33.916666666666664
100, 671.75, 45.935027272727275, 82.45454545454545, 29.863636363636363, 32.97727272727273
101, 671.4215, 45.406660606060605, 82.4090909090909, 29.098484848484848, 32.40151515151515
102, 671.0930000000001, 46.230608333333315, 83.23484848484848, 29.924242424242426, 33.21212121212121
103, 670.7645, 45.95629166666665, 83.59848484848484, 29.34090909090909, 32.85606060606061
104, 670.436, 46.160816666666705, 83.8030303030303, 29.545454545454547, 33.06060606060606
105, 670.1075000000001, 46.51123030303031, 84.51515151515152, 29.71212121212121, 33.40909090909091
106, 669.779, 46.43548030303031, 84.43939393939394, 29.636363636363637, 33.333333333333336
107, 669.4505, 46.74934772727272, 84.85606060606061, 29.901515151515152, 33.628787878787875
108, 669.1220000000001, 46.72032045454544, 84.90151515151516, 29.833333333333332, 33.60606060606061
109, 668.7935, 46.92945378787878, 86.37121212121212, 29.401515151515152, 33.81060606060606
110, 668.465, 47.15711287878788, 86.67424242424242, 29.59090909090909, 34.03787878787879
111, 668.1365000000001, 47.556887121212114, 87.49242424242425, 29.78030303030303, 34.42424242424242
112, 667.808, 47.07966212121212, 87.01515151515152, 29.303030303030305, 33.946969696969695
113, 667.4795, 48.00582727272729, 88.6969696969697, 29.87878787878788, 34.696969696969695
114, 667.1510000000001, 47.612009090909076, 88.31818181818181, 29.477272727272727, 34.303030303030305
115, 666.8225, 48.81216893939394, 90.35606060606061, 30.257575757575758, 35.46969696969697
116, 666.494, 47.528947727272715, 89.08333333333333, 28.96969696969697, 34.18181818181818
117, 666.1655000000001, 48.14973333333333, 90.84848484848484, 29.015151515151516, 34.765151515151516
118, 665.837, 48.751368181818165, 91.46969696969697, 29.606060606060606, 35.371212121212125
119, 665.5085, 49.10422803030304, 92.71969696969697, 29.553030303030305, 35.46212121212121
120, 665.1800000000001, 49.25589166666665, 92.90151515151516, 29.689393939393938, 35.61363636363637
121, 664.8515, 48.887574242424215, 93.65151515151516, 28.772727272727273, 35.13636363636363
122, 664.523, 49.40267424242425, 94.16666666666667, 29.28787878787879, 35.65151515151515
123, 664.1945000000001, 50.14303409090906, 95.56818181818181, 29.704545454545453, 36.32575757575758
124, 663.866, 50.083135606060566, 95.61363636363636, 29.598484848484848, 36.22727272727273
125, 663.5375, 50.4934409090909, 97.33333333333333, 29.492424242424242, 35.86363636363637
126, 663.2090000000001, 51.24105606060604, 98.22727272727273, 30.166666666666668, 36.60606060606061
127, 662.8805, 50.97386818181819, 98.28787878787878, 29.742424242424242, 36.28787878787879
128, 662.552, 50.88296818181816, 98.1969696969697, 29.651515151515152, 36.196969696969695
129, 662.2235000000001, 51.357912878787864, 99.20454545454545, 29.916666666666668, 36.35606060606061
130, 661.895, 51.48668787878787, 99.33333333333333, 30.045454545454547, 36.484848484848484
131, 661.5665, 51.10359318181819, 99.67424242424242, 29.356060606060606, 35.78030303030303
132, 661.238, 51.58839318181818, 100.1590909090909, 29.84090909090909, 36.265151515151516
133, 660.9095, 52.29564621212122, 101.56818181818181, 30.310606060606062, 36.35606060606061
134, 660.581, 51.909321212121206, 101.18181818181819, 29.924242424242426, 35.96969696969697
135, 660.2525, 52.30761515151514, 102.18181818181819, 30.03030303030303, 36.29545454545455
136, 659.924, 52.16603636363636, 102.06060606060606, 29.87878787878788, 36.15151515151515
137, 659.5955, 53.08090151515154, 103.4090909090909, 30.62121212121212, 36.81818181818182
138, 659.267, 52.59610151515149, 102.92424242424242, 30.136363636363637, 36.333333333333336
139, 658.9385, 53.243154545454566, 103.83333333333333, 30.674242424242426, 36.85606060606061
140, 658.61, 53.038011363636386, 103.67424242424242, 30.446969696969695, 36.64393939393939
141, 658.2815, 53.60308863636364, 104.9469696969697, 30.742424242424242, 36.74242424242424
142, 657.953, 53.3207128787879, 104.68939393939394, 30.446969696969695, 36.46212121212121
143, 657.6245, 54.128940151515145, 105.59848484848484, 31.21969696969697, 37.18939393939394
144, 657.296, 53.38659015151515, 104.85606060606061, 30.477272727272727, 36.446969696969695
145, 656.9675, 54.01483181818179, 106.07575757575758, 30.848484848484848, 36.84848484848485
146, 656.639, 53.999681818181806, 106.06060606060606, 30.833333333333332, 36.833333333333336
147, 656.3105, 54.54610454545452, 107.06060606060606, 31.21969696969697, 37.015151515151516
148, 655.982, 54.60382196969698, 107.1590909090909, 31.257575757575758, 37.06818181818182
149, 655.6535, 55.00943712121214, 108.20454545454545, 31.401515151515152, 37.14393939393939
150, 655.325, 54.89581212121214, 108.0909090909091, 31.28787878787879, 37.03030303030303
151, 654.9965, 54.404763636363626, 108.27272727272727, 30.5, 36.303030303030305
152, 654.668, 54.54111363636365, 108.4090909090909, 30.636363636363637, 36.43939393939394
153, 654.3395, 56.07094242424244, 110.42424242424242, 31.954545454545453, 37.78787878787879
154, 654.011, 55.9876174242424, 110.3409090909091, 31.87121212121212, 37.70454545454545
155, 653.6825, 56.91535530303029, 111.67424242424242, 32.621212121212125, 38.484848484848484
156, 653.354, 56.545546969696986, 111.34848484848484, 32.24242424242424, 38.04545454545455
157, 653.0255, 56.896074242424255, 112.66666666666667, 32.17424242424242, 38.015151515151516
158, 652.697, 56.82827348484848, 112.64393939393939, 32.09090909090909, 37.90909090909091
159, 652.3685, 57.09458030303029, 113.28787878787878, 32.166666666666664, 38.166666666666664
160, 652.04, 57.162755303030295, 113.35606060606061, 32.234848484848484, 38.234848484848484
161, 651.7115, 57.963796212121224, 114.76515151515152, 32.734848484848484, 38.99242424242424
162, 651.383, 57.092671212121175, 113.89393939393939, 31.863636363636363, 38.121212121212125
163, 651.0545, 58.155396969696966, 115.72727272727273, 32.57575757575758, 38.96969696969697
164, 650.726, 57.58727196969692, 115.1590909090909, 32.00757575757576, 38.40151515151515
165, 650.3975, 58.06277803030303, 116.38636363636364, 32.15151515151515, 38.61363636363637
166, 650.069, 58.67425227272726, 117.02272727272727, 32.75, 39.22727272727273
167, 649.7405, 58.86969469696969, 118.0530303030303, 32.583333333333336, 39.09848484848485
168, 649.412, 58.8696946969697, 118.0530303030303, 32.583333333333336, 39.09848484848485
169, 649.0835000000001, 59.17264393939396, 119.16666666666667, 32.5, 39.265151515151516
170, 648.755, 58.983268939393966, 118.97727272727273, 32.31060606060606, 39.07575757575758
171, 648.4265, 60.01890000000004, 120.39393939393939, 33.166666666666664, 40.03787878787879
172, 648.0980000000001, 60.475374242424245, 121.03030303030303, 33.53787878787879, 40.46212121212121
173, 647.7695, 61.0608212121212, 123.22727272727273, 33.31060606060606, 41.00757575757576
174, 647.441, 60.64094090909092, 122.93939393939394, 32.82575757575758, 40.57575757575758
175, 647.1125000000001, 61.573779545454535, 124.32575757575758, 33.553030303030305, 41.378787878787875
176, 646.784, 62.00469090909091, 124.75757575757575, 33.984848484848484, 41.803030303030305
177, 646.4555, 61.761425, 125.14393939393939, 33.50757575757576, 41.11363636363637
178, 646.1270000000001, 61.822562121212144, 125.21212121212122, 33.56818181818182, 41.15909090909091
179, 645.7985, 62.51846212121213, 126.89393939393939, 33.90909090909091, 41.09848484848485
180, 645.47, 63.01894924242423, 127.40151515151516, 34.40909090909091, 41.583333333333336
181, 645.1415000000001, 63.03820681818181, 128.53787878787878, 33.90151515151515, 41.38636363636363
182, 644.813, 62.440400757575745, 127.96212121212122, 33.29545454545455, 40.77272727272727
183, 644.4845, 63.44198939393938, 129.72727272727272, 33.946969696969695, 41.57575757575758
184, 644.1560000000001, 63.616215151515156, 129.96969696969697, 34.09090909090909, 41.72727272727273
185, 643.8275, 63.51771742424243, 130.62878787878788, 33.72727272727273, 41.00757575757576
186, 643.499, 63.20899848484851, 130.3181818181818, 33.42424242424242, 40.67424242424242
187, 643.1705000000001, 63.66904469696969, 131.0681818181818, 33.734848484848484, 41.14393939393939
188, 642.842, 63.66019848484849, 131.12121212121212, 33.70454545454545, 41.083333333333336
189, 642.5135, 63.83869696969696, 132.34848484848484, 33.446969696969695, 40.75757575757576
190, 642.1850000000001, 63.61918636363637, 132.22727272727272, 33.18181818181818, 40.515151515151516
191, 641.8565, 64.33478787878786, 133.1818181818182, 33.803030303030305, 41.09090909090909
192, 641.528, 63.948462878787886, 132.79545454545453, 33.416666666666664, 40.70454545454545
193, 641.1995000000001, 64.65346136363634, 134.25, 33.81818181818182, 41.00757575757576
194, 640.871, 65.54793030303031, 135.16666666666666, 34.70454545454545, 41.88636363636363
195, 640.5425, 65.43327727272728, 135.78787878787878, 34.31060606060606, 41.28030303030303
196, 640.214, 65.35814621212118, 135.7348484848485, 34.22727272727273, 41.18939393939394
197, 639.8855, 65.41679696969697, 136.72727272727272, 33.89393939393939, 40.81818181818182
198, 639.557, 65.33347196969702, 136.6439393939394, 33.81060606060606, 40.734848484848484
199, 639.2285, 66.36831363636365, 138.22727272727272, 34.63636363636363, 41.40909090909091
200, 638.9, 65.8600537878788, 137.71969696969697, 34.13636363636363, 40.85606060606061
201, 638.5715, 65.67417954545455, 138.28030303030303, 33.666666666666664, 40.17424242424242
202, 638.243, 66.02534924242426, 138.62878787878788, 34.02272727272727, 40.50757575757576
203, 637.9145, 66.17339772727273, 139.0530303030303, 34.053030303030305, 40.53787878787879
204, 637.586, 66.22515151515151, 139.16666666666666, 34.083333333333336, 40.53787878787879
205, 637.2575, 67.50161818181816, 141.3181818181818, 35.06818181818182, 41.02272727272727
206, 636.929, 67.57609696969698, 141.45454545454547, 35.121212121212125, 41.04545454545455
207, 636.6005, 67.70784015151517, 141.90151515151516, 35.11363636363637, 41.06818181818182
208, 636.272, 67.95781515151518, 142.15151515151516, 35.36363636363637, 41.31818181818182
209, 635.9435, 68.27377878787875, 142.96969696969697, 35.5, 41.24242424242424
210, 635.615, 68.16772878787874, 142.86363636363637, 35.39393939393939, 41.13636363636363
211, 635.2865, 69.38914545454544, 144.75757575757575, 36.34848484848485, 41.96969696969697
212, 634.9580000000001, 68.82102045454548, 144.18939393939394, 35.78030303030303, 41.40151515151515
213, 634.6295, 69.1578325757576, 145.1590909090909, 35.90151515151515, 41.18939393939394
214, 634.301, 69.05935757575759, 145.06060606060606, 35.803030303030305, 41.09090909090909
215, 633.9725000000001, 69.48617348484849, 146.29545454545453, 35.946969696969695, 40.85606060606061
216, 633.644, 68.95592348484848, 145.7651515151515, 35.416666666666664, 40.32575757575758
217, 633.3155, 70.2015121212121, 147.6060606060606, 36.43939393939394, 41.15909090909091
218, 632.9870000000001, 70.00246136363636, 147.4318181818182, 36.22727272727273, 40.96212121212121
219, 632.6585, 70.27861818181817, 147.9090909090909, 36.40909090909091, 41.196969696969695
220, 632.33, 70.11415151515148, 147.8030303030303, 36.21969696969697, 41.00757575757576
221, 632.0015000000001, 70.71869318181817, 149.4318181818182, 36.38636363636363, 41.18181818181818
222, 631.673, 70.21961969696966, 148.95454545454547, 35.89393939393939, 40.59090909090909
223, 631.3445, 70.45410075757573, 149.29545454545453, 36.17424242424242, 40.31060606060606
224, 631.0160000000001, 70.62832575757572, 149.46969696969697, 36.34848484848485, 40.484848484848484
225, 630.6875, 70.87003257575753, 150.0530303030303, 36.5, 40.29545454545455
226, 630.359, 70.78147878787877, 149.9848484848485, 36.40151515151515, 40.20454545454545
227, 630.0305000000001, 71.6193174242424, 151.97727272727272, 36.734848484848484, 40.61363636363637
228, 629.702, 70.80892121212112, 151.16666666666666, 35.93181818181818, 39.765151515151516
229, 629.3735, 71.83050606060608, 152.66666666666666, 36.833333333333336, 40.15151515151515
230, 629.0450000000001, 71.42261212121207, 152.28787878787878, 36.416666666666664, 39.71212121212121
231, 628.7165, 72.01784696969695, 153.5, 36.75757575757576, 40.0
232, 628.388, 72.02542196969694, 153.50757575757575, 36.765151515151516, 40.00757575757576
233, 628.0595000000001, 72.25293560606062, 154.28030303030303, 36.765151515151516, 39.97727272727273
234, 627.731, 72.3741356060606, 154.40151515151516, 36.88636363636363, 40.09848484848485
235, 627.4025, 73.01017424242423, 155.53030303030303, 37.333333333333336, 40.416666666666664
236, 627.0740000000001, 72.922953030303, 155.54545454545453, 37.21969696969697, 40.196969696969695
237, 626.7455, 73.93272045454546, 157.9469696969697, 37.628787878787875, 40.65151515151515
238, 626.417, 74.14520757575761, 158.22727272727272, 37.833333333333336, 40.72727272727273
239, 626.0885000000001, 74.64888409090906, 158.88636363636363, 38.29545454545455, 41.03787878787879
240, 625.76, 74.05045909090913, 158.28787878787878, 37.696969696969695, 40.43939393939394
241, 625.4315, 75.11816893939393, 159.82575757575756, 38.61363636363637, 41.053030303030305
242, 625.1030000000001, 74.88334393939395, 159.5909090909091, 38.378787878787875, 40.81818181818182
243, 624.7745, 75.62529772727275, 161.41666666666666, 38.64393939393939, 41.17424242424242
244, 624.446, 75.92072272727276, 161.71212121212122, 38.93939393939394, 41.46969696969697
245, 624.1175000000001, 76.08693939393935, 162.42424242424244, 38.93939393939394, 41.06060606060606
246, 623.789, 75.94301439393942, 162.28030303030303, 38.79545454545455, 40.916666666666664
247, 623.4605, 75.95126439393937, 163.11363636363637, 38.446969696969695, 40.59848484848485
248, 623.1320000000001, 76.34343712121209, 163.50757575757575, 38.84090909090909, 40.97727272727273
249, 622.8035, 76.95047499999997, 164.79545454545453, 39.20454545454545, 41.053030303030305
250, 622.475, 76.58514772727277, 164.4318181818182, 38.84090909090909, 40.67424242424242
251, 622.1465000000001, 76.92563106060607, 165.12878787878788, 39.04545454545455, 40.78030303030303
252, 621.818, 76.90702651515153, 165.11363636363637, 39.03030303030303, 40.734848484848484
253, 621.4895, 77.14121515151517, 166.33333333333334, 38.72727272727273, 41.15151515151515
254, 621.1610000000001, 77.67332121212118, 166.86363636363637, 39.265151515151516, 41.65909090909091
255, 620.8325, 77.34701363636361, 166.6818181818182, 38.86363636363637, 41.34090909090909
256, 620.504, 77.72761969696973, 167.06060606060606, 39.25, 41.696969696969695
257, 620.1755, 78.50847121212125, 168.84848484848484, 39.52272727272727, 42.45454545454545
258, 619.847, 78.35569924242427, 168.68939393939394, 39.378787878787875, 42.27272727272727
259, 619.5185, 78.52684772727275, 169.25, 39.38636363636363, 42.265151515151516
260, 619.19, 79.24647272727267, 169.96969696969697, 40.10606060606061, 42.984848484848484
261, 618.8615, 79.39225075757572, 170.67424242424244, 40.053030303030305, 42.68939393939394
262, 618.533, 78.71462121212124, 170.0, 39.378787878787875, 41.984848484848484
263, 618.2045, 79.31623712121217, 171.18939393939394, 39.68181818181818, 42.583333333333336
264, 617.876, 79.07482954545458, 170.9469696969697, 39.446969696969695, 42.31060606060606
265, 617.5475, 79.85093030303031, 172.5151515151515, 39.84848484848485, 42.93939393939394
266, 617.219, 79.29038030303036, 171.95454545454547, 39.28787878787879, 42.378787878787875
267, 616.8905, 79.96563106060609, 172.78030303030303, 39.90151515151515, 42.97727272727273
268, 616.562, 79.39923333333336, 172.21212121212122, 39.333333333333336, 42.42424242424242
269, 616.2335, 80.18798257575759, 174.18939393939394, 39.63636363636363, 42.59848484848485
270, 615.905, 79.76132045454543, 173.7651515151515, 39.21969696969697, 42.11363636363637
271, 615.5765, 80.04837045454549, 174.40151515151516, 39.378787878787875, 42.14393939393939
272, 615.248, 80.31448787878786, 174.66666666666666, 39.65151515151515, 42.378787878787875
273, 614.9195, 79.98297121212121, 174.83333333333334, 39.166666666666664, 41.53030303030303
274, 614.591, 80.08144621212121, 174.9318181818182, 39.265151515151516, 41.628787878787875
275, 614.2625, 80.25581287878788, 175.96212121212122, 39.128787878787875, 41.15909090909091
276, 613.934, 80.56638787878785, 176.27272727272728, 39.43939393939394, 41.46969696969697
277, 613.6055, 81.38316136363635, 178.08333333333334, 39.90151515151515, 41.50757575757576
278, 613.277, 81.01956136363634, 177.71969696969697, 39.53787878787879, 41.14393939393939
279, 612.9485, 81.20593484848486, 178.53030303030303, 39.5, 40.84848484848485
280, 612.62, 81.28082121212123, 178.6060606060606, 39.57575757575758, 40.916666666666664
281, 612.2915, 82.32773484848482, 180.15151515151516, 40.50757575757576, 41.25
282, 611.963, 82.35865378787877, 180.20454545454547, 40.53030303030303, 41.265151515151516
283, 611.6345, 82.29749999999997, 180.6060606060606, 40.28787878787879, 40.92424242424242
284, 611.306, 82.4357189393939, 180.7651515151515, 40.43939393939394, 40.93939393939394
285, 610.9775, 83.73049393939395, 182.56060606060606, 41.59848484848485, 41.621212121212125
286, 610.649, 83.50022272727274, 182.3181818181818, 41.40909090909091, 41.21212121212121
287, 610.3205, 83.10174166666661, 182.28030303030303, 40.88636363636363, 40.50757575757576
288, 609.992, 83.51079166666666, 182.68939393939394, 41.29545454545455, 40.916666666666664
289, 609.6635, 83.29957424242426, 182.74242424242425, 41.04545454545455, 40.21212121212121
290, 609.335, 83.34502424242424, 182.78787878787878, 41.09090909090909, 40.25757575757576
291, 609.0065, 83.82665606060603, 183.5909090909091, 41.484848484848484, 40.34848484848485
292, 608.678, 84.00088106060609, 183.7651515151515, 41.65909090909091, 40.52272727272727
293, 608.3495, 84.6887810606061, 185.0681818181818, 42.14393939393939, 40.64393939393939
294, 608.021, 84.80998106060605, 185.18939393939394, 42.265151515151516, 40.765151515151516
295, 607.6925, 85.32310378787882, 185.78030303030303, 42.85606060606061, 40.67424242424242
296, 607.364, 85.36097878787874, 185.8181818181818, 42.89393939393939, 40.71212121212121
297, 607.0355, 86.59084545454547, 187.3030303030303, 44.121212121212125, 41.28787878787879
298, 606.707, 86.46964545454544, 187.1818181818182, 44.0, 41.166666666666664
299, 606.3785, 86.92614772727275, 188.0681818181818, 44.29545454545455, 41.32575757575758
300, 606.05, 87.65093257575757, 188.78030303030303, 45.04545454545455, 41.95454545454545
301, 605.7215, 87.66583939393941, 188.65151515151516, 45.18939393939394, 41.68181818181818
302, 605.393, 87.31147272727276, 188.3030303030303, 44.84848484848485, 41.24242424242424
303, 605.0645000000001, 88.34534242424238, 189.45454545454547, 45.89393939393939, 41.90909090909091
304, 604.736, 87.7544924242424, 188.86363636363637, 45.303030303030305, 41.31818181818182
305, 604.4075, 88.40615757575762, 189.63636363636363, 45.96969696969697, 41.57575757575758
306, 604.0790000000001, 88.29253257575758, 189.52272727272728, 45.85606060606061, 41.46212121212121
307, 603.7505, 89.25198560606063, 190.75, 46.78030303030303, 41.90151515151515
308, 603.422, 88.7823356060606, 190.28030303030303, 46.31060606060606, 41.43181818181818
309, 603.0935000000001, 88.99833863636361, 190.70454545454547, 46.47727272727273, 41.35606060606061
310, 602.765, 89.17841136363634, 190.88636363636363, 46.65909090909091, 41.52272727272727
311, 602.4365, 89.72171818181818, 191.83333333333334, 47.083333333333336, 41.621212121212125
312, 602.1080000000001, 90.41376287878786, 192.52272727272728, 47.78030303030303, 42.29545454545455
313, 601.7795, 90.30323712121205, 192.62878787878788, 47.64393939393939, 41.75
314, 601.451, 90.10628712121209, 192.4318181818182, 47.446969696969695, 41.553030303030305
315, 601.1225000000001, 90.73750075757572, 193.17424242424244, 48.053030303030305, 42.02272727272727
316, 600.794, 90.73122272727275, 193.15151515151516, 48.083333333333336, 41.871212121212125
317, 600.4655, 91.48146742424244, 194.3409090909091, 48.84848484848485, 41.39393939393939
318, 600.1370000000001, 91.48226212121214, 194.34848484848484, 48.86363636363637, 41.303030303030305
319, 599.8085, 91.99012727272726, 194.93939393939394, 49.34848484848485, 41.71212121212121
320, 599.48, 92.45220227272729, 195.40151515151516, 49.81060606060606, 42.17424242424242
321, 599.1515, 92.50747575757578, 196.0, 49.65151515151515, 41.90909090909091
322, 598.823, 92.5150507575758, 196.00757575757575, 49.65909090909091, 41.916666666666664
323, 598.4945, 92.72815984848484, 196.58333333333334, 49.734848484848484, 41.88636363636363
324, 598.166, 92.6827098484848, 196.53787878787878, 49.68939393939394, 41.84090909090909
325, 597.8375, 93.46245757575765, 197.84848484848484, 50.36363636363637, 41.77272727272727
326, 597.509, 92.9473575757576, 197.33333333333334, 49.84848484848485, 41.25757575757576
327, 597.1805, 93.7370090909091, 198.54545454545453, 50.5, 41.65151515151515
328, 596.852, 93.79760909090906, 198.6060606060606, 50.56060606060606, 41.71212121212121
329, 596.5235, 93.25396363636361, 198.24242424242425, 49.96969696969697, 40.93939393939394
330, 596.195, 93.3524386363636, 198.3409090909091, 50.06818181818182, 41.03787878787879
331, 595.8665, 93.84005454545452, 199.0, 50.5, 41.36363636363637
332, 595.538, 93.20976590909086, 198.40151515151516, 49.85606060606061, 40.71969696969697
333, 595.2095, 94.84023333333329, 200.77272727272728, 51.18939393939394, 41.93939393939394
334, 594.881, 94.25013106060607, 200.20454545454547, 50.59848484848485, 41.29545454545455
335, 594.5525, 95.03689545454544, 201.04545454545453, 51.40909090909091, 41.81818181818182
336, 594.224, 95.96862045454546, 201.97727272727272, 52.34090909090909, 42.75
337, 593.8955, 96.35335227272725, 202.53787878787878, 52.71969696969697, 42.70454545454545
338, 593.567, 96.34092196969698, 202.52272727272728, 52.71212121212121, 42.67424242424242
339, 593.2385, 96.96224545454545, 203.45454545454547, 53.31818181818182, 42.56060606060606
340, 592.9100000000001, 97.07241590909088, 203.5681818181818, 53.43181818181818, 42.64393939393939
341, 592.5815, 97.71349696969705, 204.27272727272728, 54.166666666666664, 42.63636363636363
342, 592.253, 97.26139015151514, 203.82575757575756, 53.71969696969697, 42.14393939393939
343, 591.9245000000001, 97.5228810606061, 204.29545454545453, 53.984848484848484, 41.84090909090909
344, 591.596, 97.39509848484852, 204.16666666666666, 53.86363636363637, 41.68181818181818
345, 591.2675, 98.33662500000003, 205.3409090909091, 54.81818181818182, 41.946969696969695
346, 590.9390000000001, 98.02119469696973, 205.02272727272728, 54.50757575757576, 41.61363636363637
347, 590.6105, 98.7704924242425, 205.83333333333334, 55.27272727272727, 42.121212121212125
348, 590.282, 99.02324696969691, 206.0909090909091, 55.553030303030305, 42.21969696969697
349, 589.9535000000001, 99.50072803030298, 206.6590909090909, 56.17424242424242, 41.71969696969697
350, 589.625, 99.93038030303033, 207.1060606060606, 56.621212121212125, 42.015151515151516
351, 589.2965, 100.33889696969698, 207.54545454545453, 57.07575757575758, 42.10606060606061
352, 588.9680000000001, 99.78333106060613, 206.99242424242425, 56.52272727272727, 41.53030303030303
353, 588.6395, 100.41080378787883, 207.6439393939394, 57.28787878787879, 41.38636363636363
354, 588.311, 100.1828189393939, 207.41666666666666, 57.06818181818182, 41.11363636363637
355, 587.9825000000001, 100.70799999999997, 207.87878787878788, 57.78787878787879, 40.803030303030305
356, 587.654, 100.41842272727274, 207.5909090909091, 57.5, 40.5
357, 587.3255, 100.66621439393941, 208.00757575757575, 57.84090909090909, 39.82575757575758
358, 586.9970000000001, 100.7250871212121, 208.0681818181818, 57.90151515151515, 39.871212121212125
359, 586.6685, 101.28032121212127, 208.6818181818182, 58.53787878787879, 39.85606060606061
360, 586.34, 101.24343863636366, 208.6439393939394, 58.50757575757576, 39.78787878787879
361, 586.0115000000001, 101.76138333333336, 209.34848484848484, 59.06060606060606, 39.63636363636363
362, 585.683, 101.50968106060611, 209.09848484848484, 58.81060606060606, 39.371212121212125
363, 585.3545, 101.67067272727273, 209.33333333333334, 58.96969696969697, 39.34848484848485
364, 585.0260000000001, 101.8274143939394, 209.49242424242425, 59.14393939393939, 39.40909090909091
365, 584.6975, 102.56455075757579, 209.5681818181818, 60.378787878787875, 39.31818181818182
366, 584.369, 102.68506287878795, 209.67424242424244, 60.52272727272727, 39.35606060606061
367, 584.0405000000001, 103.21308560606055, 210.12878787878788, 61.13636363636363, 39.63636363636363
368, 583.712, 103.5709666666666, 210.4848484848485, 61.5, 39.96969696969697
369, 583.3835, 104.09761363636362, 210.9090909090909, 62.15909090909091, 40.083333333333336
370, 583.0550000000001, 104.29156439393935, 211.09848484848484, 62.36363636363637, 40.234848484848484
371, 582.7265, 104.99040984848486, 211.58333333333334, 63.34848484848485, 40.02272727272727
372, 582.398, 105.2792522727273, 211.87121212121212, 63.64393939393939, 40.28030303030303
373, 582.0695000000001, 105.87581742424237, 212.3560606060606, 64.45454545454545, 40.06818181818182
374, 581.741, 106.26227121212125, 212.74242424242425, 64.84848484848484, 40.416666666666664
375, 581.4125, 106.6952666666667, 213.0151515151515, 65.50757575757575, 40.10606060606061
376, 581.0840000000001, 106.7577227272727, 213.07575757575756, 65.57575757575758, 40.14393939393939
377, 580.7555, 106.84150909090906, 213.0909090909091, 65.81818181818181, 39.59090909090909
378, 580.427, 106.55365909090911, 212.8030303030303, 65.53030303030303, 39.303030303030305
379, 580.0985000000001, 107.17238484848487, 213.42424242424244, 66.21212121212122, 39.59090909090909
380, 579.77, 107.75680606060608, 213.9848484848485, 66.85606060606061, 39.93181818181818
381, 579.4415, 108.09922954545458, 213.99242424242425, 67.56060606060606, 39.28787878787879
382, 579.113, 107.6157393939394, 213.5151515151515, 67.12121212121212, 38.56060606060606
383, 578.7845, 108.31525833333335, 214.1590909090909, 67.93939393939394, 38.79545454545455
384, 578.456, 108.87252954545457, 214.70454545454547, 68.52272727272727, 39.25
385, 578.1275, 109.31214090909093, 214.87878787878788, 69.21969696969697, 39.06060606060606
386, 577.799, 109.92137575757575, 215.4848484848485, 69.86363636363636, 39.5
387, 577.4705, 109.92934015151516, 215.1590909090909, 70.16666666666667, 38.86363636363637
388, 577.142, 110.06778181818186, 215.28787878787878, 70.35606060606061, 38.765151515151516
389, 576.8135, 110.67018181818182, 215.45454545454547, 71.36363636363636, 38.42424242424242
390, 576.485, 110.91149848484852, 215.6969696969697, 71.64393939393939, 38.46212121212121
391, 576.1565, 111.45927424242423, 216.04545454545453, 72.43939393939394, 38.25757575757576
392, 575.828, 111.98254621212124, 216.58333333333334, 72.98484848484848, 38.628787878787875
393, 575.4995, 111.86938409090908, 216.2348484848485, 73.16666666666667, 37.61363636363637
394, 575.171, 111.85820378787881, 216.21969696969697, 73.18181818181819, 37.47727272727273
395, 574.8425, 112.5804340909091, 216.79545454545453, 74.04545454545455, 37.85606060606061
396, 574.514, 112.84790757575752, 216.9848484848485, 74.4090909090909, 37.833333333333336
397, 574.1855, 113.36302727272731, 217.22727272727272, 75.25, 37.38636363636363
398, 573.857, 113.58003257575766, 217.40151515151516, 75.5530303030303, 37.27272727272727
399, 573.5285, 114.32585303030301, 218.13636363636363, 76.37878787878788, 37.63636363636363
400, 573.2, 114.48370303030306, 218.27272727272728, 76.56060606060606, 37.72727272727273
401, 572.8715, 114.72491666666664, 218.25757575757575, 77.04545454545455, 37.38636363636363
402, 572.543, 115.15196515151516, 218.6818181818182, 77.48484848484848, 37.75757575757576
403, 572.2145, 116.00086212121211, 219.25757575757575, 78.63636363636364, 37.765151515151516
404, 571.886, 115.68940151515145, 218.93939393939394, 78.35606060606061, 37.31060606060606
405, 571.5575, 116.00517424242427, 218.93939393939394, 78.9469696969697, 37.03787878787879
406, 571.229, 115.98095757575753, 218.9090909090909, 78.96969696969697, 36.78787878787879
407, 570.9005, 117.23024318181827, 219.91666666666666, 80.48484848484848, 37.303030303030305
408, 570.572, 116.9357886363636, 219.61363636363637, 80.22727272727273, 36.84090909090909
409, 570.2435, 116.9522962121212, 219.38636363636363, 80.46969696969697, 36.333333333333336
410, 569.915, 116.42415984848482, 218.8560606060606, 79.96212121212122, 35.70454545454545
411, 569.5865, 117.03997954545453, 219.37121212121212, 80.71212121212122, 35.89393939393939
412, 569.258, 117.4693174242424, 219.78030303030303, 81.1969696969697, 36.09090909090909
413, 568.9295, 118.49104469696965, 220.2348484848485, 82.60606060606061, 36.60606060606061
414, 568.601, 118.57542196969708, 220.32575757575756, 82.71969696969697, 36.52272727272727
415, 568.2725, 119.45804621212119, 221.0530303030303, 83.75, 37.053030303030305
416, 567.944, 119.47073409090916, 221.0681818181818, 83.77272727272727, 37.00757575757576
417, 567.6155, 119.35828106060607, 220.67424242424244, 83.93181818181819, 36.234848484848484
418, 567.287, 119.58464545454547, 220.8939393939394, 84.18939393939394, 36.31818181818182
419, 566.9585, 119.91393863636365, 220.91666666666666, 84.87121212121212, 35.63636363636363
420, 566.63, 120.36435606060607, 221.36363636363637, 85.37121212121212, 35.84090909090909
421, 566.3015, 120.82419393939401, 221.3939393939394, 86.18181818181819, 35.621212121212125
422, 565.973, 120.42793863636366, 220.99242424242425, 85.83333333333333, 34.99242424242424
423, 565.6445, 121.16888484848482, 221.37878787878788, 86.96212121212122, 34.666666666666664
424, 565.316, 121.35419924242426, 221.5681818181818, 87.16666666666667, 34.74242424242424
425, 564.9875, 122.13158939393942, 221.83333333333334, 88.3030303030303, 35.015151515151516
426, 564.659, 122.20043030303029, 221.9090909090909, 88.37878787878788, 35.03030303030303
427, 564.3305, 122.80753030303028, 222.27272727272728, 89.1969696969697, 35.18939393939394
428, 564.002, 122.97015681818176, 222.37121212121212, 89.46212121212122, 34.99242424242424
429, 563.6735, 123.36957575757577, 222.5, 90.21969696969697, 34.25757575757576
430, 563.345, 123.66089621212117, 222.78030303030303, 90.5909090909091, 34.166666666666664
431, 563.0165, 124.14288712121206, 223.09848484848484, 91.25, 34.166666666666664
432, 562.688, 124.00498560606059, 222.9469696969697, 91.13636363636364, 33.93939393939394
433, 562.3595, 124.17248484848487, 222.87878787878788, 91.62121212121212, 33.09090909090909
434, 562.031, 124.3400363636363, 223.04545454545453, 91.8409090909091, 32.99242424242424
435, 561.7025, 125.13652651515159, 223.21969696969697, 93.1590909090909, 32.734848484848484
436, 561.374, 125.23088409090903, 223.28030303030303, 93.32575757575758, 32.54545454545455
437, 561.0455, 125.97361590909094, 223.53787878787878, 94.53787878787878, 32.14393939393939
438, 560.717, 125.94191818181827, 223.46969696969697, 94.58333333333333, 31.810606060606062
439, 560.3885, 126.95629621212133, 223.8560606060606, 96.09848484848484, 31.893939393939394
440, 560.06, 126.89465984848486, 223.78030303030303, 96.0909090909091, 31.59090909090909
441, 559.7315, 127.85082272727267, 224.5, 97.36363636363636, 31.53787878787879
442, 559.403, 127.53696893939392, 224.17424242424244, 97.07575757575758, 31.12121212121212
443, 559.0745000000001, 127.91815075757577, 224.32575757575756, 97.68181818181819, 30.946969696969695
444, 558.746, 128.03349696969696, 224.42424242424244, 97.9090909090909, 30.53030303030303
445, 558.4175, 128.56537424242416, 224.36363636363637, 98.91666666666667, 30.166666666666668
446, 558.089, 128.68254090909085, 224.36363636363637, 99.20454545454545, 29.71212121212121
447, 557.7605, 129.583653030303, 225.06060606060606, 100.28030303030303, 30.25
448, 557.432, 129.8179181818182, 225.21212121212122, 100.57575757575758, 30.386363636363637
449, 557.1035, 130.48723257575756, 225.62878787878788, 101.53030303030303, 30.25
450, 556.775, 130.6954128787878, 225.79545454545453, 101.8030303030303, 30.234848484848484
451, 556.4465, 131.4884962121212, 226.32575757575756, 102.9090909090909, 30.106060606060606
452, 556.118, 131.34144621212118, 226.1439393939394, 102.8409090909091, 29.643939393939394
453, 555.7895, 132.32818863636365, 226.90151515151516, 104.12878787878788, 29.681818181818183
454, 555.461, 132.2427189393939, 226.82575757575756, 104.0909090909091, 29.325757575757574
455, 555.1325, 132.4845537878787, 226.7348484848485, 104.67424242424242, 28.681818181818183
456, 554.8040000000001, 132.49760606060596, 226.74242424242425, 104.75, 28.386363636363637
457, 554.4755, 132.9556606060606, 227.1060606060606, 105.38636363636364, 28.174242424242426
458, 554.147, 132.47431818181818, 226.5909090909091, 104.97727272727273, 27.40909090909091
459, 553.8185000000001, 132.38495151515147, 226.24242424242425, 105.13636363636364, 26.71969696969697
460, 553.49, 132.80233939393935, 226.6060606060606, 105.66666666666667, 26.696969696969695
461, 553.1615, 133.95125984848482, 227.5530303030303, 107.06818181818181, 27.075757575757574
462, 552.8330000000001, 133.57860606060603, 227.1969696969697, 106.75, 26.37878787878788
463, 552.5045, 134.0573151515151, 227.53030303030303, 107.35606060606061, 26.583333333333332
464, 552.176, 134.38217954545453, 227.82575757575756, 107.75757575757575, 26.59090909090909
465, 551.8475000000001, 134.9705590909091, 228.1969696969697, 108.56060606060606, 26.643939393939394
466, 551.519, 135.2573257575757, 228.4848484848485, 108.88636363636364, 26.727272727272727
467, 551.1905, 135.3453143939394, 228.21969696969697, 109.32575757575758, 25.931818181818183
468, 550.8620000000001, 135.3773696969697, 228.1969696969697, 109.47727272727273, 25.492424242424242
469, 550.5335, 135.79286666666667, 228.22727272727272, 110.21969696969697, 25.234848484848484
470, 550.205, 135.3018045454546, 227.71212121212122, 109.84848484848484, 24.189393939393938
471, 549.8765000000001, 135.7435295454546, 227.88636363636363, 110.56818181818181, 23.901515151515152
472, 549.548, 135.88177348484848, 228.02272727272728, 110.76515151515152, 23.742424242424242
473, 549.2195, 136.46361818181813, 228.43939393939394, 111.5530303030303, 23.696969696969695
474, 548.8910000000001, 136.51443863636362, 228.49242424242425, 111.62878787878788, 23.613636363636363
475, 548.5625, 137.16003409090908, 229.0530303030303, 112.41666666666667, 23.75
476, 548.234, 137.3368181818182, 229.16666666666666, 112.68939393939394, 23.598484848484848
477, 547.9055000000001, 137.71858257575764, 228.87121212121212, 113.56818181818181, 23.196969696969695
478, 547.577, 137.92662424242417, 228.9848484848485, 113.90151515151516, 23.007575757575758
479, 547.2485, 138.22586969696965, 229.1060606060606, 114.38636363636364, 22.818181818181817
480, 546.9200000000001, 138.63429166666666, 229.50757575757575, 114.8409090909091, 23.007575757575758
481, 546.5915, 139.37803636363637, 229.93939393939394, 115.89393939393939, 22.977272727272727
482, 546.263, 140.14477272727268, 230.6818181818182, 116.75, 23.348484848484848
483, 545.9345000000001, 140.5012795454545, 230.53787878787878, 117.49242424242425, 23.03030303030303
484, 545.606, 140.64134469696975, 230.6439393939394, 117.71969696969697, 22.810606060606062
485, 545.2775, 141.21727499999994, 230.6590909090909, 118.81818181818181, 22.166666666666668
486, 544.9490000000001, 140.96505151515163, 230.3939393939394, 118.65151515151516, 21.507575757575758
487, 544.6205, 141.36872500000007, 230.17424242424244, 119.53787878787878, 21.060606060606062
488, 544.292, 141.5452295454545, 230.28030303030303, 119.82575757575758, 20.848484848484848
489, 543.9635000000001, 142.01159318181814, 230.28030303030303, 120.68939393939394, 20.492424242424242
490, 543.635, 142.46537045454542, 230.68939393939394, 121.18939393939394, 20.825757575757574
491, 543.3065, 142.8217143939394, 230.88636363636363, 121.71969696969697, 20.704545454545453
492, 542.9780000000001, 142.75647272727272, 230.8030303030303, 121.73484848484848, 20.272727272727273
493, 542.6495, 143.0701901515151, 230.37121212121212, 122.58333333333333, 19.78787878787879
494, 542.321, 143.17357045454548, 230.4318181818182, 122.77272727272727, 19.560606060606062
495, 541.9925000000001, 143.4796901515152, 230.52272727272728, 123.28030303030303, 19.393939393939394
496, 541.664, 143.75219166666662, 230.7348484848485, 123.5909090909091, 19.62878787878788
497, 541.3355, 144.3032803030302, 230.75757575757575, 124.56818181818181, 19.37121212121212
498, 541.0070000000001, 144.4179916666666, 230.8409090909091, 124.71969696969697, 19.37878787878788
499, 540.6785, 145.37155833333327, 231.08333333333334, 126.20454545454545, 19.46212121212121
500, 540.35, 145.23337727272727, 230.92424242424244, 126.10606060606061, 19.174242424242426
501, 540.0215000000001, 145.2650712121212, 230.27272727272728, 126.67424242424242, 18.234848484848484
502, 539.693, 145.3492371212121, 230.28030303030303, 126.81818181818181, 18.21212121212121
503, 539.3645, 145.61594166666652, 229.90151515151516, 127.57575757575758, 17.643939393939394
504, 539.0360000000001, 145.9792621212121, 230.25757575757575, 127.95454545454545, 17.946969696969695
505, 538.7075, 146.1935840909091, 229.99242424242425, 128.56060606060606, 17.401515151515152
506, 538.379, 146.2636962121212, 230.00757575757575, 128.6590909090909, 17.46969696969697
507, 538.0505, 146.58016590909085, 230.00757575757575, 129.18939393939394, 17.515151515151516
508, 537.722, 146.89462803030295, 230.2348484848485, 129.5681818181818, 17.727272727272727
509, 537.3935, 147.7339871212121, 230.50757575757575, 130.86363636363637, 17.704545454545453
510, 537.065, 147.0837515151515, 229.75757575757575, 130.28787878787878, 16.931818181818183
511, 536.7365, 147.525018939394, 230.03787878787878, 130.8939393939394, 16.946969696969695
512, 536.408, 147.67804772727283, 230.12878787878788, 131.08333333333334, 17.075757575757574
513, 536.0795, 148.34355075757577, 230.09848484848484, 132.20454545454547, 17.21969696969697
514, 535.751, 148.38291969696968, 230.04545454545453, 132.3030303030303, 17.196969696969695
515, 535.4225, 148.75037575757577, 229.72727272727272, 133.1969696969697, 16.651515151515152
516, 535.094, 148.76627196969693, 229.62878787878788, 133.27272727272728, 16.65909090909091
517, 534.7655, 149.46809924242424, 229.68939393939394, 134.42424242424244, 16.727272727272727
518, 534.437, 149.35909545454555, 229.42424242424244, 134.40151515151516, 16.583333333333332
519, 534.1085, 149.60912045454558, 229.02272727272728, 135.13636363636363, 16.045454545454547
520, 533.78, 149.50880075757573, 228.81060606060606, 135.09848484848484, 15.916666666666666
521, 533.4515, 150.2868924242424, 228.87878787878788, 136.38636363636363, 15.931818181818182
522, 533.123, 150.3871409090909, 228.8939393939394, 136.53030303030303, 16.03030303030303
523, 532.7945, 150.69348484848481, 229.0909090909091, 137.0151515151515, 15.704545454545455
524, 532.466, 150.37102803030308, 228.6590909090909, 136.7651515151515, 15.295454545454545
525, 532.1375, 151.3141946969696, 229.03787878787878, 138.13636363636363, 15.515151515151516
526, 531.809, 151.07555303030296, 228.71212121212122, 137.95454545454547, 15.212121212121213
527, 531.4805, 151.79908787878776, 229.12121212121212, 138.87878787878788, 15.727272727272727
528, 531.152, 151.61350606060603, 228.87878787878788, 138.72727272727272, 15.515151515151516
529, 530.8235, 152.2979083333333, 229.09848484848484, 139.7651515151515, 15.598484848484848
530, 530.495, 152.5333166666666, 229.25757575757575, 140.04545454545453, 15.803030303030303
531, 530.1665, 153.02494545454536, 228.95454545454547, 141.0681818181818, 15.643939393939394
532, 529.838, 153.02067348484843, 228.87121212121212, 141.11363636363637, 15.590909090909092
533, 529.5095, 153.50880151515165, 228.95454545454547, 141.8939393939394, 15.636363636363637
534, 529.181, 153.40489848484845, 228.74242424242425, 141.84848484848484, 15.515151515151516
535, 528.8525, 153.7123689393939, 228.28030303030303, 142.6590909090909, 15.25
536, 528.524, 153.91162954545456, 228.40151515151516, 142.90151515151516, 15.431818181818182
537, 528.1955, 154.08409166666664, 228.17424242424244, 143.32575757575756, 15.356060606060606
538, 527.867, 154.55374166666664, 228.6439393939394, 143.79545454545453, 15.825757575757576
539, 527.5385, 154.89111666666665, 228.83333333333334, 144.25757575757575, 15.909090909090908
540, 527.21, 154.7349356060606, 228.52272727272728, 144.18939393939394, 15.704545454545455
541, 526.8815, 155.30991439393938, 228.58333333333334, 145.1439393939394, 15.674242424242424
542, 526.553, 154.93875075757572, 228.09848484848484, 144.8409090909091, 15.25
543, 526.2245, 155.44960075757564, 228.2348484848485, 145.5681818181818, 15.628787878787879
544, 525.896, 155.48245681818184, 228.2348484848485, 145.62121212121212, 15.643939393939394
545, 525.5675, 155.90698636363635, 228.3181818181818, 146.3181818181818, 15.56060606060606
546, 525.239, 155.90888863636366, 228.2348484848485, 146.37121212121212, 15.522727272727273
547, 524.9105, 156.15208257575748, 227.81060606060606, 147.0530303030303, 15.257575757575758
548, 524.582, 155.92492575757572, 227.4848484848485, 146.88636363636363, 14.977272727272727
549, 524.2535, 156.608581060606, 227.75, 147.8939393939394, 15.090909090909092
550, 523.925, 156.1574659090908, 227.2348484848485, 147.4848484848485, 14.590909090909092
551, 523.5965, 156.80381515151518, 227.22727272727272, 148.5530303030303, 14.780303030303031
552, 523.268, 156.910075, 227.28030303030303, 148.68939393939394, 14.871212121212121
553, 522.9395, 157.17274924242432, 227.12878787878788, 149.22727272727272, 14.803030303030303
554, 522.611, 157.39206287878787, 227.32575757575756, 149.46969696969697, 14.962121212121213
555, 522.2825, 157.69757348484845, 227.4469696969697, 149.91666666666666, 15.022727272727273
556, 521.954, 157.7181401515151, 227.38636363636363, 150.00757575757575, 14.893939393939394
557, 521.6255, 158.17540454545463, 227.0151515151515, 150.96969696969697, 14.924242424242424
558, 521.297, 158.14693787878787, 226.9090909090909, 151.00757575757575, 14.757575757575758
559, 520.9685, 158.8205068181819, 227.28030303030303, 151.8939393939394, 15.128787878787879
560, 520.64, 158.96279848484863, 227.3939393939394, 152.0681818181818, 15.181818181818182
561, 520.3115, 159.38950000000003, 227.34848484848484, 152.87121212121212, 14.909090909090908
562, 519.983, 159.58406893939392, 227.49242424242425, 153.09848484848484, 15.068181818181818
563, 519.6545, 159.91609469696965, 227.31060606060606, 153.72727272727272, 15.219696969696969
564, 519.326, 159.94055909090895, 227.28787878787878, 153.78787878787878, 15.181818181818182
565, 518.9975, 160.22218181818164, 226.74242424242425, 154.49242424242425, 15.454545454545455
566, 518.669, 159.72129848484843, 226.1818181818182, 154.03787878787878, 14.871212121212121
567, 518.3405, 160.12153106060595, 226.12878787878788, 154.63636363636363, 15.43939393939394
568, 518.012, 160.24859090909086, 226.21212121212122, 154.8030303030303, 15.477272727272727
569, 517.6835, 160.63782954545462, 225.9469696969697, 155.53787878787878, 15.803030303030303
570, 517.355, 161.01276363636362, 226.3030303030303, 155.93939393939394, 16.09090909090909
571, 517.0265, 161.4529272727273, 226.4848484848485, 156.4848484848485, 16.666666666666668
572, 516.698, 161.3430037878787, 226.25, 156.4848484848485, 16.318181818181817
573, 516.3695, 162.0856340909092, 226.1590909090909, 157.77272727272728, 16.439393939393938
574, 516.041, 161.9202924242424, 225.86363636363637, 157.71212121212122, 16.075757575757574
575, 515.7125, 162.23274545454555, 225.87878787878788, 158.1969696969697, 16.28030303030303
576, 515.384, 162.26234469696976, 225.87121212121212, 158.24242424242425, 16.325757575757574
577, 515.0555, 162.64924393939395, 225.8939393939394, 158.9090909090909, 16.227272727272727
578, 514.727, 162.66427727272733, 225.86363636363637, 158.95454545454547, 16.204545454545453
579, 514.3985, 162.8628333333334, 225.0, 159.75757575757575, 16.075757575757574
580, 514.07, 163.12871742424235, 225.17424242424244, 160.0909090909091, 16.234848484848484
581, 513.7415, 163.1460613636363, 224.7651515151515, 160.37878787878788, 15.977272727272727
582, 513.413, 163.38493712121206, 224.9469696969697, 160.66666666666666, 16.113636363636363
583, 513.0845, 163.7918174242424, 224.47727272727272, 161.66666666666666, 15.765151515151516
584, 512.7560000000001, 163.64357348484845, 224.2651515151515, 161.5530303030303, 15.606060606060606
585, 512.4275, 163.48264242424239, 223.8030303030303, 161.58333333333334, 15.25
586, 512.099, 163.78111363636359, 224.0909090909091, 161.88636363636363, 15.553030303030303
587, 511.7705, 163.81769318181824, 223.67424242424244, 162.21969696969697, 15.25
588, 511.442, 163.99127651515155, 223.75, 162.46212121212122, 15.325757575757576
589, 511.11350000000004, 164.40850909090906, 223.6969696969697, 163.1969696969697, 15.340909090909092
590, 510.785, 164.30036893939393, 223.4318181818182, 163.17424242424244, 15.204545454545455
591, 510.4565, 164.3266409090907, 222.9848484848485, 163.4848484848485, 15.007575757575758
592, 510.12800000000004, 164.38143939393927, 222.95454545454547, 163.58333333333334, 15.06060606060606
593, 509.7995, 164.6082477272727, 222.67424242424244, 164.17424242424244, 14.742424242424242
594, 509.471, 164.37755454545442, 222.33333333333334, 164.0151515151515, 14.431818181818182
595, 509.14250000000004, 164.78313939393942, 222.0151515151515, 164.91666666666666, 14.181818181818182
596, 508.814, 164.86582272727273, 222.0, 165.0681818181818, 14.166666666666666
597, 508.4855, 165.3743780303031, 221.90151515151516, 166.03030303030303, 13.931818181818182
598, 508.15700000000004, 165.4532333333333, 221.9090909090909, 166.16666666666666, 13.901515151515152
599, 507.8285, 165.69992878787883, 221.16666666666666, 167.06060606060606, 13.409090909090908
600, 507.5, 165.76099621212123, 221.17424242424244, 167.16666666666666, 13.378787878787879
601, 507.17150000000004, 165.68647196969707, 220.58333333333334, 167.4318181818182, 12.909090909090908
602, 506.843, 165.7461734848485, 220.61363636363637, 167.5151515151515, 12.924242424242424
603, 506.5145, 166.15939015151514, 220.6439393939394, 168.17424242424244, 13.075757575757576
604, 506.18600000000004, 166.09326969696968, 220.33333333333334, 168.27272727272728, 12.803030303030303
605, 505.8575, 166.30591742424232, 219.46212121212122, 169.17424242424244, 12.31060606060606
606, 505.529, 166.23878257575754, 219.1439393939394, 169.29545454545453, 11.931818181818182
607, 505.20050000000003, 166.72840378787885, 219.0681818181818, 170.16666666666666, 11.93939393939394
608, 504.872, 166.5846318181818, 218.83333333333334, 170.1060606060606, 11.606060606060606
609, 504.5435, 167.092306060606, 218.3030303030303, 171.24242424242425, 11.598484848484848
610, 504.21500000000003, 166.77224242424242, 217.87878787878788, 171.0, 11.151515151515152
611, 503.8865, 167.0991484848485, 217.3030303030303, 171.95454545454547, 10.613636363636363
612, 503.558, 167.08608863636366, 217.1439393939394, 172.0530303030303, 10.409090909090908
613, 503.22950000000003, 167.65269621212116, 216.4469696969697, 173.43939393939394, 10.068181818181818
614, 502.901, 167.2804363636363, 215.93939393939394, 173.16666666666666, 9.537878787878787
615, 502.5725, 167.66704090909082, 215.12121212121212, 174.32575757575756, 9.106060606060606
616, 502.244, 167.83196666666674, 215.25757575757575, 174.5681818181818, 8.946969696969697
617, 501.9155, 168.0024098484848, 214.46212121212122, 175.36363636363637, 8.431818181818182
618, 501.587, 168.0186712121213, 214.42424242424244, 175.46212121212122, 8.166666666666666
619, 501.2585, 168.52448181818178, 214.34848484848484, 176.37121212121212, 8.121212121212121
620, 500.93, 168.34755984848488, 213.6439393939394, 176.52272727272728, 7.636363636363637
621, 500.6015, 168.67771969696983, 213.1060606060606, 177.4090909090909, 7.378787878787879
622, 500.273, 168.70251969696974, 212.45454545454547, 177.82575757575756, 7.159090909090909
623, 499.9445, 168.89644545454559, 212.06060606060606, 178.37878787878788, 7.045454545454546
624, 499.616, 168.8934575757576, 211.93939393939394, 178.45454545454547, 6.946969696969697
625, 499.2875, 169.22106969696972, 211.04545454545453, 179.50757575757575, 6.742424242424242
626, 498.959, 168.95815151515149, 210.6818181818182, 179.32575757575756, 6.325757575757576
627, 498.6305, 169.22233939393928, 209.93939393939394, 180.1818181818182, 6.181818181818182
628, 498.302, 169.40621742424236, 210.02272727272728, 180.43939393939394, 6.25
629, 497.9735, 169.6923757575758, 208.96969696969697, 181.3939393939394, 6.606060606060606
630, 497.645, 169.51477651515148, 208.67424242424244, 181.27272727272728, 6.446969696969697
631, 497.3165, 169.45789848484856, 207.53030303030303, 181.6818181818182, 6.840909090909091
632, 496.988, 169.8560462121212, 207.79545454545453, 182.15151515151516, 7.21969696969697
633, 496.6595, 170.22386893939392, 206.91666666666666, 183.0681818181818, 8.030303030303031
634, 496.331, 170.02544545454546, 206.37878787878788, 183.03787878787878, 7.856060606060606
635, 496.00250000000005, 169.98949015151507, 205.8560606060606, 183.20454545454547, 8.053030303030303
636, 495.674, 170.04575151515152, 205.21212121212122, 183.56060606060606, 8.401515151515152
637, 495.3455, 170.1789863636364, 204.6060606060606, 183.7651515151515, 10.106060606060606
638, 495.01700000000005, 169.6605303030302, 203.63636363636363, 183.42424242424244, 9.856060606060606
639, 494.6885, 170.05746363636374, 203.16666666666666, 184.1439393939394, 10.863636363636363
640, 494.36, 169.6674348484849, 202.3939393939394, 183.9318181818182, 10.56060606060606
641, 494.03150000000005, 170.5099121212122, 202.16666666666666, 185.1590909090909, 12.227272727272727
642, 493.703, 170.24929848484837, 201.4848484848485, 185.0681818181818, 12.196969696969697
643, 493.3745, 170.90647045454537, 201.0530303030303, 186.0530303030303, 14.022727272727273
644, 493.04600000000005, 170.51084090909083, 200.45454545454547, 185.75, 13.681818181818182
645, 492.7175, 170.75393181818183, 199.62121212121212, 186.3030303030303, 15.151515151515152
646, 492.389, 170.58583257575765, 199.32575757575756, 186.1818181818182, 15.075757575757576
647, 492.06050000000005, 171.18576818181825, 198.83333333333334, 187.15151515151516, 16.636363636363637
648, 491.732, 170.9528787878788, 198.4090909090909, 187.00757575757575, 16.446969696969695
649, 491.4035, 171.12126363636366, 197.5909090909091, 187.52272727272728, 17.416666666666668
650, 491.07500000000005, 170.97684696969702, 197.28787878787878, 187.45454545454547, 17.295454545454547
651, 490.7465, 171.06421060606044, 196.22727272727272, 188.07575757575756, 17.643939393939394
652, 490.418, 170.97784924242424, 195.90151515151516, 188.11363636363637, 17.545454545454547
653, 490.08950000000004, 170.98325984848492, 194.75, 188.56060606060606, 18.310606060606062
654, 489.761, 171.1686189393939, 194.71969696969697, 188.87121212121212, 18.416666666666668
655, 489.4325, 171.117928030303, 194.12878787878788, 189.16666666666666, 18.0
656, 489.10400000000004, 170.93109848484855, 193.78787878787878, 189.09848484848484, 17.606060606060606
657, 488.7755, 170.98334621212118, 192.82575757575756, 189.6818181818182, 17.583333333333332
658, 488.447, 170.63012424242422, 192.3181818181818, 189.46212121212122, 16.946969696969695
659, 488.11850000000004, 170.83510833333327, 191.41666666666666, 190.24242424242425, 17.09090909090909
660, 487.79, 171.05221893939392, 191.4469696969697, 190.6439393939394, 16.848484848484848
661, 487.4615, 171.1811083333333, 190.50757575757575, 191.42424242424244, 16.424242424242426
662, 487.13300000000004, 170.68136439393936, 189.8409090909091, 191.17424242424244, 15.075757575757576
663, 486.8045, 170.8284431818182, 189.12878787878788, 191.92424242424244, 14.371212121212121
664, 486.476, 170.66137499999996, 188.82575757575756, 192.09848484848484, 12.803030303030303
665, 486.14750000000004, 170.7421022727272, 187.91666666666666, 192.91666666666666, 11.681818181818182
666, 485.819, 170.45446590909097, 187.53787878787878, 192.96969696969697, 9.878787878787879
667, 485.4905, 170.55206818181819, 187.04545454545453, 193.5, 9.295454545454545
668, 485.16200000000003, 169.7313742424243, 185.87878787878788, 193.0681818181818, 7.378787878787879
669, 484.8335, 170.32499545454553, 185.65151515151516, 194.28787878787878, 6.901515151515151
670, 484.505, 170.16594772727282, 185.0681818181818, 194.47727272727272, 6.0606060606060606
671, 484.17650000000003, 170.16564469696962, 184.61363636363637, 194.78030303030303, 5.6893939393939394
672, 483.848, 169.33808181818168, 183.72727272727272, 194.04545454545453, 4.537878787878788
673, 483.5195, 170.1931469696969, 183.75757575757575, 195.4469696969697, 4.742424242424242
674, 483.19100000000003, 169.71289015151524, 183.1439393939394, 195.1060606060606, 3.893939393939394
675, 482.8625, 169.68637878787885, 182.04545454545453, 195.68939393939394, 3.537878787878788
676, 482.534, 169.8869606060605, 182.06060606060606, 196.04545454545453, 3.4242424242424243
677, 482.20550000000003, 170.0497446969697, 181.3409090909091, 196.7348484848485, 3.1893939393939394
678, 481.877, 170.00744545454552, 181.07575757575756, 196.82575757575756, 3.0454545454545454
679, 481.5485, 170.00686666666664, 180.12121212121212, 197.3181818181818, 3.007575757575758
680, 481.22, 169.8393893939394, 179.8181818181818, 197.2651515151515, 2.606060606060606
681, 480.8915, 169.819121969697, 179.08333333333334, 197.61363636363637, 2.5606060606060606
682, 480.563, 169.38102121212114, 178.57575757575756, 197.22727272727272, 2.037878787878788
683, 480.2345, 169.37518409090902, 178.08333333333334, 197.5151515151515, 1.7954545454545454
684, 479.906, 169.1201643939393, 177.4469696969697, 197.46212121212122, 1.5
685, 479.5775, 169.30045075757576, 176.78030303030303, 198.04545454545453, 1.8257575757575757
686, 479.249, 168.9913204545454, 176.18939393939394, 197.87121212121212, 1.5606060606060606
687, 478.9205, 168.6228909090908, 175.03030303030303, 197.84848484848484, 1.4848484848484849
688, 478.592, 168.39242954545463, 174.6439393939394, 197.68939393939394, 1.2954545454545454
689, 478.2635, 168.902728030303, 174.31060606060606, 198.66666666666666, 1.6136363636363635
690, 477.935, 168.58783181818177, 173.72727272727272, 198.47727272727272, 1.356060606060606
691, 477.6065, 168.56698863636362, 172.61363636363637, 199.0, 1.4015151515151516
692, 477.278, 168.1836242424242, 171.86363636363637, 198.78030303030303, 1.1363636363636365
693, 476.9495, 168.25187272727274, 171.1969696969697, 199.17424242424244, 1.4545454545454546
694, 476.621, 167.9955098484849, 170.6590909090909, 199.03787878787878, 1.3181818181818181
695, 476.2925, 168.08834848484858, 169.6969696969697, 199.62121212121212, 1.6515151515151516
696, 475.964, 167.72585454545447, 169.1060606060606, 199.3560606060606, 1.3863636363636365
697, 475.6355, 167.81345151515143, 168.13636363636363, 199.91666666666666, 1.8106060606060606
698, 475.307, 167.45799621212115, 167.61363636363637, 199.62878787878788, 1.5454545454545454
699, 474.97850000000005, 167.47936742424238, 166.78030303030303, 199.99242424242425, 2.0454545454545454
700, 474.65, 167.16151742424233, 166.03787878787878, 199.88636363636363, 1.75
701, 474.3215, 167.1683356060605, 165.20454545454547, 200.25757575757575, 2.0833333333333335
702, 473.99300000000005, 166.48680984848488, 163.79545454545453, 199.87878787878788, 1.75
703, 473.6645, 166.52814999999995, 163.12121212121212, 200.1439393939394, 2.515151515151515
704, 473.336, 166.26578863636362, 162.03787878787878, 200.15151515151516, 3.015151515151515
705, 473.00750000000005, 165.79853181818174, 160.5151515151515, 199.9469696969697, 3.962121212121212
706, 472.679, 165.66763560606057, 159.17424242424244, 200.22727272727272, 4.886363636363637
707, 472.3505, 165.76296136363638, 158.5681818181818, 200.38636363636363, 6.492424242424242
708, 472.02200000000005, 165.4073181818182, 156.43939393939394, 200.68939393939394, 7.393939393939394
709, 471.6935, 165.34301666666664, 155.74242424242425, 200.57575757575756, 9.242424242424242
710, 471.365, 165.4508772727272, 154.33333333333334, 201.2651515151515, 10.333333333333334
711, 471.03650000000005, 165.2383075757576, 153.21212121212122, 201.1590909090909, 11.954545454545455
712, 470.708, 164.58252196969696, 151.59848484848484, 200.81060606060606, 12.227272727272727
713, 470.3795, 164.36386969696974, 150.24242424242425, 200.8181818181818, 13.825757575757576
714, 470.05100000000004, 164.17038787878795, 149.6060606060606, 200.72727272727272, 14.265151515151516
715, 469.7225, 164.33621363636365, 148.84848484848484, 201.1439393939394, 15.56060606060606
716, 469.394, 164.06835530303036, 147.96212121212122, 201.02272727272728, 16.15909090909091
717, 469.06550000000004, 164.0128522727273, 146.8560606060606, 201.15151515151516, 17.90909090909091
718, 468.737, 163.10663939393942, 145.27272727272728, 200.42424242424244, 17.856060606060606
719, 468.4085, 163.0797106060606, 144.56060606060606, 200.5909090909091, 18.62878787878788
720, 468.08000000000004, 163.0710181818182, 144.06060606060606, 200.74242424242425, 19.083333333333332
721, 467.7515, 163.49500075757578, 143.62878787878788, 201.37121212121212, 20.696969696969695
722, 467.423, 163.05926060606058, 142.77272727272728, 201.0530303030303, 20.757575757575758
723, 467.09450000000004, 163.3638022727273, 141.97727272727272, 201.6590909090909, 22.393939393939394
724, 466.766, 163.46425454545457, 141.6969696969697, 201.87878787878788, 22.87878787878788
725, 466.4375, 163.34511060606047, 140.71212121212122, 201.92424242424244, 24.181818181818183
726, 466.10900000000004, 162.71627348484847, 139.61363636363637, 201.46969696969697, 23.886363636363637
727, 465.7805, 163.2057893939394, 139.22727272727272, 202.1060606060606, 25.916666666666668
728, 465.452, 163.23912499999997, 138.29545454545453, 202.5681818181818, 26.272727272727273
729, 465.12350000000004, 162.6813901515151, 137.08333333333334, 202.04545454545453, 27.25
730, 464.795, 162.11882499999996, 135.7651515151515, 201.83333333333334, 26.863636363636363
731, 464.4665, 162.3003386363636, 135.09848484848484, 202.2348484848485, 28.136363636363637
732, 464.13800000000003, 161.88219696969693, 133.86363636363637, 202.1439393939394, 28.174242424242426
733, 463.8095, 162.14448106060607, 133.21969696969697, 202.47727272727272, 30.446969696969695
734, 463.481, 161.78452121212132, 131.75757575757575, 202.5909090909091, 30.53787878787879
735, 463.15250000000003, 160.9891689393941, 130.20454545454547, 202.06060606060606, 30.363636363636363
736, 462.824, 160.42771969696963, 128.1060606060606, 202.27272727272728, 29.848484848484848
737, 462.4955, 160.47939545454548, 127.48484848484848, 202.41666666666666, 31.189393939393938
738, 462.16700000000003, 159.93191363636365, 125.25757575757575, 202.66666666666666, 30.939393939393938
739, 461.8385, 159.64710833333334, 124.06818181818181, 202.50757575757575, 32.378787878787875
740, 461.51, 158.88437499999998, 122.08333333333333, 202.24242424242425, 32.25757575757576
741, 461.1815, 158.72170833333334, 120.71969696969697, 202.27272727272728, 34.25
742, 460.853, 158.45786363636356, 119.24242424242425, 202.5151515151515, 34.56060606060606
743, 460.5245, 158.35941060606064, 118.0909090909091, 202.6439393939394, 36.053030303030305
744, 460.196, 157.87793030303024, 115.92424242424242, 202.91666666666666, 36.10606060606061
745, 459.8675, 157.23268939393938, 114.54545454545455, 202.31060606060606, 37.18181818181818
746, 459.539, 156.86712424242418, 112.54545454545455, 202.71212121212122, 37.15151515151515
747, 459.2105, 156.90082803030307, 111.71969696969697, 203.00757575757575, 38.09090909090909
748, 458.882, 156.20654621212122, 109.53787878787878, 202.91666666666666, 38.18939393939394
749, 458.5535, 155.7001310606061, 107.85606060606061, 202.54545454545453, 40.06818181818182
750, 458.225, 155.08861212121215, 105.77272727272727, 202.49242424242425, 40.43939393939394
751, 457.8965, 154.98391287878786, 104.6590909090909, 202.5530303030303, 42.128787878787875
752, 457.568, 154.29124015151527, 102.29545454545455, 202.5530303030303, 42.25
753, 457.2395, 153.9223431818182, 101.03787878787878, 202.15151515151516, 44.378787878787875
754, 456.911, 153.59310530303028, 98.87121212121212, 202.5909090909091, 44.90909090909091
755, 456.5825, 153.36435909090906, 97.77272727272727, 202.45454545454547, 46.484848484848484
756, 456.254, 152.62422272727275, 95.87878787878788, 202.17424242424244, 46.40151515151515
757, 455.9255, 152.33892499999996, 94.76515151515152, 201.92424242424244, 48.10606060606061
758, 455.597, 151.2657833333333, 92.77272727272727, 201.21212121212122, 47.583333333333336
759, 455.2685, 151.184528030303, 91.99242424242425, 201.00757575757575, 49.96969696969697
760, 454.94, 151.13992803030308, 91.02272727272727, 201.31060606060606, 50.56060606060606
761, 454.6115, 151.0987083333334, 90.26515151515152, 201.1818181818182, 52.84848484848485
762, 454.283, 151.16191212121208, 89.51515151515152, 201.57575757575756, 53.34090909090909
763, 453.95450000000005, 150.90127424242428, 88.77272727272727, 201.07575757575756, 55.57575757575758
764, 453.626, 150.4990022727272, 87.32575757575758, 201.07575757575756, 55.84090909090909
765, 453.2975, 150.41266136363637, 86.41666666666667, 201.00757575757575, 57.81818181818182
766, 452.96900000000005, 149.40558409090906, 84.76515151515152, 200.21969696969697, 57.371212121212125
767, 452.6405, 148.71800075757577, 83.47727272727273, 199.53787878787878, 58.22727272727273
768, 452.312, 148.58979090909088, 82.77272727272727, 199.6590909090909, 58.32575757575758
769, 451.98350000000005, 148.9548106060606, 82.42424242424242, 199.97727272727272, 60.803030303030305
770, 451.655, 148.7725340909091, 81.47727272727273, 200.11363636363637, 60.984848484848484
771, 451.3265, 148.2048, 80.03030303030303, 199.57575757575756, 62.56818181818182
772, 450.99800000000005, 147.679725, 78.88636363636364, 199.3181818181818, 62.28787878787879
773, 450.66949999999997, 147.99104242424238, 78.28787878787878, 199.70454545454547, 64.59848484848484
774, 450.341, 147.44040757575752, 77.21212121212122, 199.38636363636363, 64.22727272727273
775, 450.01250000000005, 147.01905227272724, 75.68939393939394, 199.18939393939394, 65.53787878787878
776, 449.684, 146.6352295454545, 74.67424242424242, 199.08333333333334, 65.37878787878788
777, 449.3555, 146.77620151515157, 73.96969696969697, 199.3409090909091, 67.13636363636364
778, 449.02700000000004, 146.05414318181818, 72.73484848484848, 198.84848484848484, 66.57575757575758
779, 448.6985, 146.03756590909097, 72.06818181818181, 198.97727272727272, 67.51515151515152
780, 448.37, 145.47424166666664, 70.8409090909091, 198.6969696969697, 67.23484848484848
781, 448.0415, 145.2607712121212, 69.48484848484848, 198.70454545454547, 68.87878787878788
782, 447.713, 144.56875378787888, 68.14393939393939, 198.28787878787878, 68.46969696969697
783, 447.3845, 144.10586136363634, 66.76515151515152, 198.1969696969697, 68.49242424242425
784, 447.05600000000004, 143.51770227272726, 65.5530303030303, 197.91666666666666, 67.95454545454545
785, 446.7275, 143.76026136363632, 65.18939393939394, 198.25757575757575, 69.28030303030303
786, 446.399, 143.50875075757577, 64.08333333333333, 198.43939393939394, 69.03787878787878
787, 446.07050000000004, 142.8177477272728, 62.52272727272727, 197.9318181818182, 69.68181818181819
788, 445.742, 141.51218181818183, 60.68181818181818, 196.88636363636363, 68.43939393939394
789, 445.4135, 141.36893333333327, 59.60606060606061, 196.9090909090909, 69.88636363636364
790, 445.08500000000004, 141.26931060606054, 59.09090909090909, 197.00757575757575, 69.85606060606061
791, 444.7565, 141.1268901515152, 57.916666666666664, 197.08333333333334, 71.29545454545455
792, 444.428, 140.44669924242422, 56.79545454545455, 196.59848484848484, 70.76515151515152
793, 444.09950000000003, 140.48264318181816, 56.06818181818182, 196.8181818181818, 71.85606060606061
794, 443.771, 139.9421174242425, 54.96212121212121, 196.56060606060606, 71.3409090909091
795, 443.4425, 139.59681363636366, 53.75757575757576, 196.46212121212122, 71.97727272727273
796, 443.11400000000003, 139.22198863636362, 52.765151515151516, 196.33333333333334, 71.95454545454545
797, 442.7855, 139.21155151515148, 51.90909090909091, 196.3939393939394, 73.79545454545455
798, 442.457, 138.33881818181814, 50.45454545454545, 195.72727272727272, 73.38636363636364
799, 442.12850000000003, 137.77008106060606, 49.11363636363637, 195.34848484848484, 73.86363636363636
800, 441.8, 137.59231439393943, 48.446969696969695, 195.3939393939394, 73.81818181818181
801, 441.4715, 137.65526363636363, 47.515151515151516, 195.5151515151515, 76.18939393939394
802, 441.14300000000003, 137.32981136363642, 46.583333333333336, 195.4469696969697, 76.12878787878788
803, 440.8145, 137.17615833333332, 45.53787878787879, 195.3409090909091, 78.06818181818181
804, 440.486, 136.42264318181813, 44.17424242424242, 194.8560606060606, 77.53030303030303
805, 440.1575, 136.0937901515152, 42.85606060606061, 194.52272727272728, 79.81818181818181
806, 439.829, 135.11366287878786, 41.02272727272727, 193.8939393939394, 79.26515151515152
807, 439.5005, 134.68644696969704, 39.77272727272727, 193.4848484848485, 80.90151515151516
808, 439.172, 134.01231060606062, 38.333333333333336, 193.1590909090909, 80.43939393939394
809, 438.8435, 133.84949469696966, 37.09848484848485, 193.15151515151516, 82.28787878787878
810, 438.515, 132.89997500000004, 35.553030303030305, 192.46212121212122, 81.56060606060606
811, 438.1865, 132.49880454545453, 34.378787878787875, 192.15151515151516, 82.71969696969697
812, 437.858, 131.82280681818187, 32.765151515151516, 191.83333333333334, 82.6590909090909
813, 437.5295, 132.3196818181818, 32.5, 192.29545454545453, 85.33333333333333
814, 437.201, 131.86233257575753, 31.143939393939394, 192.1818181818182, 85.46212121212122
815, 436.8725, 131.7726037878788, 30.25, 192.25757575757575, 86.62878787878788
816, 436.544, 130.86737878787872, 28.78787878787879, 191.5909090909091, 85.95454545454545
817, 436.2155, 130.31051590909095, 27.189393939393938, 191.25757575757575, 86.97727272727273
818, 435.887, 129.5322083333333, 25.71969696969697, 190.77272727272728, 86.5
819, 435.55850000000004, 129.54541818181818, 24.757575757575758, 190.93939393939394, 88.28030303030303
820, 435.23, 128.57552954545446, 22.96212121212121, 190.34848484848484, 87.52272727272727
821, 434.9015, 128.48913409090912, 21.916666666666668, 190.43939393939394, 89.03787878787878
822, 434.57300000000004, 127.82824545454547, 20.575757575757574, 190.07575757575756, 88.62878787878788
823, 434.2445, 127.67479090909089, 19.28787878787879, 190.12878787878788, 90.38636363636364
824, 433.916, 127.02091666666665, 17.803030303030305, 189.86363636363637, 89.9090909090909
825, 433.58750000000003, 127.0557462121212, 17.15909090909091, 189.92424242424244, 91.5909090909091
826, 433.259, 126.70197878787877, 16.196969696969695, 189.8409090909091, 91.43939393939394
827, 432.9305, 126.35332424242422, 15.318181818181818, 189.50757575757575, 92.40151515151516
828, 432.60200000000003, 125.56931818181816, 13.409090909090908, 189.25, 91.85606060606061
829, 432.2735, 125.33439772727274, 12.31060606060606, 189.1060606060606, 93.41666666666667
830, 431.945, 125.10512121212119, 11.43939393939394, 189.1590909090909, 93.41666666666667
831, 431.61650000000003, 124.99524015151518, 10.856060606060606, 189.0909090909091, 94.33333333333333
832, 431.288, 124.00048409090904, 9.553030303030303, 188.2348484848485, 93.43181818181819
833, 430.9595, 123.72928030303024, 8.636363636363637, 187.99242424242425, 94.70454545454545
834, 430.63100000000003, 123.10309545454547, 7.681818181818182, 187.5, 94.25
835, 430.3025, 122.84904848484847, 6.787878787878788, 187.25757575757575, 95.61363636363636
836, 429.974, 122.58656742424246, 6.21969696969697, 187.0909090909091, 95.6590909090909
837, 429.6455, 122.58431666666665, 5.545454545454546, 187.12878787878788, 97.21212121212122
838, 429.317, 121.51119696969693, 4.393939393939394, 186.06060606060606, 96.31818181818181
839, 428.9885, 121.28958409090914, 3.7045454545454546, 185.70454545454547, 98.01515151515152
840, 428.66, 121.24765606060612, 3.515151515151515, 185.70454545454547, 98.14393939393939
841, 428.3315, 120.9056446969697, 3.022727272727273, 185.16666666666666, 99.20454545454545
842, 428.003, 120.37774090909092, 2.515151515151515, 184.62878787878788, 98.67424242424242
843, 427.6745, 120.38125454545451, 2.5303030303030303, 184.41666666666666, 99.75757575757575
844, 427.346, 119.85618333333336, 2.0303030303030303, 183.81060606060606, 99.58333333333333
845, 427.0175, 120.48895681818183, 2.25, 184.25, 102.29545454545455
846, 426.689, 120.22037424242426, 2.015151515151515, 183.9090909090909, 102.31060606060606
847, 426.3605, 120.26046893939399, 2.053030303030303, 183.77272727272728, 103.26515151515152
848, 426.03200000000004, 119.90328863636363, 1.7348484848484849, 183.3939393939394, 102.91666666666667
849, 425.7035, 120.45089469696971, 2.1893939393939394, 183.78787878787878, 104.5
850, 425.375, 119.96329318181824, 1.6893939393939394, 183.3030303030303, 104.03030303030303
851, 425.04650000000004, 119.9445136363637, 1.8333333333333333, 182.96969696969697, 105.20454545454545
852, 424.718, 119.41887575757566, 1.4696969696969697, 182.37121212121212, 104.62878787878788
853, 424.3895, 119.1081393939394, 1.4090909090909092, 181.71969696969697, 105.41666666666667
854, 424.06100000000004, 118.7239166666667, 1.1363636363636365, 181.28787878787878, 104.98484848484848
855, 423.7325, 119.0765151515151, 1.8181818181818181, 181.3030303030303, 106.21212121212122
856, 423.404, 118.33017499999997, 1.2045454545454546, 180.5, 105.4090909090909
857, 423.07550000000003, 118.40097878787884, 1.6515151515151516, 180.1590909090909, 106.61363636363636
858, 422.747, 117.74397499999989, 1.1590909090909092, 179.4318181818182, 105.88636363636364
859, 422.4185, 117.8663719696969, 1.356060606060606, 179.4090909090909, 106.56060606060606
860, 422.09000000000003, 117.55365075757574, 1.2196969696969697, 179.00757575757575, 106.24242424242425
861, 421.7615, 117.49965151515144, 1.5151515151515151, 178.4090909090909, 108.07575757575758
862, 421.433, 116.88202727272726, 1.0909090909090908, 177.6818181818182, 107.51515151515152
863, 421.10450000000003, 117.34754696969702, 1.5757575757575757, 177.9469696969697, 108.96212121212122
864, 420.776, 117.18925378787884, 1.4015151515151516, 177.79545454545453, 108.81060606060606
865, 420.4475, 117.14025454545458, 1.393939393939394, 177.4848484848485, 110.0
866, 420.119, 116.8044000000001, 1.2272727272727273, 177.0681818181818, 109.63636363636364
867, 419.7905, 117.06323939393943, 1.4696969696969697, 177.00757575757575, 111.58333333333333
868, 419.462, 117.02556212121223, 1.4242424242424243, 176.96212121212122, 111.60606060606061
869, 419.1335, 116.88240378787879, 1.4166666666666667, 176.4469696969697, 113.02272727272727
870, 418.805, 116.38294469696972, 1.0075757575757576, 175.90151515151516, 112.52272727272727
871, 418.4765, 116.4748803030303, 1.4242424242424243, 175.50757575757575, 114.26515151515152
872, 418.148, 116.04194999999996, 1.0303030303030303, 175.0530303030303, 113.8409090909091
873, 417.8195, 115.82140075757572, 1.371212121212121, 174.27272727272728, 115.03030303030303
874, 417.491, 115.43165681818184, 1.0833333333333333, 173.83333333333334, 114.62878787878788
875, 417.1625, 115.54730757575754, 1.5454545454545454, 173.62878787878788, 115.48484848484848
876, 416.834, 115.265456060606, 1.2727272727272727, 173.32575757575756, 115.28787878787878
877, 416.5055, 115.2224590909091, 1.696969696969697, 172.58333333333334, 117.62121212121212
878, 416.177, 114.35379848484843, 1.0303030303030303, 171.61363636363637, 116.74242424242425
879, 415.8485, 114.73058409090915, 1.5833333333333333, 171.81060606060606, 117.58333333333333
880, 415.52, 114.14871136363637, 1.143939393939394, 171.16666666666666, 116.9469696969697
881, 415.1915, 113.93817424242424, 1.2121212121212122, 170.53787878787878, 118.1590909090909
882, 414.863, 113.86226212121208, 1.2424242424242424, 170.41666666666666, 118.03787878787878
883, 414.53450000000004, 113.84284318181814, 1.4924242424242424, 170.06060606060606, 119.04545454545455
884, 414.206, 113.50641666666672, 1.2878787878787878, 169.66666666666666, 118.6590909090909
885, 413.8775, 113.26696818181816, 1.378787878787879, 168.96969696969697, 119.9090909090909
886, 413.54900000000004, 113.03041742424243, 1.2803030303030303, 168.67424242424244, 119.61363636363636
887, 413.2205, 113.47131893939395, 1.8106060606060606, 168.82575757575756, 121.31060606060606
888, 412.892, 112.74403863636363, 1.2045454545454546, 168.04545454545453, 120.53787878787878
889, 412.56350000000003, 112.87188712121215, 1.6590909090909092, 167.87878787878788, 121.32575757575758
890, 412.235, 112.19833257575758, 1.143939393939394, 167.13636363636363, 120.5909090909091
891, 411.9065, 112.30627121212122, 1.378787878787879, 167.12121212121212, 121.0
892, 411.57800000000003, 111.88641287878791, 1.0984848484848484, 166.6060606060606, 120.70454545454545
893, 411.2495, 112.04432121212122, 1.7878787878787878, 166.21212121212122, 122.31060606060606
894, 410.921, 111.32990151515152, 1.2121212121212122, 165.40151515151516, 121.72727272727273
895, 410.59250000000003, 111.43756893939394, 1.356060606060606, 165.3939393939394, 122.33333333333333
896, 410.264, 111.27614848484848, 1.2424242424242424, 165.21212121212122, 122.15151515151516
897, 409.9355, 110.88337348484852, 0.9621212121212122, 164.61363636363637, 122.52272727272727
898, 409.607, 111.088843939394, 1.1818181818181819, 164.81060606060606, 122.73484848484848
899, 409.2785, 111.28143030303032, 1.606060606060606, 164.66666666666666, 124.0530303030303
900, 408.95, 110.79971212121215, 1.2121212121212122, 164.13636363636363, 123.5909090909091
901, 408.6215, 110.27264848484849, 1.2424242424242424, 163.03030303030303, 124.58333333333333
902, 408.293, 110.02624545454549, 1.106060606060606, 162.71969696969697, 124.37878787878788
903, 407.9645, 110.09893409090911, 1.643939393939394, 162.21212121212122, 126.21969696969697
904, 407.636, 109.65592045454547, 1.3257575757575757, 161.71212121212122, 125.74242424242425
905, 407.3075, 109.09783181818186, 1.378787878787879, 160.5151515151515, 126.87121212121212
906, 406.979, 108.66136590909099, 1.0378787878787878, 160.03787878787878, 126.39393939393939
907, 406.6505, 108.66682045454552, 1.3409090909090908, 159.70454545454547, 127.36363636363636
908, 406.322, 107.64958939393945, 0.7727272727272727, 158.42424242424244, 126.52272727272727
909, 405.9935, 107.60700303030303, 1.7121212121212122, 157.38636363636363, 129.03030303030303
910, 405.665, 106.98686590909095, 1.2651515151515151, 156.6060606060606, 128.78030303030303
911, 405.3365, 106.9112515151515, 1.5757575757575757, 156.1969696969697, 129.4090909090909
912, 405.00800000000004, 106.0430469696969, 0.9696969696969697, 155.20454545454547, 128.49242424242425
913, 404.6795, 105.81248106060605, 1.1742424242424243, 154.45454545454547, 129.79545454545453
914, 404.351, 105.50477803030306, 1.0075757575757576, 154.0681818181818, 129.52272727272728
915, 404.02250000000004, 105.73196742424241, 1.8409090909090908, 153.6439393939394, 131.5151515151515
916, 403.694, 105.07355075757575, 1.3863636363636365, 152.87878787878788, 130.87121212121212
917, 403.3655, 104.3591189393939, 1.5378787878787878, 151.37121212121212, 131.96969696969697
918, 403.03700000000003, 103.77172499999995, 1.0833333333333333, 150.71969696969697, 131.36363636363637
919, 402.7085, 103.31948939393939, 1.3181818181818181, 149.6060606060606, 132.5151515151515
920, 402.38, 102.87626590909085, 1.053030303030303, 149.07575757575756, 132.0530303030303
921, 402.05150000000003, 103.19399318181819, 1.5833333333333333, 148.99242424242425, 133.87878787878788
922, 401.723, 102.47518560606065, 0.946969696969697, 148.22727272727272, 133.1818181818182
923, 401.3945, 103.13287424242432, 1.7878787878787878, 148.6590909090909, 134.52272727272728
924, 401.06600000000003, 102.29446590909097, 1.0984848484848484, 147.7348484848485, 133.7348484848485
925, 400.7375, 102.12594469696968, 1.3863636363636365, 146.9848484848485, 135.36363636363637
926, 400.409, 102.14400000000003, 1.4393939393939394, 146.96212121212122, 135.5
927, 400.08050000000003, 102.16369999999998, 1.7121212121212122, 146.78030303030303, 135.8939393939394
928, 399.752, 101.1828287878788, 1.0303030303030303, 145.67424242424244, 134.77272727272728
929, 399.4235, 101.21325606060601, 1.303030303030303, 145.31060606060606, 136.1969696969697
930, 399.095, 100.76217878787875, 1.0909090909090908, 144.75757575757575, 135.6439393939394
931, 398.7665, 100.94982500000005, 1.8257575757575757, 144.34848484848484, 137.46969696969697
932, 398.438, 100.4916613636364, 1.4924242424242424, 143.83333333333334, 136.97727272727272
933, 398.1095, 99.91480984848484, 1.6742424242424243, 142.62121212121212, 137.6818181818182
934, 397.781, 99.69212196969696, 1.356060606060606, 142.4318181818182, 137.53787878787878
935, 397.4525, 99.17333787878789, 1.7727272727272727, 141.16666666666666, 138.4090909090909
936, 397.124, 98.963, 1.5909090909090908, 140.9318181818182, 138.25
937, 396.7955, 98.70152348484845, 1.8863636363636365, 140.21969696969697, 138.84848484848484
938, 396.467, 98.07560151515156, 1.4090909090909092, 139.53030303030303, 138.1590909090909
939, 396.1385, 97.9538121212121, 1.7272727272727273, 139.0151515151515, 138.9090909090909
940, 395.81, 97.1399734848485, 1.1742424242424243, 138.0530303030303, 138.17424242424244
941, 395.4815, 96.69734848484845, 1.8181818181818181, 136.56060606060606, 140.28787878787878
942, 395.153, 96.16101818181815, 1.5606060606060606, 135.8560606060606, 139.88636363636363
943, 394.8245, 95.71334015151514, 1.5227272727272727, 135.03030303030303, 140.31060606060606
944, 394.496, 95.32165833333337, 1.2196969696969697, 134.5909090909091, 139.9318181818182
945, 394.1675, 95.0186106060606, 1.5454545454545454, 133.6439393939394, 141.29545454545453
946, 393.839, 94.31347348484847, 1.1742424242424243, 132.78030303030303, 140.53030303030303
947, 393.51050000000004, 93.86286893939399, 1.5378787878787878, 131.53030303030303, 142.06060606060606
948, 393.182, 92.95402348484846, 0.9772727272727273, 130.4469696969697, 141.13636363636363
949, 392.8535, 92.86109318181818, 1.7196969696969697, 129.6060606060606, 142.70454545454547
950, 392.52500000000003, 92.12700909090907, 1.2727272727272727, 128.72727272727272, 141.96212121212122
951, 392.1965, 91.3957674242424, 1.5681818181818181, 127.0530303030303, 143.3939393939394
952, 391.868, 90.59951969696971, 1.0909090909090908, 126.09848484848484, 142.57575757575756
953, 391.53950000000003, 90.87758712121212, 1.7803030303030303, 125.86363636363636, 144.41666666666666
954, 391.211, 89.84669090909087, 1.121212121212121, 124.66666666666667, 143.2651515151515
955, 390.8825, 89.84422272727271, 1.4848484848484849, 124.32575757575758, 144.04545454545453
956, 390.55400000000003, 89.25056212121206, 1.196969696969697, 123.57575757575758, 143.45454545454547
957, 390.2255, 88.82247651515151, 1.6742424242424243, 122.36363636363636, 144.68939393939394
958, 389.897, 88.38075757575753, 1.4393939393939394, 121.79545454545455, 144.3560606060606
959, 389.56850000000003, 88.2212583333333, 1.5833333333333333, 121.36363636363636, 144.8030303030303
960, 389.24, 87.48562348484847, 1.1893939393939394, 120.47727272727273, 143.9469696969697
961, 388.9115, 87.13318787878792, 1.4545454545454546, 119.62121212121212, 144.5681818181818
962, 388.583, 86.28565454545455, 0.8787878787878788, 118.65151515151516, 143.63636363636363
963, 388.2545, 86.241, 1.5909090909090908, 117.93181818181819, 145.08333333333334
964, 387.926, 85.87319772727272, 1.2045454545454546, 117.56818181818181, 144.74242424242425
965, 387.5975, 85.68962727272726, 1.7575757575757576, 116.75757575757575, 145.8560606060606
966, 387.269, 85.13891818181816, 1.3484848484848484, 116.14393939393939, 145.25757575757575
967, 386.9405, 84.68617348484845, 1.8257575757575757, 114.95454545454545, 146.1590909090909
968, 386.612, 83.96905984848483, 1.2954545454545454, 114.15151515151516, 145.3939393939394
969, 386.2835, 83.58373257575752, 1.4621212121212122, 113.29545454545455, 145.9848484848485
970, 385.955, 83.27221515151516, 1.4090909090909092, 112.87121212121212, 145.57575757575756
971, 385.6265, 82.65884924242421, 1.2803030303030303, 111.92424242424242, 145.4090909090909
972, 385.298, 82.22157878787878, 1.1818181818181819, 111.3030303030303, 145.03030303030303
973, 384.9695, 81.61924545454546, 1.7121212121212122, 109.78030303030303, 146.1969696969697
974, 384.641, 81.08880909090911, 1.378787878787879, 109.12878787878788, 145.77272727272728
975, 384.3125, 80.76575378787875, 1.4015151515151516, 108.52272727272727, 146.0
976, 383.98400000000004, 80.31632121212114, 1.106060606060606, 108.00757575757575, 145.4848484848485
977, 383.6555, 80.4543696969697, 1.5303030303030303, 107.85606060606061, 146.36363636363637
978, 383.327, 79.97709999999995, 1.2727272727272727, 107.27272727272727, 145.8560606060606
979, 382.99850000000004, 79.67293712121207, 1.8409090909090908, 106.26515151515152, 146.88636363636363
980, 382.67, 78.96524318181818, 1.4318181818181819, 105.4090909090909, 146.1590909090909
981, 382.3415, 78.20570833333332, 1.628787878787879, 103.95454545454545, 146.46969696969697
982, 382.01300000000003, 77.63543787878784, 1.303030303030303, 103.26515151515152, 145.87121212121212
983, 381.6845, 76.81749393939393, 1.3484848484848484, 101.75, 146.37878787878788
984, 381.356, 75.94373636363635, 0.9696969696969697, 100.65151515151516, 145.36363636363637
985, 381.02750000000003, 76.17420000000001, 1.6363636363636365, 100.45454545454545, 146.65151515151516
986, 380.699, 75.61904469696968, 1.2954545454545454, 99.8030303030303, 146.03030303030303
987, 380.3705, 75.3523303030303, 1.621212121212121, 99.11363636363636, 146.38636363636363
988, 380.04200000000003, 74.80921893939396, 1.2954545454545454, 98.4469696969697, 145.9090909090909
989, 379.7135, 74.62536818181817, 1.7727272727272727, 97.68181818181819, 146.9848484848485
990, 379.385, 74.15701439393942, 1.5227272727272727, 97.08333333333333, 146.61363636363637
991, 379.0565, 73.43887272727268, 1.5, 95.93181818181819, 146.3030303030303
992, 378.728, 73.08794924242422, 1.2651515151515151, 95.52272727272727, 145.9469696969697
993, 378.3995, 72.55451212121214, 1.696969696969697, 94.34848484848484, 146.1818181818182
994, 378.071, 71.4314310606061, 0.9166666666666666, 93.06060606060606, 145.00757575757575
995, 377.7425, 71.24174318181817, 1.8106060606060606, 91.99242424242425, 146.5
996, 377.414, 70.26534166666669, 1.2045454545454546, 90.83333333333333, 145.49242424242425
997, 377.0855, 69.82165606060607, 1.8484848484848484, 89.58333333333333, 146.34848484848484
998, 376.757, 68.76608409090909, 1.128787878787879, 88.35606060606061, 145.29545454545453
999, 376.4285, 68.33353181818184, 1.803030303030303, 87.07575757575758, 146.32575757575756
1000, 376.1, 67.55798939393944, 1.3181818181818181, 86.15151515151516, 145.5530303030303
1001, 375.7715, 67.04469393939395, 1.9242424242424243, 84.82575757575758, 146.28787878787878
1002, 375.443, 66.09661969696974, 1.303030303030303, 83.71969696969697, 145.29545454545453
1003, 375.1145, 65.44125681818183, 1.2954545454545454, 82.5909090909091, 145.37878787878788
1004, 374.786, 64.61557121212118, 0.9545454545454546, 81.46969696969697, 144.8030303030303
1005, 374.4575, 63.895421212121164, 1.7727272727272727, 79.53787878787878, 146.28787878787878
1006, 374.129, 62.72260606060609, 1.2121212121212122, 78.01515151515152, 145.31060606060606
1007, 373.8005, 62.521789393939386, 1.5757575757575757, 77.38636363636364, 145.83333333333334
1008, 373.472, 62.1270272727273, 1.3181818181818181, 76.93181818181819, 145.38636363636363
1009, 373.1435, 61.53528560606061, 1.3863636363636365, 75.82575757575758, 145.71212121212122
1010, 372.815, 61.683611363636366, 1.6136363636363635, 75.93181818181819, 145.87121212121212
1011, 372.48650000000004, 61.44136439393939, 2.265151515151515, 74.91666666666667, 147.2651515151515
1012, 372.158, 60.57949696969695, 1.621212121212121, 73.9469696969697, 146.38636363636363
1013, 371.8295, 60.203165151515186, 1.9090909090909092, 72.96212121212122, 147.40151515151516
1014, 371.50100000000003, 59.4643893939394, 1.4848484848484849, 72.06818181818181, 146.63636363636363
1015, 371.1725, 58.9530643939394, 1.628787878787879, 71.00757575757575, 147.2348484848485
1016, 370.844, 58.780649242424296, 1.5378787878787878, 70.79545454545455, 147.0530303030303
1017, 370.51550000000003, 58.38751742424241, 2.25, 69.64393939393939, 147.66666666666666
1018, 370.187, 57.69601060606058, 1.6363636363636365, 68.91666666666667, 146.95454545454547
1019, 369.8585, 57.730975, 2.0681818181818183, 68.61363636363636, 147.68939393939394
1020, 369.53000000000003, 57.068391666666685, 1.6893939393939394, 67.79545454545455, 147.08333333333334
1021, 369.2015, 56.708912878787906, 2.0833333333333335, 66.75, 148.28030303030303
1022, 368.873, 55.859511363636344, 1.553030303030303, 65.73484848484848, 147.4469696969697
1023, 368.5445, 55.28152348484847, 1.4318181818181819, 64.85606060606061, 147.21969696969697
1024, 368.216, 54.8507446969697, 1.3409090909090908, 64.28030303030303, 146.6439393939394
1025, 367.8875, 54.88141136363634, 1.643939393939394, 64.00757575757575, 147.52272727272728
1026, 367.559, 54.6192515151515, 1.4242424242424243, 63.72727272727273, 147.24242424242425
1027, 367.2305, 54.553499242424245, 2.128787878787879, 63.06818181818182, 148.21212121212122
1028, 366.902, 54.07174545454544, 1.6363636363636365, 62.59090909090909, 147.7348484848485
1029, 366.5735, 53.5163765151515, 1.9166666666666667, 61.46969696969697, 147.90151515151516
1030, 366.245, 53.24804242424241, 1.696969696969697, 61.18181818181818, 147.6060606060606
1031, 365.9165, 53.50091590909093, 2.5833333333333335, 60.878787878787875, 149.06060606060606
1032, 365.588, 52.59566363636364, 1.7727272727272727, 59.93181818181818, 148.12121212121212
1033, 365.2595, 51.63527424242423, 1.9545454545454546, 58.25757575757576, 147.8409090909091
1034, 364.931, 51.08637348484849, 1.4924242424242424, 57.666666666666664, 147.28030303030303
1035, 364.6025, 50.49323863636362, 1.628787878787879, 56.65151515151515, 146.9469696969697
1036, 364.274, 50.21125909090908, 1.4242424242424243, 56.31060606060606, 146.7651515151515
1037, 363.9455, 49.816061363636344, 2.1893939393939394, 55.121212121212125, 147.41666666666666
1038, 363.617, 48.86494318181817, 1.7803030303030303, 53.916666666666664, 146.34848484848484
1039, 363.2885, 48.72582727272725, 2.0303030303030303, 53.53030303030303, 146.46212121212122
1040, 362.96000000000004, 47.87224772727271, 1.3863636363636365, 52.59090909090909, 145.5
1041, 362.6315, 47.56465909090908, 1.9696969696969697, 51.67424242424242, 145.99242424242425
1042, 362.303, 47.01012272727272, 1.6515151515151516, 51.015151515151516, 145.3560606060606
1043, 361.97450000000003, 46.35850075757575, 1.9621212121212122, 49.79545454545455, 145.1060606060606
1044, 361.646, 45.80289015151514, 1.628787878787879, 49.13636363636363, 144.5
1045, 361.3175, 45.45199696969696, 1.9242424242424243, 48.29545454545455, 144.97727272727272
1046, 360.98900000000003, 44.784991666666656, 1.5227272727272727, 47.515151515151516, 144.1969696969697
1047, 360.6605, 45.145404545454554, 2.242424242424242, 47.628787878787875, 144.88636363636363
1048, 360.332, 44.809840909090916, 1.9696969696969697, 47.265151515151516, 144.53030303030303
1049, 360.00350000000003, 43.713635606060606, 1.75, 45.57575757575758, 144.18939393939394
1050, 359.675, 43.885187121212105, 1.8409090909090908, 45.78787878787879, 144.36363636363637
1051, 359.3465, 44.35105378787879, 2.4166666666666665, 46.15151515151515, 145.0681818181818
1052, 359.01800000000003, 42.87767954545454, 1.3106060606060606, 44.515151515151516, 143.46969696969697
1053, 358.6895, 43.06954696969698, 2.0303030303030303, 44.265151515151516, 144.5530303030303
1054, 358.361, 42.927351515151514, 2.090909090909091, 44.03030303030303, 144.3560606060606
1055, 358.0325, 42.28311666666665, 1.8636363636363635, 43.15151515151515, 143.82575757575756
1056, 357.704, 41.85298863636361, 1.553030303030303, 42.666666666666664, 143.36363636363637
1057, 357.3755, 41.92250833333334, 2.265151515151515, 42.36363636363637, 143.66666666666666
1058, 357.047, 41.09729166666664, 1.7045454545454546, 41.42424242424242, 142.7348484848485
1059, 356.7185, 40.82437121212122, 1.9696969696969697, 40.82575757575758, 142.72727272727272
1060, 356.39, 40.12636515151515, 1.5, 40.03030303030303, 141.9318181818182
1061, 356.0615, 40.06630075757575, 1.9166666666666667, 39.63636363636363, 142.3409090909091
1062, 355.733, 39.8316409090909, 1.8484848484848484, 39.32575757575758, 142.06060606060606
1063, 355.4045, 39.75416363636366, 2.0757575757575757, 39.053030303030305, 142.18939393939394
1064, 355.076, 38.80734090909088, 1.5909090909090908, 37.90909090909091, 141.04545454545453
1065, 354.7475, 39.03520757575757, 1.9393939393939394, 38.02272727272727, 141.54545454545453
1066, 354.419, 38.64296969696969, 1.893939393939394, 37.49242424242424, 140.95454545454547
1067, 354.0905, 38.516574242424255, 1.6818181818181819, 37.39393939393939, 140.9090909090909
1068, 353.762, 38.426377272727265, 1.8333333333333333, 37.196969696969695, 140.7348484848485
1069, 353.4335, 38.251112878787886, 2.2803030303030303, 36.60606060606061, 141.0681818181818
1070, 353.105, 37.925096969696966, 2.0606060606060606, 36.22727272727273, 140.7348484848485
1071, 352.7765, 37.45576439393939, 1.9015151515151516, 35.59848484848485, 140.27272727272728
1072, 352.448, 36.71169015151516, 1.4318181818181819, 34.734848484848484, 139.42424242424244
1073, 352.1195, 36.92590378787878, 1.946969696969697, 34.77272727272727, 139.75757575757575
1074, 351.791, 36.563004545454554, 1.621212121212121, 34.39393939393939, 139.37878787878788
1075, 351.46250000000003, 36.49050151515153, 2.106060606060606, 34.0, 139.5
1076, 351.134, 36.04530530303029, 1.7954545454545454, 33.49242424242424, 139.02272727272728
1077, 350.8055, 36.05081515151517, 2.227272727272727, 33.234848484848484, 139.2651515151515
1078, 350.47700000000003, 35.201390151515156, 1.553030303030303, 32.31060606060606, 138.3409090909091
1079, 350.1485, 34.9510424242424, 1.696969696969697, 31.818181818181817, 138.3030303030303
1080, 349.82, 34.9204977272727, 1.6893939393939394, 31.78030303030303, 138.25
1081, 349.49150000000003, 34.57398636363636, 1.7272727272727273, 31.204545454545453, 138.07575757575756
1082, 349.163, 34.45509848484846, 1.6666666666666667, 31.068181818181817, 137.8939393939394
1083, 348.8345, 34.40617045454547, 1.7803030303030303, 30.916666666666668, 137.9469696969697
1084, 348.50600000000003, 33.630443939393935, 1.393939393939394, 29.977272727272727, 136.99242424242425
1085, 348.1775, 34.05172575757575, 2.3636363636363638, 30.03787878787879, 137.83333333333334
1086, 347.849, 32.81437954545456, 1.5075757575757576, 28.643939393939394, 136.40151515151516
1087, 347.5205, 32.82074090909091, 1.6818181818181819, 28.545454545454547, 136.50757575757575
1088, 347.192, 32.909015909090904, 1.8106060606060606, 28.62878787878788, 136.5151515151515
1089, 346.8635, 32.97216287878788, 2.159090909090909, 28.553030303030305, 136.54545454545453
1090, 346.535, 32.06317878787877, 1.5454545454545454, 27.53030303030303, 135.4469696969697
